District,Year,Month,Lat,Lon,Rainfall_mm,DMI,ONI,MJO_Phase,MJO_Amp
Bengaluru Urban,2000,1,12.97,77.59,0.0,-0.125,-1.66,3.7096774193548385,0.6000893251612903
Bengaluru Urban,2000,2,12.97,77.59,14.658233046531677,-0.009,-1.41,3.793103448275862,1.1428570703448275
Bengaluru Urban,2000,3,12.97,77.59,2.797484815120697,0.141,-1.07,3.3870967741935485,0.9157557180645162
Bengaluru Urban,2000,4,12.97,77.59,23.76590660214424,0.141,-0.81,4.533333333333333,0.9053602656666667
Bengaluru Urban,2000,5,12.97,77.59,25.33929169178009,0.113,-0.71,5.483870967741935,0.9960924206451613
Bengaluru Urban,2000,6,12.97,77.59,43.549197405576706,-0.022,-0.64,4.1,0.7017651786833333
Bengaluru Urban,2000,7,12.97,77.59,58.974823251366615,0.077,-0.55,5.548387096774194,1.5948303687096774
Bengaluru Urban,2000,8,12.97,77.59,101.25784248113632,0.131,-0.51,3.838709677419355,1.62711539
Bengaluru Urban,2000,9,12.97,77.59,72.71166005730629,-0.096,-0.55,4.1,1.278711512
Bengaluru Urban,2000,10,12.97,77.59,83.21698969602585,-0.142,-0.63,4.806451612903226,1.5696261258064517
Bengaluru Urban,2000,11,12.97,77.59,1.4906501173973083,-0.306,-0.75,4.266666666666667,1.6378827666666667
Bengaluru Urban,2000,12,12.97,77.59,2.1482381969690323,-0.248,-0.74,4.806451612903226,1.1626311996774195
Bengaluru Urban,2001,1,12.97,77.59,0.5550461411476135,-0.431,-0.68,2.5483870967741935,1.8043092477419354
Bengaluru Urban,2001,2,12.97,77.59,0.0,-0.016,-0.52,5.25,2.3275103500000003
Bengaluru Urban,2001,3,12.97,77.59,0.5419012308120728,-0.01,-0.44,5.258064516129032,0.6080977735483871
Bengaluru Urban,2001,4,12.97,77.59,75.38107073307037,0.136,-0.34,4.533333333333333,0.6858787033333333
Bengaluru Urban,2001,5,12.97,77.59,8.459031261503696,0.137,-0.25,5.451612903225806,1.5366611332258064
Bengaluru Urban,2001,6,12.97,77.59,7.416513070464134,0.127,-0.12,4.033333333333333,0.8460881063833334
Bengaluru Urban,2001,7,12.97,77.59,67.82458551228046,-0.14,-0.08,4.258064516129032,1.4921871870967742
Bengaluru Urban,2001,8,12.97,77.59,42.56303758174181,-0.301,-0.13,5.419354838709677,1.397106648064516
Bengaluru Urban,2001,9,12.97,77.59,151.2032305151224,-0.223,-0.19,3.0,1.2181324733333334
Bengaluru Urban,2001,10,12.97,77.59,78.6555777490139,-0.451,-0.29,5.387096774193548,1.3723289300000001
Bengaluru Urban,2001,11,12.97,77.59,14.367288202047348,-0.245,-0.35,4.4,0.9614376696666667
Bengaluru Urban,2001,12,12.97,77.59,0.9682155400514603,-0.051,-0.31,6.580645161290323,1.7203842838709678
Bengaluru Urban,2002,1,12.97,77.59,0.0,-0.142,-0.15,4.258064516129032,1.6998524758064517
Bengaluru Urban,2002,2,12.97,77.59,0.0,-0.098,0.03,5.714285714285714,1.0814431442857144
Bengaluru Urban,2002,3,12.97,77.59,0.0,0.008,0.09,3.5483870967741935,1.3025143731387099
Bengaluru Urban,2002,4,12.97,77.59,0.7127092480659485,-0.352,0.2,2.533333333333333,0.8904978936033333
Bengaluru Urban,2002,5,12.97,77.59,69.78761094808578,-0.329,0.43,5.903225806451613,2.409133551612903
Bengaluru Urban,2002,6,12.97,77.59,49.78595220297575,-0.189,0.65,3.566666666666667,1.8803833166666666
Bengaluru Urban,2002,7,12.97,77.59,21.506768979132175,-0.261,0.79,6.387096774193548,1.7221574980645162
Bengaluru Urban,2002,8,12.97,77.59,42.20119968056679,-0.208,0.86,5.67741935483871,1.4202360319354839
Bengaluru Urban,2002,9,12.97,77.59,29.33853852748871,0.286,1.01,4.433333333333334,0.7018471730000001
Bengaluru Urban,2002,10,12.97,77.59,60.34431008994579,0.405,1.21,4.129032258064516,0.8933860990322581
Bengaluru Urban,2002,11,12.97,77.59,20.931462705135345,0.096,1.31,3.566666666666667,2.25046865
Bengaluru Urban,2002,12,12.97,77.59,1.1016203165054321,-0.158,1.14,3.7096774193548385,1.8575260422580646
Bengaluru Urban,2003,1,12.97,77.59,0.0,-0.239,0.92,5.354838709677419,0.8134987815870968
Bengaluru Urban,2003,2,12.97,77.59,2.10346519947052,0.017,0.63,4.178571428571429,0.7148255028571429
Bengaluru Urban,2003,3,12.97,77.59,7.127296805381775,-0.039,0.38,3.903225806451613,1.4626752464516128
Bengaluru Urban,2003,4,12.97,77.59,38.0993047952652,-0.099,-0.04,3.8666666666666667,1.1874197433333333
Bengaluru Urban,2003,5,12.97,77.59,6.75474739074707,-0.164,-0.26,5.258064516129032,2.245336555483871
Bengaluru Urban,2003,6,12.97,77.59,75.21367600560188,0.139,-0.16,3.2666666666666666,1.65106069
Bengaluru Urban,2003,7,12.97,77.59,84.11893065273762,0.131,0.08,3.6129032258064515,0.9928557990322581
Bengaluru Urban,2003,8,12.97,77.59,129.02986772358418,0.108,0.21,3.870967741935484,0.6039936987096773
Bengaluru Urban,2003,9,12.97,77.59,72.78163275122643,-0.06,0.26,4.266666666666667,0.7902776976666667
Bengaluru Urban,2003,10,12.97,77.59,272.6392195224762,-0.243,0.29,5.419354838709677,1.2216482238709676
Bengaluru Urban,2003,11,12.97,77.59,24.853114873170853,-0.159,0.35,4.3,0.49874167021000004
Bengaluru Urban,2003,12,12.97,77.59,1.25150728225708,0.189,0.35,4.258064516129032,1.8000867477419356
Bengaluru Urban,2004,1,12.97,77.59,2.839300125837326,0.044,0.37,4.709677419354839,2.246038609677419
Bengaluru Urban,2004,2,12.97,77.59,1.3501514792442322,0.114,0.31,5.517241379310345,1.4791189124137931
Bengaluru Urban,2004,3,12.97,77.59,12.135093860328197,0.077,0.23,5.064516129032258,2.1767354612903227
Bengaluru Urban,2004,4,12.97,77.59,31.16709414124489,-0.079,0.17,3.6,1.2874256193333333
Bengaluru Urban,2004,5,12.97,77.59,191.49373369663954,-0.565,0.17,3.838709677419355,1.4382904767741935
Bengaluru Urban,2004,6,12.97,77.59,89.16636297106743,-0.384,0.28,4.533333333333333,1.0188708323333333
Bengaluru Urban,2004,7,12.97,77.59,237.84796825051308,-0.301,0.47,2.6129032258064515,1.6112249593548387
Bengaluru Urban,2004,8,12.97,77.59,75.01556849479675,-0.133,0.64,6.612903225806452,1.2484562670967743
Bengaluru Urban,2004,9,12.97,77.59,194.95602223277092,-0.106,0.7,2.1,1.4384542359999999
Bengaluru Urban,2004,10,12.97,77.59,211.33662842214108,-0.004,0.67,4.32258064516129,1.54811694
Bengaluru Urban,2004,11,12.97,77.59,25.28306555747986,-0.153,0.66,3.8666666666666667,0.558687573
Bengaluru Urban,2004,12,12.97,77.59,0.0,-0.132,0.69,4.354838709677419,0.7194164974193549
Bengaluru Urban,2005,1,12.97,77.59,1.5809392929077148,-0.124,0.64,5.67741935483871,1.203385613832258
Bengaluru Urban,2005,2,12.97,77.59,4.746661156415939,-0.56,0.58,6.821428571428571,1.5145378439285715
Bengaluru Urban,2005,3,12.97,77.59,13.959563374519348,-0.433,0.45,4.290322580645161,1.7757296806451612
Bengaluru Urban,2005,4,12.97,77.59,60.386577159166336,0.084,0.43,4.966666666666667,2.6446991
Bengaluru Urban,2005,5,12.97,77.59,129.68911550939083,-0.033,0.29,4.548387096774194,1.8156324893548388
Bengaluru Urban,2005,6,12.97,77.59,124.15045204758644,-0.176,0.11,2.966666666666667,0.7345759723333334
Bengaluru Urban,2005,7,12.97,77.59,166.4203056395054,-0.384,-0.06,2.6451612903225805,1.0290815029032259
Bengaluru Urban,2005,8,12.97,77.59,146.17107012867928,-0.345,-0.14,3.6129032258064515,0.939736100967742
Bengaluru Urban,2005,9,12.97,77.59,240.461930423975,-0.534,-0.11,5.8,1.522602815
Bengaluru Urban,2005,10,12.97,77.59,483.80151173472404,-0.436,-0.29,3.5483870967741935,1.0373357177419353
Bengaluru Urban,2005,11,12.97,77.59,77.74308159947395,-0.272,-0.57,5.7,1.0062126816666666
Bengaluru Urban,2005,12,12.97,77.59,6.645896404981613,-0.3,-0.84,3.7419354838709675,0.6440208229032258
Bengaluru Urban,2006,1,12.97,77.59,0.0,-0.135,-0.85,4.258064516129032,1.7294375064516128
Bengaluru Urban,2006,2,12.97,77.59,0.0,-0.306,-0.77,5.428571428571429,1.6995880442857143
Bengaluru Urban,2006,3,12.97,77.59,51.24834245443344,-0.226,-0.57,4.419354838709677,0.8061425020580646
Bengaluru Urban,2006,4,12.97,77.59,1.9471924602985382,-0.015,-0.37,4.833333333333333,0.9840533986666666
Bengaluru Urban,2006,5,12.97,77.59,118.68473237752914,-0.208,-0.14,5.161290322580645,1.1181375867741936
Bengaluru Urban,2006,6,12.97,77.59,112.58923375606537,-0.059,-0.03,2.433333333333333,1.1171617263333333
Bengaluru Urban,2006,7,12.97,77.59,53.088623225688934,0.04,0.1,6.096774193548387,1.0984740158064517
Bengaluru Urban,2006,8,12.97,77.59,58.21370902657509,0.229,0.3,3.838709677419355,0.9450053216129032
Bengaluru Urban,2006,9,12.97,77.59,25.18208685517311,0.428,0.54,2.9,1.5086187580000001
Bengaluru Urban,2006,10,12.97,77.59,37.25509027391672,0.577,0.77,4.645161290322581,1.7489779667580645
Bengaluru Urban,2006,11,12.97,77.59,60.401990458369255,0.501,0.94,3.6333333333333333,1.1893461453333332
Bengaluru Urban,2006,12,12.97,77.59,3.8219165802001953,0.172,0.94,3.2903225806451615,1.4631380310096773
Bengaluru Urban,2007,1,12.97,77.59,0.0,0.225,0.66,5.935483870967742,1.2701261521580645
Bengaluru Urban,2007,2,12.97,77.59,0.0,0.15,0.22,4.357142857142857,1.1186876339285714
Bengaluru Urban,2007,3,12.97,77.59,0.0,0.115,-0.12,5.645161290322581,1.321150566451613
Bengaluru Urban,2007,4,12.97,77.59,171.76484137773514,0.1,-0.32,5.133333333333334,0.8067391546666667
Bengaluru Urban,2007,5,12.97,77.59,63.72583930194378,0.27,-0.38,4.741935483870968,1.2340057027322582
Bengaluru Urban,2007,6,12.97,77.59,52.1196259111166,0.031,-0.47,3.1333333333333333,1.3529915246666666
Bengaluru Urban,2007,7,12.97,77.59,173.35185220837593,0.045,-0.56,4.193548387096774,1.3795319935483872
Bengaluru Urban,2007,8,12.97,77.59,198.11992010474205,0.237,-0.81,2.5483870967741935,0.8762567774193548
Bengaluru Urban,2007,9,12.97,77.59,232.95164348185062,0.235,-1.07,4.533333333333333,1.1761283893333332
Bengaluru Urban,2007,10,12.97,77.59,140.24102705717087,0.068,-1.34,5.419354838709677,1.2009301141935484
Bengaluru Urban,2007,11,12.97,77.59,12.665523678064346,-0.023,-1.5,5.533333333333333,1.588934237
Bengaluru Urban,2007,12,12.97,77.59,30.992979511618614,-0.227,-1.6,3.4838709677419355,2.0751771258064515
Bengaluru Urban,2008,1,12.97,77.59,0.15793898701667786,0.115,-1.64,5.193548387096774,1.8184795248387096
Bengaluru Urban,2008,2,12.97,77.59,3.9475988149642944,-0.072,-1.52,3.586206896551724,1.2379733358620688
Bengaluru Urban,2008,3,12.97,77.59,187.46855998039246,0.097,-1.29,2.870967741935484,1.8412203261290323
Bengaluru Urban,2008,4,12.97,77.59,43.27641002833843,-0.153,-1.01,4.966666666666667,0.8616907713333333
Bengaluru Urban,2008,5,12.97,77.59,49.024701818823814,0.179,-0.84,4.967741935483871,1.7237106374193547
Bengaluru Urban,2008,6,12.97,77.59,31.455676555633545,0.215,-0.61,4.666666666666667,0.953116955
Bengaluru Urban,2008,7,12.97,77.59,137.81343665719032,0.246,-0.37,2.3870967741935485,1.2312710548387096
Bengaluru Urban,2008,8,12.97,77.59,312.1420219242573,0.124,-0.23,2.3548387096774195,1.211697393548387
Bengaluru Urban,2008,9,12.97,77.59,122.4965298473835,0.086,-0.24,4.833333333333333,1.4465834003333333
Bengaluru Urban,2008,10,12.97,77.59,133.23472280800343,0.029,-0.35,3.3225806451612905,1.3736839277419355
Bengaluru Urban,2008,11,12.97,77.59,39.08664767444134,-0.128,-0.55,5.033333333333333,1.2276514546666666
Bengaluru Urban,2008,12,12.97,77.59,0.7114945948123932,-0.053,-0.73,5.870967741935484,0.8991352851612903
Bengaluru Urban,2009,1,12.97,77.59,0.0,0.031,-0.85,5.258064516129032,1.3644628538709678
Bengaluru Urban,2009,2,12.97,77.59,0.0,0.163,-0.79,5.178571428571429,0.9907292532142857
Bengaluru Urban,2009,3,12.97,77.59,2.7702905237674713,0.1,-0.61,6.096774193548387,1.1326078929032257
Bengaluru Urban,2009,4,12.97,77.59,81.40177345275879,0.126,-0.33,3.9,2.2441025066666667
Bengaluru Urban,2009,5,12.97,77.59,110.629119977355,0.257,0.01,7.225806451612903,1.0808286461290324
Bengaluru Urban,2009,6,12.97,77.59,61.91706295311451,0.1,0.28,5.866666666666666,1.4584701413333332
Bengaluru Urban,2009,7,12.97,77.59,35.49283595383167,-0.192,0.45,3.838709677419355,0.6150665787096774
Bengaluru Urban,2009,8,12.97,77.59,143.23550910502672,-0.104,0.58,2.935483870967742,1.12875141
Bengaluru Urban,2009,9,12.97,77.59,245.23290491104126,-0.103,0.71,4.033333333333333,1.6812911126666668
Bengaluru Urban,2009,10,12.97,77.59,28.598580300807953,-0.013,1.01,5.225806451612903,0.9675306593548387
Bengaluru Urban,2009,11,12.97,77.59,47.720744736492634,-0.067,1.36,3.7666666666666666,1.78102768
Bengaluru Urban,2009,12,12.97,77.59,5.887437790632248,0.16,1.56,5.096774193548387,1.2578152232258064
Bengaluru Urban,2010,1,12.97,77.59,11.192292213439941,0.294,1.5,4.967741935483871,1.289910690967742
Bengaluru Urban,2010,2,12.97,77.59,0.0,0.023,1.22,7.107142857142857,1.3009368542857143
Bengaluru Urban,2010,3,12.97,77.59,2.734866142272949,0.458,0.84,2.4516129032258065,1.229541595483871
Bengaluru Urban,2010,4,12.97,77.59,123.756662607193,0.37,0.35,4.3,0.970552031
Bengaluru Urban,2010,5,12.97,77.59,157.06261894106865,-0.029,-0.17,4.032258064516129,1.3091519658064517
Bengaluru Urban,2010,6,12.97,77.59,78.66632618010044,-0.14,-0.66,1.7666666666666666,1.285590429
Bengaluru Urban,2010,7,12.97,77.59,111.98604330420494,-0.001,-1.05,2.4193548387096775,1.663601914516129
Bengaluru Urban,2010,8,12.97,77.59,157.0608689635992,-0.061,-1.35,2.967741935483871,0.747917844516129
Bengaluru Urban,2010,9,12.97,77.59,140.96776381134987,-0.267,-1.56,2.2,0.8091414173333332
Bengaluru Urban,2010,10,12.97,77.59,121.72825993597507,-0.437,-1.64,5.032258064516129,1.3724983983870966
Bengaluru Urban,2010,11,12.97,77.59,147.18248578161,-0.495,-1.64,4.433333333333334,0.7180750344066666
Bengaluru Urban,2010,12,12.97,77.59,3.399050310254097,-0.212,-1.54,5.129032258064516,0.9818622567741935
Bengaluru Urban,2011,1,12.97,77.59,0.0,0.191,-1.31,5.967741935483871,1.5956191370967743
Bengaluru Urban,2011,2,12.97,77.59,32.16594886779785,0.241,-1.04,5.678571428571429,0.5124724357571429
Bengaluru Urban,2011,3,12.97,77.59,0.22298116981983185,0.367,-0.8,4.645161290322581,1.117857366129032
Bengaluru Urban,2011,4,12.97,77.59,208.3640992641449,0.154,-0.62,5.866666666666666,0.9413861176666667
Bengaluru Urban,2011,5,12.97,77.59,158.70099422335625,-0.089,-0.46,6.129032258064516,1.5436429977419355
Bengaluru Urban,2011,6,12.97,77.59,77.89264172315598,0.055,-0.37,3.7333333333333334,0.6791252076666666
Bengaluru Urban,2011,7,12.97,77.59,112.2547826319933,0.223,-0.43,3.7096774193548385,1.0109919648387098
Bengaluru Urban,2011,8,12.97,77.59,240.2246773019433,0.344,-0.58,2.774193548387097,1.011544473516129
Bengaluru Urban,2011,9,12.97,77.59,141.9160017967224,0.202,-0.79,3.7,0.9066917783333334
Bengaluru Urban,2011,10,12.97,77.59,148.9290493130684,0.356,-0.96,4.129032258064516,1.8293501125806453
Bengaluru Urban,2011,11,12.97,77.59,56.77061465382576,0.336,-1.02,4.033333333333333,1.4278005003333334
Bengaluru Urban,2011,12,12.97,77.59,12.211503982543945,-0.128,-0.92,4.483870967741935,1.388414425483871
Bengaluru Urban,2012,1,12.97,77.59,2.4404420852661133,0.046,-0.72,5.774193548387097,1.0838557522580645
Bengaluru Urban,2012,2,12.97,77.59,0.0,-0.078,-0.57,4.068965517241379,1.9624444827586207
Bengaluru Urban,2012,3,12.97,77.59,0.9460906311869621,0.026,-0.46,5.161290322580645,2.275805190322581
Bengaluru Urban,2012,4,12.97,77.59,52.02879726886749,-0.271,-0.36,4.733333333333333,1.392764723
Bengaluru Urban,2012,5,12.97,77.59,96.75370835512877,-0.37,-0.17,5.838709677419355,0.508314344516129
Bengaluru Urban,2012,6,12.97,77.59,24.448818005621433,0.0,0.06,3.933333333333333,1.5851710730000002
Bengaluru Urban,2012,7,12.97,77.59,82.9409688487649,0.546,0.3,3.2580645161290325,1.0006735025806452
Bengaluru Urban,2012,8,12.97,77.59,177.2913964688778,0.652,0.41,3.3548387096774195,1.4237936377419356
Bengaluru Urban,2012,9,12.97,77.59,46.191201850771904,0.453,0.41,4.366666666666666,1.1895103533333333
Bengaluru Urban,2012,10,12.97,77.59,62.034119844436646,0.11,0.31,3.064516129032258,1.05932045
Bengaluru Urban,2012,11,12.97,77.59,106.63099601864815,-0.099,0.13,4.6,0.7542804866666667
Bengaluru Urban,2012,12,12.97,77.59,24.53113156557083,0.267,-0.1,2.4516129032258065,0.8817284803225806
Bengaluru Urban,2013,1,12.97,77.59,0.0,-0.065,-0.29,6.064516129032258,1.989185853870968
Bengaluru Urban,2013,2,12.97,77.59,4.169828921556473,0.189,-0.29,3.392857142857143,1.6343154739285715
Bengaluru Urban,2013,3,12.97,77.59,0.8159101605415344,0.083,-0.21,5.225806451612903,1.208878878064516
Bengaluru Urban,2013,4,12.97,77.59,28.631004229187965,-0.297,-0.19,5.133333333333334,0.9100850366666666
Bengaluru Urban,2013,5,12.97,77.59,142.86691664159298,-0.506,-0.27,3.935483870967742,1.196817595483871
Bengaluru Urban,2013,6,12.97,77.59,157.4509856402874,-0.497,-0.34,4.366666666666666,1.2253081406666666
Bengaluru Urban,2013,7,12.97,77.59,112.46264752745628,-0.181,-0.35,3.5806451612903225,0.8870305335483871
Bengaluru Urban,2013,8,12.97,77.59,93.30543035268784,-0.194,-0.28,5.806451612903226,0.912353013548387
Bengaluru Urban,2013,9,12.97,77.59,322.9631825685501,-0.31,-0.21,3.7666666666666666,1.5937026506666667
Bengaluru Urban,2013,10,12.97,77.59,105.2925234735012,-0.168,-0.13,5.161290322580645,0.8202488128741936
Bengaluru Urban,2013,11,12.97,77.59,105.93336284160614,0.199,-0.1,3.2,0.6853039573333334
Bengaluru Urban,2013,12,12.97,77.59,3.785078525543213,0.141,-0.15,3.870967741935484,1.0410569158064515
Bengaluru Urban,2014,1,12.97,77.59,0.0,-0.101,-0.28,5.741935483870968,1.1766352048387096
Bengaluru Urban,2014,2,12.97,77.59,0.30573660135269165,-0.089,-0.32,5.857142857142857,1.4348881625
Bengaluru Urban,2014,3,12.97,77.59,2.794157087802887,-0.151,-0.14,3.6129032258064515,1.5816916796774194
Bengaluru Urban,2014,4,12.97,77.59,14.002068787813187,-0.058,0.15,5.533333333333333,1.3192271676666667
Bengaluru Urban,2014,5,12.97,77.59,83.98580203950405,-0.092,0.31,2.3225806451612905,1.4339224977419354
Bengaluru Urban,2014,6,12.97,77.59,155.71372053027153,-0.028,0.23,4.433333333333334,1.108679051
Bengaluru Urban,2014,7,12.97,77.59,73.90880966186523,-0.363,0.1,5.806451612903226,1.1528067432258065
Bengaluru Urban,2014,8,12.97,77.59,80.51417392492294,-0.372,0.11,1.7096774193548387,1.2150309538709676
Bengaluru Urban,2014,9,12.97,77.59,162.61913123726845,-0.145,0.28,4.333333333333333,0.649377995
Bengaluru Urban,2014,10,12.97,77.59,302.24725091457367,0.141,0.54,3.7096774193548385,0.9880874900000001
Bengaluru Urban,2014,11,12.97,77.59,23.717526137828827,0.009,0.71,2.933333333333333,1.4682012086666667
Bengaluru Urban,2014,12,12.97,77.59,3.7101440131664276,0.046,0.77,4.741935483870968,1.3856411206451613
Bengaluru Urban,2015,1,12.97,77.59,23.366297245025635,-0.1,0.69,6.193548387096774,1.595519382903226
Bengaluru Urban,2015,2,12.97,77.59,0.0,-0.345,0.61,6.464285714285714,0.8730502682142857
Bengaluru Urban,2015,3,12.97,77.59,36.49405610561371,-0.241,0.65,5.161290322580645,2.5235438870967744
Bengaluru Urban,2015,4,12.97,77.59,189.32852432131767,-0.008,0.81,3.466666666666667,0.9544394936666667
Bengaluru Urban,2015,5,12.97,77.59,123.08980365097523,0.24,1.02,5.096774193548387,0.7510026245161291
Bengaluru Urban,2015,6,12.97,77.59,84.17626467347145,0.296,1.25,3.433333333333333,1.9929203833333333
Bengaluru Urban,2015,7,12.97,77.59,72.97842729091644,0.225,1.57,4.451612903225806,1.837990334516129
Bengaluru Urban,2015,8,12.97,77.59,102.60361313819885,0.568,1.91,5.870967741935484,0.8428048241935484
Bengaluru Urban,2015,9,12.97,77.59,179.50237579643726,0.294,2.21,4.7,0.62977513528
Bengaluru Urban,2015,10,12.97,77.59,107.73922789096832,0.482,2.47,4.935483870967742,1.5348366948387098
Bengaluru Urban,2015,11,12.97,77.59,260.31234395504,0.347,2.64,2.6666666666666665,1.8664467500000002
Bengaluru Urban,2015,12,12.97,77.59,4.125232025980949,0.272,2.75,4.419354838709677,1.905701525483871
Bengaluru Urban,2016,1,12.97,77.59,4.853449136018753,0.265,2.63,4.548387096774194,1.397440465735484
Bengaluru Urban,2016,2,12.97,77.59,0.0,-0.11,2.28,5.586206896551724,2.0595920172413793
Bengaluru Urban,2016,3,12.97,77.59,48.17662155628204,-0.008,1.71,5.387096774193548,1.2421979758064514
Bengaluru Urban,2016,4,12.97,77.59,6.709881752729416,0.146,1.05,3.433333333333333,0.6606036036666667
Bengaluru Urban,2016,5,12.97,77.59,138.63145020604134,-0.113,0.49,2.935483870967742,1.3503781812903226
Bengaluru Urban,2016,6,12.97,77.59,226.6588693857193,-0.443,0.0,4.166666666666667,1.5598082686666668
Bengaluru Urban,2016,7,12.97,77.59,178.56434759497643,-0.757,-0.31,3.129032258064516,1.0086871877419354
Bengaluru Urban,2016,8,12.97,77.59,67.18648368120193,-0.443,-0.5,5.709677419354839,1.3634238690322582
Bengaluru Urban,2016,9,12.97,77.59,52.558296486735344,-0.437,-0.58,4.233333333333333,0.9987363606666667
Bengaluru Urban,2016,10,12.97,77.59,16.47739577293396,-0.371,-0.64,5.645161290322581,0.6798959190322581
Bengaluru Urban,2016,11,12.97,77.59,0.8721569776535034,-0.382,-0.6,4.366666666666666,1.4056047909999998
Bengaluru Urban,2016,12,12.97,77.59,77.24032136797905,-0.31,-0.45,4.451612903225806,0.6025583080645162
Bengaluru Urban,2017,1,12.97,77.59,0.2722407877445221,-0.086,-0.19,3.7096774193548385,1.2075865980645162
Bengaluru Urban,2017,2,12.97,77.59,0.0,0.101,-0.02,4.607142857142857,2.432161792857143
Bengaluru Urban,2017,3,12.97,77.59,34.3810555934906,0.357,0.18,3.6774193548387095,0.7525501162903225
Bengaluru Urban,2017,4,12.97,77.59,30.14702269434929,0.498,0.31,6.7,0.7843319514433333
Bengaluru Urban,2017,5,12.97,77.59,186.6389437764883,0.536,0.4,4.193548387096774,1.3503042366709677
Bengaluru Urban,2017,6,12.97,77.59,31.976297080516815,0.424,0.39,2.433333333333333,1.010765505
Bengaluru Urban,2017,7,12.97,77.59,46.802869349718094,0.52,0.19,3.6774193548387095,1.0194311058064516
Bengaluru Urban,2017,8,12.97,77.59,334.06410847604275,0.349,-0.07,4.193548387096774,0.560064344016129
Bengaluru Urban,2017,9,12.97,77.59,460.4427081346512,0.035,-0.34,4.233333333333333,0.5864452456666667
Bengaluru Urban,2017,10,12.97,77.59,272.43378199636936,0.015,-0.6,5.354838709677419,2.0237151622580645
Bengaluru Urban,2017,11,12.97,77.59,12.764667272567749,0.289,-0.77,4.166666666666667,0.8390316453333334
Bengaluru Urban,2017,12,12.97,77.59,16.21282720565796,0.11,-0.86,5.258064516129032,1.455329965483871
Bengaluru Urban,2018,1,12.97,77.59,0.0,-0.2,-0.77,3.5806451612903225,2.2438225967741934
Bengaluru Urban,2018,2,12.97,77.59,3.290217936038971,0.216,-0.71,5.5,2.449217742857143
Bengaluru Urban,2018,3,12.97,77.59,30.8911851644516,-0.12,-0.57,4.161290322580645,1.1359975419354837
Bengaluru Urban,2018,4,12.97,77.59,32.68560288101435,-0.083,-0.39,4.433333333333334,1.4919827436666668
Bengaluru Urban,2018,5,12.97,77.59,237.63440288603306,0.122,-0.13,3.096774193548387,1.7735262777419354
Bengaluru Urban,2018,6,12.97,77.59,86.63282749056816,0.155,0.06,3.433333333333333,1.099695321
Bengaluru Urban,2018,7,12.97,77.59,67.34215124696493,0.053,0.14,4.967741935483871,1.4670566325806451
Bengaluru Urban,2018,8,12.97,77.59,128.1761489957571,0.121,0.27,5.419354838709677,1.1604823280645162
Bengaluru Urban,2018,9,12.97,77.59,151.94050550460815,0.604,0.53,6.6,1.0746740603333333
Bengaluru Urban,2018,10,12.97,77.59,68.34962230920792,0.684,0.81,4.129032258064516,1.372201460967742
Bengaluru Urban,2018,11,12.97,77.59,23.47820608317852,0.5,0.97,4.666666666666667,1.3713922473333333
Bengaluru Urban,2018,12,12.97,77.59,7.916488885879517,0.309,0.92,3.838709677419355,2.266200470967742
Bengaluru Urban,2019,1,12.97,77.59,0.7911070585250854,0.387,0.89,5.709677419354839,1.75703085
Bengaluru Urban,2019,2,12.97,77.59,52.201879262924194,0.416,0.86,6.142857142857143,1.7487797142857142
Bengaluru Urban,2019,3,12.97,77.59,0.0,0.225,0.84,4.064516129032258,1.1146516216129032
Bengaluru Urban,2019,4,12.97,77.59,37.45769461989403,0.258,0.77,3.7333333333333334,1.0698441273333332
Bengaluru Urban,2019,5,12.97,77.59,136.0228595137596,0.54,0.64,6.096774193548387,1.854505129032258
Bengaluru Urban,2019,6,12.97,77.59,74.77973207831383,0.605,0.52,4.566666666666666,1.3048570076666666
Bengaluru Urban,2019,7,12.97,77.59,62.153563499450684,0.597,0.33,2.3548387096774195,0.8737279109677419
Bengaluru Urban,2019,8,12.97,77.59,131.57410755753517,0.436,0.19,4.129032258064516,0.9542141777419355
Bengaluru Urban,2019,9,12.97,77.59,180.8466972708702,0.892,0.23,4.5,1.6799940163333333
Bengaluru Urban,2019,10,12.97,77.59,281.7494111061096,0.964,0.39,2.6774193548387095,1.5321089774193548
Bengaluru Urban,2019,11,12.97,77.59,44.29882624745369,0.835,0.58,4.7,1.5540973666666666
Bengaluru Urban,2019,12,12.97,77.59,11.968365222215652,0.243,0.66,3.7096774193548385,0.9795201067741935
Bengaluru Urban,2020,1,12.97,77.59,0.17633050680160522,0.173,0.64,5.516129032258065,2.0013102467741937
Bengaluru Urban,2020,2,12.97,77.59,0.0,0.054,0.63,5.551724137931035,1.19141821
Bengaluru Urban,2020,3,12.97,77.59,13.515508711338043,0.019,0.53,3.7419354838709675,1.516898370967742
Bengaluru Urban,2020,4,12.97,77.59,128.12729036808014,-0.011,0.3,3.6666666666666665,1.6374265986666667
Bengaluru Urban,2020,5,12.97,77.59,90.33670887351036,0.298,0.01,4.451612903225806,1.1646890893548387
Bengaluru Urban,2020,6,12.97,77.59,111.6627830862999,0.455,-0.23,1.6,1.3547168013333333
Bengaluru Urban,2020,7,12.97,77.59,160.8680957108736,0.319,-0.36,2.0,1.5012130690322583
Bengaluru Urban,2020,8,12.97,77.59,83.82131540030241,-0.183,-0.53,4.516129032258065,1.5708076487096774
Bengaluru Urban,2020,9,12.97,77.59,216.46252361685038,-0.189,-0.85,4.166666666666667,1.1078213236666665
Bengaluru Urban,2020,10,12.97,77.59,216.11327348649502,0.074,-1.12,5.032258064516129,1.8443815480645163
Bengaluru Urban,2020,11,12.97,77.59,88.91141700744629,0.02,-1.2,4.533333333333333,1.0659901883333334
Bengaluru Urban,2020,12,12.97,77.59,16.35166722536087,0.031,-1.08,4.709677419354839,0.8462182629741936
Bengaluru Urban,2021,1,12.97,77.59,19.527780517935753,0.051,-0.91,4.483870967741935,1.3812992767741936
Bengaluru Urban,2021,2,12.97,77.59,11.156525611877441,0.243,-0.79,6.357142857142857,1.7109776275000002
Bengaluru Urban,2021,3,12.97,77.59,0.0,0.267,-0.71,4.032258064516129,1.1486161170967741
Bengaluru Urban,2021,4,12.97,77.59,66.15912392735481,0.25,-0.55,6.7,2.1312086966666666
Bengaluru Urban,2021,5,12.97,77.59,119.4751041084528,0.009,-0.39,3.6451612903225805,1.6188268058064517
Bengaluru Urban,2021,6,12.97,77.59,113.93024207651615,-0.002,-0.3,3.033333333333333,1.2543668813333333
Bengaluru Urban,2021,7,12.97,77.59,193.65062441676855,-0.229,-0.35,4.193548387096774,1.2697446645161292
Bengaluru Urban,2021,8,12.97,77.59,101.35947552323341,-0.099,-0.45,3.0,1.3328496390322582
Bengaluru Urban,2021,9,12.97,77.59,160.08218623697758,-0.058,-0.63,3.4,1.16716908
Bengaluru Urban,2021,10,12.97,77.59,356.47644677758217,-0.091,-0.76,3.5161290322580645,1.1958632022580646
Bengaluru Urban,2021,11,12.97,77.59,248.17229536175728,0.069,-0.91,3.7333333333333334,1.0642061103333333
Bengaluru Urban,2021,12,12.97,77.59,6.0599954426288605,-0.12,-0.87,6.451612903225806,2.068191648387097
Bengaluru Urban,2022,1,12.97,77.59,3.554007053375244,-0.056,-0.82,6.838709677419355,1.1541269361290323
Bengaluru Urban,2022,2,12.97,77.59,0.0,-0.082,-0.79,3.142857142857143,1.2939472457142858
Bengaluru Urban,2022,3,12.97,77.59,9.500568330287933,-0.093,-0.86,3.064516129032258,1.0719917463806452
Bengaluru Urban,2022,4,12.97,77.59,85.29317808151245,-0.068,-0.95,3.5,0.6809799073333332
Bengaluru Urban,2022,5,12.97,77.59,310.82297110557556,-0.122,-0.9,4.67741935483871,1.2369349422580647
Bengaluru Urban,2022,6,12.97,77.59,243.2552330493927,-0.335,-0.78,2.7333333333333334,1.7460144566666667
Bengaluru Urban,2022,7,12.97,77.59,151.40767534077168,-0.195,-0.76,3.096774193548387,0.9906527754838709
Bengaluru Urban,2022,8,12.97,77.59,388.9392122477293,-0.246,-0.87,3.3870967741935485,0.9623516609677419
Bengaluru Urban,2022,9,12.97,77.59,322.86554834246635,-0.322,-0.97,4.566666666666666,0.45954351401
Bengaluru Urban,2022,10,12.97,77.59,297.43480130285025,-0.691,-0.94,5.387096774193548,1.5040083503225805
Bengaluru Urban,2022,11,12.97,77.59,59.32555377483368,-0.269,-0.85,5.966666666666667,1.2876559716666667
Bengaluru Urban,2022,12,12.97,77.59,73.15082892775536,-0.091,-0.71,4.161290322580645,1.0273198254935483
Bengaluru Urban,2023,1,12.97,77.59,0.0,0.11,-0.54,5.32258064516129,1.3139867793548388
Bengaluru Urban,2023,2,12.97,77.59,0.0,0.157,-0.29,5.571428571428571,1.642928577857143
Bengaluru Urban,2023,3,12.97,77.59,21.05214850604534,0.414,-0.02,4.548387096774194,2.51316421
Bengaluru Urban,2023,4,12.97,77.59,46.80766808241606,0.56,0.27,5.133333333333334,1.690960304
Bengaluru Urban,2023,5,12.97,77.59,217.9724027365446,0.443,0.57,6.064516129032258,1.6563232422580645
Bengaluru Urban,2023,6,12.97,77.59,108.1033964753151,0.665,0.84,3.066666666666667,1.1452140906
Bengaluru Urban,2023,7,12.97,77.59,97.79657889157534,0.498,1.12,4.225806451612903,0.7976125261290323
Bengaluru Urban,2023,8,12.97,77.59,15.55915579944849,0.826,1.37,6.32258064516129,0.9138732870967742
Bengaluru Urban,2023,9,12.97,77.59,201.5459853000939,0.946,1.6,3.533333333333333,0.8482362092433333
Bengaluru Urban,2023,10,12.97,77.59,91.90574169158936,0.804,1.83,4.419354838709677,1.3481443029032258
Bengaluru Urban,2023,11,12.97,77.59,90.70511070638895,0.92,1.99,3.3,1.3793660156666665
Bengaluru Urban,2023,12,12.97,77.59,1.9071420580148697,0.852,2.06,4.193548387096774,1.5088745183870966
Bengaluru Rural,2000,1,13.28,77.55,0.0,-0.125,-1.66,3.7096774193548385,0.6000893251612903
Bengaluru Rural,2000,2,13.28,77.55,46.18607957661152,-0.009,-1.41,3.793103448275862,1.1428570703448275
Bengaluru Rural,2000,3,13.28,77.55,0.0,0.141,-1.07,3.3870967741935485,0.9157557180645162
Bengaluru Rural,2000,4,13.28,77.55,31.329374998807907,0.141,-0.81,4.533333333333333,0.9053602656666667
Bengaluru Rural,2000,5,13.28,77.55,98.86440160870552,0.113,-0.71,5.483870967741935,0.9960924206451613
Bengaluru Rural,2000,6,13.28,77.55,55.79129506647587,-0.022,-0.64,4.1,0.7017651786833333
Bengaluru Rural,2000,7,13.28,77.55,53.82166613638401,0.077,-0.55,5.548387096774194,1.5948303687096774
Bengaluru Rural,2000,8,13.28,77.55,212.6055683195591,0.131,-0.51,3.838709677419355,1.62711539
Bengaluru Rural,2000,9,13.28,77.55,148.9171430617571,-0.096,-0.55,4.1,1.278711512
Bengaluru Rural,2000,10,13.28,77.55,305.0169608592987,-0.142,-0.63,4.806451612903226,1.5696261258064517
Bengaluru Rural,2000,11,13.28,77.55,19.000559449195862,-0.306,-0.75,4.266666666666667,1.6378827666666667
Bengaluru Rural,2000,12,13.28,77.55,18.001715421676636,-0.248,-0.74,4.806451612903226,1.1626311996774195
Bengaluru Rural,2001,1,13.28,77.55,0.0,-0.431,-0.68,2.5483870967741935,1.8043092477419354
Bengaluru Rural,2001,2,13.28,77.55,0.0,-0.016,-0.52,5.25,2.3275103500000003
Bengaluru Rural,2001,3,13.28,77.55,0.0,-0.01,-0.44,5.258064516129032,0.6080977735483871
Bengaluru Rural,2001,4,13.28,77.55,183.82521629333496,0.136,-0.34,4.533333333333333,0.6858787033333333
Bengaluru Rural,2001,5,13.28,77.55,13.574581861495972,0.137,-0.25,5.451612903225806,1.5366611332258064
Bengaluru Rural,2001,6,13.28,77.55,8.312103986740112,0.127,-0.12,4.033333333333333,0.8460881063833334
Bengaluru Rural,2001,7,13.28,77.55,56.6581956744194,-0.14,-0.08,4.258064516129032,1.4921871870967742
Bengaluru Rural,2001,8,13.28,77.55,81.11485357582569,-0.301,-0.13,5.419354838709677,1.397106648064516
Bengaluru Rural,2001,9,13.28,77.55,312.96313129365444,-0.223,-0.19,3.0,1.2181324733333334
Bengaluru Rural,2001,10,13.28,77.55,204.48599477112293,-0.451,-0.29,5.387096774193548,1.3723289300000001
Bengaluru Rural,2001,11,13.28,77.55,23.94696617126465,-0.245,-0.35,4.4,0.9614376696666667
Bengaluru Rural,2001,12,13.28,77.55,2.7252800464630127,-0.051,-0.31,6.580645161290323,1.7203842838709678
Bengaluru Rural,2002,1,13.28,77.55,3.63200306892395,-0.142,-0.15,4.258064516129032,1.6998524758064517
Bengaluru Rural,2002,2,13.28,77.55,0.0,-0.098,0.03,5.714285714285714,1.0814431442857144
Bengaluru Rural,2002,3,13.28,77.55,0.0,0.008,0.09,3.5483870967741935,1.3025143731387099
Bengaluru Rural,2002,4,13.28,77.55,7.255023404955864,-0.352,0.2,2.533333333333333,0.8904978936033333
Bengaluru Rural,2002,5,13.28,77.55,118.24821482598782,-0.329,0.43,5.903225806451613,2.409133551612903
Bengaluru Rural,2002,6,13.28,77.55,76.10592424869537,-0.189,0.65,3.566666666666667,1.8803833166666666
Bengaluru Rural,2002,7,13.28,77.55,10.425117582082748,-0.261,0.79,6.387096774193548,1.7221574980645162
Bengaluru Rural,2002,8,13.28,77.55,27.69573312997818,-0.208,0.86,5.67741935483871,1.4202360319354839
Bengaluru Rural,2002,9,13.28,77.55,22.463559418916702,0.286,1.01,4.433333333333334,0.7018471730000001
Bengaluru Rural,2002,10,13.28,77.55,91.96330046653748,0.405,1.21,4.129032258064516,0.8933860990322581
Bengaluru Rural,2002,11,13.28,77.55,12.685916617512703,0.096,1.31,3.566666666666667,2.25046865
Bengaluru Rural,2002,12,13.28,77.55,6.543290615081787,-0.158,1.14,3.7096774193548385,1.8575260422580646
Bengaluru Rural,2003,1,13.28,77.55,0.0,-0.239,0.92,5.354838709677419,0.8134987815870968
Bengaluru Rural,2003,2,13.28,77.55,0.0,0.017,0.63,4.178571428571429,0.7148255028571429
Bengaluru Rural,2003,3,13.28,77.55,11.987444877624512,-0.039,0.38,3.903225806451613,1.4626752464516128
Bengaluru Rural,2003,4,13.28,77.55,18.088303804397583,-0.099,-0.04,3.8666666666666667,1.1874197433333333
Bengaluru Rural,2003,5,13.28,77.55,7.1795830726623535,-0.164,-0.26,5.258064516129032,2.245336555483871
Bengaluru Rural,2003,6,13.28,77.55,67.5537870824337,0.139,-0.16,3.2666666666666666,1.65106069
Bengaluru Rural,2003,7,13.28,77.55,69.66907474398613,0.131,0.08,3.6129032258064515,0.9928557990322581
Bengaluru Rural,2003,8,13.28,77.55,101.71424442529678,0.108,0.21,3.870967741935484,0.6039936987096773
Bengaluru Rural,2003,9,13.28,77.55,63.87317045032978,-0.06,0.26,4.266666666666667,0.7902776976666667
Bengaluru Rural,2003,10,13.28,77.55,155.89633703231812,-0.243,0.29,5.419354838709677,1.2216482238709676
Bengaluru Rural,2003,11,13.28,77.55,0.4298776090145111,-0.159,0.35,4.3,0.49874167021000004
Bengaluru Rural,2003,12,13.28,77.55,0.0,0.189,0.35,4.258064516129032,1.8000867477419356
Bengaluru Rural,2004,1,13.28,77.55,0.0,0.044,0.37,4.709677419354839,2.246038609677419
Bengaluru Rural,2004,2,13.28,77.55,0.0,0.114,0.31,5.517241379310345,1.4791189124137931
Bengaluru Rural,2004,3,13.28,77.55,0.18623559176921844,0.077,0.23,5.064516129032258,2.1767354612903227
Bengaluru Rural,2004,4,13.28,77.55,14.405459478497505,-0.079,0.17,3.6,1.2874256193333333
Bengaluru Rural,2004,5,13.28,77.55,184.3087267279625,-0.565,0.17,3.838709677419355,1.4382904767741935
Bengaluru Rural,2004,6,13.28,77.55,9.774984046816826,-0.384,0.28,4.533333333333333,1.0188708323333333
Bengaluru Rural,2004,7,13.28,77.55,165.07191547751427,-0.301,0.47,2.6129032258064515,1.6112249593548387
Bengaluru Rural,2004,8,13.28,77.55,11.155482664704323,-0.133,0.64,6.612903225806452,1.2484562670967743
Bengaluru Rural,2004,9,13.28,77.55,138.40478552877903,-0.106,0.7,2.1,1.4384542359999999
Bengaluru Rural,2004,10,13.28,77.55,85.92977525293827,-0.004,0.67,4.32258064516129,1.54811694
Bengaluru Rural,2004,11,13.28,77.55,12.901038438081741,-0.153,0.66,3.8666666666666667,0.558687573
Bengaluru Rural,2004,12,13.28,77.55,0.0,-0.132,0.69,4.354838709677419,0.7194164974193549
Bengaluru Rural,2005,1,13.28,77.55,1.2242130041122437,-0.124,0.64,5.67741935483871,1.203385613832258
Bengaluru Rural,2005,2,13.28,77.55,4.6437788009643555,-0.56,0.58,6.821428571428571,1.5145378439285715
Bengaluru Rural,2005,3,13.28,77.55,0.18623559176921844,-0.433,0.45,4.290322580645161,1.7757296806451612
Bengaluru Rural,2005,4,13.28,77.55,69.29632392525673,0.084,0.43,4.966666666666667,2.6446991
Bengaluru Rural,2005,5,13.28,77.55,90.46128948032856,-0.033,0.29,4.548387096774194,1.8156324893548388
Bengaluru Rural,2005,6,13.28,77.55,71.26053409278393,-0.176,0.11,2.966666666666667,0.7345759723333334
Bengaluru Rural,2005,7,13.28,77.55,78.02663832902908,-0.384,-0.06,2.6451612903225805,1.0290815029032259
Bengaluru Rural,2005,8,13.28,77.55,140.68590389192104,-0.345,-0.14,3.6129032258064515,0.939736100967742
Bengaluru Rural,2005,9,13.28,77.55,119.85806456208229,-0.534,-0.11,5.8,1.522602815
Bengaluru Rural,2005,10,13.28,77.55,292.1750953197479,-0.436,-0.29,3.5483870967741935,1.0373357177419353
Bengaluru Rural,2005,11,13.28,77.55,86.89459812641144,-0.272,-0.57,5.7,1.0062126816666666
Bengaluru Rural,2005,12,13.28,77.55,3.645071029663086,-0.3,-0.84,3.7419354838709675,0.6440208229032258
Bengaluru Rural,2006,1,13.28,77.55,0.0,-0.135,-0.85,4.258064516129032,1.7294375064516128
Bengaluru Rural,2006,2,13.28,77.55,0.0,-0.306,-0.77,5.428571428571429,1.6995880442857143
Bengaluru Rural,2006,3,13.28,77.55,14.609753996133804,-0.226,-0.57,4.419354838709677,0.8061425020580646
Bengaluru Rural,2006,4,13.28,77.55,25.8379545211792,-0.015,-0.37,4.833333333333333,0.9840533986666666
Bengaluru Rural,2006,5,13.28,77.55,66.78078645467758,-0.208,-0.14,5.161290322580645,1.1181375867741936
Bengaluru Rural,2006,6,13.28,77.55,105.27945709228516,-0.059,-0.03,2.433333333333333,1.1171617263333333
Bengaluru Rural,2006,7,13.28,77.55,47.93432152271271,0.04,0.1,6.096774193548387,1.0984740158064517
Bengaluru Rural,2006,8,13.28,77.55,30.63368844985962,0.229,0.3,3.838709677419355,0.9450053216129032
Bengaluru Rural,2006,9,13.28,77.55,98.6594337373972,0.428,0.54,2.9,1.5086187580000001
Bengaluru Rural,2006,10,13.28,77.55,47.429419443011284,0.577,0.77,4.645161290322581,1.7489779667580645
Bengaluru Rural,2006,11,13.28,77.55,47.57901728153229,0.501,0.94,3.6333333333333333,1.1893461453333332
Bengaluru Rural,2006,12,13.28,77.55,0.0,0.172,0.94,3.2903225806451615,1.4631380310096773
Bengaluru Rural,2007,1,13.28,77.55,0.0,0.225,0.66,5.935483870967742,1.2701261521580645
Bengaluru Rural,2007,2,13.28,77.55,6.827550888061523,0.15,0.22,4.357142857142857,1.1186876339285714
Bengaluru Rural,2007,3,13.28,77.55,0.0,0.115,-0.12,5.645161290322581,1.321150566451613
Bengaluru Rural,2007,4,13.28,77.55,98.53776866197586,0.1,-0.32,5.133333333333334,0.8067391546666667
Bengaluru Rural,2007,5,13.28,77.55,86.59868705272675,0.27,-0.38,4.741935483870968,1.2340057027322582
Bengaluru Rural,2007,6,13.28,77.55,124.56640791893005,0.031,-0.47,3.1333333333333333,1.3529915246666666
Bengaluru Rural,2007,7,13.28,77.55,101.37554628401995,0.045,-0.56,4.193548387096774,1.3795319935483872
Bengaluru Rural,2007,8,13.28,77.55,152.98483827710152,0.237,-0.81,2.5483870967741935,0.8762567774193548
Bengaluru Rural,2007,9,13.28,77.55,188.74145986884832,0.235,-1.07,4.533333333333333,1.1761283893333332
Bengaluru Rural,2007,10,13.28,77.55,180.1332422196865,0.068,-1.34,5.419354838709677,1.2009301141935484
Bengaluru Rural,2007,11,13.28,77.55,18.233493328094482,-0.023,-1.5,5.533333333333333,1.588934237
Bengaluru Rural,2007,12,13.28,77.55,22.809577465057373,-0.227,-1.6,3.4838709677419355,2.0751771258064515
Bengaluru Rural,2008,1,13.28,77.55,0.0,0.115,-1.64,5.193548387096774,1.8184795248387096
Bengaluru Rural,2008,2,13.28,77.55,11.698314905166626,-0.072,-1.52,3.586206896551724,1.2379733358620688
Bengaluru Rural,2008,3,13.28,77.55,119.38978064060211,0.097,-1.29,2.870967741935484,1.8412203261290323
Bengaluru Rural,2008,4,13.28,77.55,6.498532205820084,-0.153,-1.01,4.966666666666667,0.8616907713333333
Bengaluru Rural,2008,5,13.28,77.55,86.20182354748249,0.179,-0.84,4.967741935483871,1.7237106374193547
Bengaluru Rural,2008,6,13.28,77.55,21.624460339546204,0.215,-0.61,4.666666666666667,0.953116955
Bengaluru Rural,2008,7,13.28,77.55,208.1418073773384,0.246,-0.37,2.3870967741935485,1.2312710548387096
Bengaluru Rural,2008,8,13.28,77.55,186.02034474164248,0.124,-0.23,2.3548387096774195,1.211697393548387
Bengaluru Rural,2008,9,13.28,77.55,165.33179639279842,0.086,-0.24,4.833333333333333,1.4465834003333333
Bengaluru Rural,2008,10,13.28,77.55,152.4343856573105,0.029,-0.35,3.3225806451612905,1.3736839277419355
Bengaluru Rural,2008,11,13.28,77.55,41.72193229198456,-0.128,-0.55,5.033333333333333,1.2276514546666666
Bengaluru Rural,2008,12,13.28,77.55,6.836781084537506,-0.053,-0.73,5.870967741935484,0.8991352851612903
Bengaluru Rural,2009,1,13.28,77.55,0.0,0.031,-0.85,5.258064516129032,1.3644628538709678
Bengaluru Rural,2009,2,13.28,77.55,0.0,0.163,-0.79,5.178571428571429,0.9907292532142857
Bengaluru Rural,2009,3,13.28,77.55,15.86364708840847,0.1,-0.61,6.096774193548387,1.1326078929032257
Bengaluru Rural,2009,4,13.28,77.55,30.390679597854614,0.126,-0.33,3.9,2.2441025066666667
Bengaluru Rural,2009,5,13.28,77.55,92.84699593484402,0.257,0.01,7.225806451612903,1.0808286461290324
Bengaluru Rural,2009,6,13.28,77.55,100.51674464344978,0.1,0.28,5.866666666666666,1.4584701413333332
Bengaluru Rural,2009,7,13.28,77.55,31.532092332839966,-0.192,0.45,3.838709677419355,0.6150665787096774
Bengaluru Rural,2009,8,13.28,77.55,94.81117224693298,-0.104,0.58,2.935483870967742,1.12875141
Bengaluru Rural,2009,9,13.28,77.55,220.05202843248844,-0.103,0.71,4.033333333333333,1.6812911126666668
Bengaluru Rural,2009,10,13.28,77.55,30.931229829788208,-0.013,1.01,5.225806451612903,0.9675306593548387
Bengaluru Rural,2009,11,13.28,77.55,60.315128684043884,-0.067,1.36,3.7666666666666666,1.78102768
Bengaluru Rural,2009,12,13.28,77.55,11.781647562980652,0.16,1.56,5.096774193548387,1.2578152232258064
Bengaluru Rural,2010,1,13.28,77.55,0.0,0.294,1.5,4.967741935483871,1.289910690967742
Bengaluru Rural,2010,2,13.28,77.55,0.0,0.023,1.22,7.107142857142857,1.3009368542857143
Bengaluru Rural,2010,3,13.28,77.55,14.521991729736328,0.458,0.84,2.4516129032258065,1.229541595483871
Bengaluru Rural,2010,4,13.28,77.55,60.43669620156288,0.37,0.35,4.3,0.970552031
Bengaluru Rural,2010,5,13.28,77.55,135.90133230388165,-0.029,-0.17,4.032258064516129,1.3091519658064517
Bengaluru Rural,2010,6,13.28,77.55,159.84095752239227,-0.14,-0.66,1.7666666666666666,1.285590429
Bengaluru Rural,2010,7,13.28,77.55,137.8902080208063,-0.001,-1.05,2.4193548387096775,1.663601914516129
Bengaluru Rural,2010,8,13.28,77.55,155.89878187328577,-0.061,-1.35,2.967741935483871,0.747917844516129
Bengaluru Rural,2010,9,13.28,77.55,72.50154927372932,-0.267,-1.56,2.2,0.8091414173333332
Bengaluru Rural,2010,10,13.28,77.55,44.54972042888403,-0.437,-1.64,5.032258064516129,1.3724983983870966
Bengaluru Rural,2010,11,13.28,77.55,166.11882308125496,-0.495,-1.64,4.433333333333334,0.7180750344066666
Bengaluru Rural,2010,12,13.28,77.55,12.554594278335571,-0.212,-1.54,5.129032258064516,0.9818622567741935
Bengaluru Rural,2011,1,13.28,77.55,0.0,0.191,-1.31,5.967741935483871,1.5956191370967743
Bengaluru Rural,2011,2,13.28,77.55,31.240748405456543,0.241,-1.04,5.678571428571429,0.5124724357571429
Bengaluru Rural,2011,3,13.28,77.55,0.2601263150572777,0.367,-0.8,4.645161290322581,1.117857366129032
Bengaluru Rural,2011,4,13.28,77.55,178.8491921275854,0.154,-0.62,5.866666666666666,0.9413861176666667
Bengaluru Rural,2011,5,13.28,77.55,156.12101089954376,-0.089,-0.46,6.129032258064516,1.5436429977419355
Bengaluru Rural,2011,6,13.28,77.55,65.72145000100136,0.055,-0.37,3.7333333333333334,0.6791252076666666
Bengaluru Rural,2011,7,13.28,77.55,100.06155061721802,0.223,-0.43,3.7096774193548385,1.0109919648387098
Bengaluru Rural,2011,8,13.28,77.55,241.4797913134098,0.344,-0.58,2.774193548387097,1.011544473516129
Bengaluru Rural,2011,9,13.28,77.55,117.4531412422657,0.202,-0.79,3.7,0.9066917783333334
Bengaluru Rural,2011,10,13.28,77.55,153.4904903769493,0.356,-0.96,4.129032258064516,1.8293501125806453
Bengaluru Rural,2011,11,13.28,77.55,50.47863608598709,0.336,-1.02,4.033333333333333,1.4278005003333334
Bengaluru Rural,2011,12,13.28,77.55,10.915668725967407,-0.128,-0.92,4.483870967741935,1.388414425483871
Bengaluru Rural,2012,1,13.28,77.55,0.0,0.046,-0.72,5.774193548387097,1.0838557522580645
Bengaluru Rural,2012,2,13.28,77.55,0.0,-0.078,-0.57,4.068965517241379,1.9624444827586207
Bengaluru Rural,2012,3,13.28,77.55,5.823160648345947,0.026,-0.46,5.161290322580645,2.275805190322581
Bengaluru Rural,2012,4,13.28,77.55,83.87481173872948,-0.271,-0.36,4.733333333333333,1.392764723
Bengaluru Rural,2012,5,13.28,77.55,39.073288798332214,-0.37,-0.17,5.838709677419355,0.508314344516129
Bengaluru Rural,2012,6,13.28,77.55,7.20101872086525,0.0,0.06,3.933333333333333,1.5851710730000002
Bengaluru Rural,2012,7,13.28,77.55,71.85101352632046,0.546,0.3,3.2580645161290325,1.0006735025806452
Bengaluru Rural,2012,8,13.28,77.55,165.61016131937504,0.652,0.41,3.3548387096774195,1.4237936377419356
Bengaluru Rural,2012,9,13.28,77.55,52.23564342409372,0.453,0.41,4.366666666666666,1.1895103533333333
Bengaluru Rural,2012,10,13.28,77.55,63.0715686827898,0.11,0.31,3.064516129032258,1.05932045
Bengaluru Rural,2012,11,13.28,77.55,102.10337567329407,-0.099,0.13,4.6,0.7542804866666667
Bengaluru Rural,2012,12,13.28,77.55,21.404871881008148,0.267,-0.1,2.4516129032258065,0.8817284803225806
Bengaluru Rural,2013,1,13.28,77.55,0.0,-0.065,-0.29,6.064516129032258,1.989185853870968
Bengaluru Rural,2013,2,13.28,77.55,6.83570522069931,0.189,-0.29,3.392857142857143,1.6343154739285715
Bengaluru Rural,2013,3,13.28,77.55,7.224067687988281,0.083,-0.21,5.225806451612903,1.208878878064516
Bengaluru Rural,2013,4,13.28,77.55,12.527790784835815,-0.297,-0.19,5.133333333333334,0.9100850366666666
Bengaluru Rural,2013,5,13.28,77.55,119.49781036376953,-0.506,-0.27,3.935483870967742,1.196817595483871
Bengaluru Rural,2013,6,13.28,77.55,51.55081979930401,-0.497,-0.34,4.366666666666666,1.2253081406666666
Bengaluru Rural,2013,7,13.28,77.55,85.20765474438667,-0.181,-0.35,3.5806451612903225,0.8870305335483871
Bengaluru Rural,2013,8,13.28,77.55,93.86958826333284,-0.194,-0.28,5.806451612903226,0.912353013548387
Bengaluru Rural,2013,9,13.28,77.55,233.14708134531975,-0.31,-0.21,3.7666666666666666,1.5937026506666667
Bengaluru Rural,2013,10,13.28,77.55,71.95214764028788,-0.168,-0.13,5.161290322580645,0.8202488128741936
Bengaluru Rural,2013,11,13.28,77.55,90.45209926366806,0.199,-0.1,3.2,0.6853039573333334
Bengaluru Rural,2013,12,13.28,77.55,8.724287033081055,0.141,-0.15,3.870967741935484,1.0410569158064515
Bengaluru Rural,2014,1,13.28,77.55,0.0,-0.101,-0.28,5.741935483870968,1.1766352048387096
Bengaluru Rural,2014,2,13.28,77.55,0.0,-0.089,-0.32,5.857142857142857,1.4348881625
Bengaluru Rural,2014,3,13.28,77.55,5.346701189875603,-0.151,-0.14,3.6129032258064515,1.5816916796774194
Bengaluru Rural,2014,4,13.28,77.55,8.707700312137604,-0.058,0.15,5.533333333333333,1.3192271676666667
Bengaluru Rural,2014,5,13.28,77.55,127.24003554880619,-0.092,0.31,2.3225806451612905,1.4339224977419354
Bengaluru Rural,2014,6,13.28,77.55,42.907983638346195,-0.028,0.23,4.433333333333334,1.108679051
Bengaluru Rural,2014,7,13.28,77.55,50.59529688954353,-0.363,0.1,5.806451612903226,1.1528067432258065
Bengaluru Rural,2014,8,13.28,77.55,137.7038220614195,-0.372,0.11,1.7096774193548387,1.2150309538709676
Bengaluru Rural,2014,9,13.28,77.55,113.1148553788662,-0.145,0.28,4.333333333333333,0.649377995
Bengaluru Rural,2014,10,13.28,77.55,250.7228222489357,0.141,0.54,3.7096774193548385,0.9880874900000001
Bengaluru Rural,2014,11,13.28,77.55,28.379935830831528,0.009,0.71,2.933333333333333,1.4682012086666667
Bengaluru Rural,2014,12,13.28,77.55,10.766293287277222,0.046,0.77,4.741935483870968,1.3856411206451613
Bengaluru Rural,2015,1,13.28,77.55,5.914354383945465,-0.1,0.69,6.193548387096774,1.595519382903226
Bengaluru Rural,2015,2,13.28,77.55,0.0,-0.345,0.61,6.464285714285714,0.8730502682142857
Bengaluru Rural,2015,3,13.28,77.55,30.11515912413597,-0.241,0.65,5.161290322580645,2.5235438870967744
Bengaluru Rural,2015,4,13.28,77.55,82.8830199688673,-0.008,0.81,3.466666666666667,0.9544394936666667
Bengaluru Rural,2015,5,13.28,77.55,99.29502420127392,0.24,1.02,5.096774193548387,0.7510026245161291
Bengaluru Rural,2015,6,13.28,77.55,34.25966376811266,0.296,1.25,3.433333333333333,1.9929203833333333
Bengaluru Rural,2015,7,13.28,77.55,76.20425805449486,0.225,1.57,4.451612903225806,1.837990334516129
Bengaluru Rural,2015,8,13.28,77.55,144.1597302854061,0.568,1.91,5.870967741935484,0.8428048241935484
Bengaluru Rural,2015,9,13.28,77.55,341.0340546667576,0.294,2.21,4.7,0.62977513528
Bengaluru Rural,2015,10,13.28,77.55,55.800224125385284,0.482,2.47,4.935483870967742,1.5348366948387098
Bengaluru Rural,2015,11,13.28,77.55,197.63539493083954,0.347,2.64,2.6666666666666665,1.8664467500000002
Bengaluru Rural,2015,12,13.28,77.55,7.866199865937233,0.272,2.75,4.419354838709677,1.905701525483871
Bengaluru Rural,2016,1,13.28,77.55,2.4449020624160767,0.265,2.63,4.548387096774194,1.397440465735484
Bengaluru Rural,2016,2,13.28,77.55,0.0,-0.11,2.28,5.586206896551724,2.0595920172413793
Bengaluru Rural,2016,3,13.28,77.55,18.629238843917847,-0.008,1.71,5.387096774193548,1.2421979758064514
Bengaluru Rural,2016,4,13.28,77.55,0.0,0.146,1.05,3.433333333333333,0.6606036036666667
Bengaluru Rural,2016,5,13.28,77.55,178.05441105365753,-0.113,0.49,2.935483870967742,1.3503781812903226
Bengaluru Rural,2016,6,13.28,77.55,154.19989478588104,-0.443,0.0,4.166666666666667,1.5598082686666668
Bengaluru Rural,2016,7,13.28,77.55,290.59868118166924,-0.757,-0.31,3.129032258064516,1.0086871877419354
Bengaluru Rural,2016,8,13.28,77.55,25.738081455230713,-0.443,-0.5,5.709677419354839,1.3634238690322582
Bengaluru Rural,2016,9,13.28,77.55,45.70678400993347,-0.437,-0.58,4.233333333333333,0.9987363606666667
Bengaluru Rural,2016,10,13.28,77.55,61.198894783854485,-0.371,-0.64,5.645161290322581,0.6798959190322581
Bengaluru Rural,2016,11,13.28,77.55,7.469038248062134,-0.382,-0.6,4.366666666666666,1.4056047909999998
Bengaluru Rural,2016,12,13.28,77.55,68.21675541996956,-0.31,-0.45,4.451612903225806,0.6025583080645162
Bengaluru Rural,2017,1,13.28,77.55,0.2729598879814148,-0.086,-0.19,3.7096774193548385,1.2075865980645162
Bengaluru Rural,2017,2,13.28,77.55,0.0,0.101,-0.02,4.607142857142857,2.432161792857143
Bengaluru Rural,2017,3,13.28,77.55,26.649409651756287,0.357,0.18,3.6774193548387095,0.7525501162903225
Bengaluru Rural,2017,4,13.28,77.55,42.267315208911896,0.498,0.31,6.7,0.7843319514433333
Bengaluru Rural,2017,5,13.28,77.55,163.20796655118465,0.536,0.4,4.193548387096774,1.3503042366709677
Bengaluru Rural,2017,6,13.28,77.55,36.284379199147224,0.424,0.39,2.433333333333333,1.010765505
Bengaluru Rural,2017,7,13.28,77.55,23.119548961520195,0.52,0.19,3.6774193548387095,1.0194311058064516
Bengaluru Rural,2017,8,13.28,77.55,159.40291349589825,0.349,-0.07,4.193548387096774,0.560064344016129
Bengaluru Rural,2017,9,13.28,77.55,391.9085347056389,0.035,-0.34,4.233333333333333,0.5864452456666667
Bengaluru Rural,2017,10,13.28,77.55,195.18840217590332,0.015,-0.6,5.354838709677419,2.0237151622580645
Bengaluru Rural,2017,11,13.28,77.55,18.183233857154846,0.289,-0.77,4.166666666666667,0.8390316453333334
Bengaluru Rural,2017,12,13.28,77.55,4.245497226715088,0.11,-0.86,5.258064516129032,1.455329965483871
Bengaluru Rural,2018,1,13.28,77.55,0.0,-0.2,-0.77,3.5806451612903225,2.2438225967741934
Bengaluru Rural,2018,2,13.28,77.55,5.038397997617722,0.216,-0.71,5.5,2.449217742857143
Bengaluru Rural,2018,3,13.28,77.55,39.038538098335266,-0.12,-0.57,4.161290322580645,1.1359975419354837
Bengaluru Rural,2018,4,13.28,77.55,17.10479646921158,-0.083,-0.39,4.433333333333334,1.4919827436666668
Bengaluru Rural,2018,5,13.28,77.55,180.9939897209406,0.122,-0.13,3.096774193548387,1.7735262777419354
Bengaluru Rural,2018,6,13.28,77.55,48.72790649533272,0.155,0.06,3.433333333333333,1.099695321
Bengaluru Rural,2018,7,13.28,77.55,40.20520853251219,0.053,0.14,4.967741935483871,1.4670566325806451
Bengaluru Rural,2018,8,13.28,77.55,61.198356211185455,0.121,0.27,5.419354838709677,1.1604823280645162
Bengaluru Rural,2018,9,13.28,77.55,108.83487409353256,0.604,0.53,6.6,1.0746740603333333
Bengaluru Rural,2018,10,13.28,77.55,75.3157879114151,0.684,0.81,4.129032258064516,1.372201460967742
Bengaluru Rural,2018,11,13.28,77.55,15.803664162755013,0.5,0.97,4.666666666666667,1.3713922473333333
Bengaluru Rural,2018,12,13.28,77.55,6.204961061477661,0.309,0.92,3.838709677419355,2.266200470967742
Bengaluru Rural,2019,1,13.28,77.55,0.17159168422222137,0.387,0.89,5.709677419354839,1.75703085
Bengaluru Rural,2019,2,13.28,77.55,26.82128605246544,0.416,0.86,6.142857142857143,1.7487797142857142
Bengaluru Rural,2019,3,13.28,77.55,0.0,0.225,0.84,4.064516129032258,1.1146516216129032
Bengaluru Rural,2019,4,13.28,77.55,29.475671380758286,0.258,0.77,3.7333333333333334,1.0698441273333332
Bengaluru Rural,2019,5,13.28,77.55,102.8138776421547,0.54,0.64,6.096774193548387,1.854505129032258
Bengaluru Rural,2019,6,13.28,77.55,93.78546297550201,0.605,0.52,4.566666666666666,1.3048570076666666
Bengaluru Rural,2019,7,13.28,77.55,79.88891597092152,0.597,0.33,2.3548387096774195,0.8737279109677419
Bengaluru Rural,2019,8,13.28,77.55,83.13051563501358,0.436,0.19,4.129032258064516,0.9542141777419355
Bengaluru Rural,2019,9,13.28,77.55,137.65702211856842,0.892,0.23,4.5,1.6799940163333333
Bengaluru Rural,2019,10,13.28,77.55,230.24174824357033,0.964,0.39,2.6774193548387095,1.5321089774193548
Bengaluru Rural,2019,11,13.28,77.55,22.06451090425253,0.835,0.58,4.7,1.5540973666666666
Bengaluru Rural,2019,12,13.28,77.55,6.401913940906525,0.243,0.66,3.7096774193548385,0.9795201067741935
Bengaluru Rural,2020,1,13.28,77.55,0.0,0.173,0.64,5.516129032258065,2.0013102467741937
Bengaluru Rural,2020,2,13.28,77.55,0.0,0.054,0.63,5.551724137931035,1.19141821
Bengaluru Rural,2020,3,13.28,77.55,10.475903034210205,0.019,0.53,3.7419354838709675,1.516898370967742
Bengaluru Rural,2020,4,13.28,77.55,69.59898939728737,-0.011,0.3,3.6666666666666665,1.6374265986666667
Bengaluru Rural,2020,5,13.28,77.55,69.68711787462234,0.298,0.01,4.451612903225806,1.1646890893548387
Bengaluru Rural,2020,6,13.28,77.55,123.43271920084953,0.455,-0.23,1.6,1.3547168013333333
Bengaluru Rural,2020,7,13.28,77.55,204.55115213990211,0.319,-0.36,2.0,1.5012130690322583
Bengaluru Rural,2020,8,13.28,77.55,110.55034307390451,-0.183,-0.53,4.516129032258065,1.5708076487096774
Bengaluru Rural,2020,9,13.28,77.55,193.12408089637756,-0.189,-0.85,4.166666666666667,1.1078213236666665
Bengaluru Rural,2020,10,13.28,77.55,110.872548609972,0.074,-1.12,5.032258064516129,1.8443815480645163
Bengaluru Rural,2020,11,13.28,77.55,36.947094172239304,0.02,-1.2,4.533333333333333,1.0659901883333334
Bengaluru Rural,2020,12,13.28,77.55,13.004171878099442,0.031,-1.08,4.709677419354839,0.8462182629741936
Bengaluru Rural,2021,1,13.28,77.55,11.602086067199707,0.051,-0.91,4.483870967741935,1.3812992767741936
Bengaluru Rural,2021,2,13.28,77.55,41.077981039881706,0.243,-0.79,6.357142857142857,1.7109776275000002
Bengaluru Rural,2021,3,13.28,77.55,0.0,0.267,-0.71,4.032258064516129,1.1486161170967741
Bengaluru Rural,2021,4,13.28,77.55,58.0584135055542,0.25,-0.55,6.7,2.1312086966666666
Bengaluru Rural,2021,5,13.28,77.55,44.89071176201105,0.009,-0.39,3.6451612903225805,1.6188268058064517
Bengaluru Rural,2021,6,13.28,77.55,118.72376862168312,-0.002,-0.3,3.033333333333333,1.2543668813333333
Bengaluru Rural,2021,7,13.28,77.55,219.7120240777731,-0.229,-0.35,4.193548387096774,1.2697446645161292
Bengaluru Rural,2021,8,13.28,77.55,157.65351808071136,-0.099,-0.45,3.0,1.3328496390322582
Bengaluru Rural,2021,9,13.28,77.55,57.547944128513336,-0.058,-0.63,3.4,1.16716908
Bengaluru Rural,2021,10,13.28,77.55,273.7241598814726,-0.091,-0.76,3.5161290322580645,1.1958632022580646
Bengaluru Rural,2021,11,13.28,77.55,280.2509101629257,0.069,-0.91,3.7333333333333334,1.0642061103333333
Bengaluru Rural,2021,12,13.28,77.55,12.49463839828968,-0.12,-0.87,6.451612903225806,2.068191648387097
Bengaluru Rural,2022,1,13.28,77.55,1.28304922580719,-0.056,-0.82,6.838709677419355,1.1541269361290323
Bengaluru Rural,2022,2,13.28,77.55,0.0,-0.082,-0.79,3.142857142857143,1.2939472457142858
Bengaluru Rural,2022,3,13.28,77.55,8.067391633987427,-0.093,-0.86,3.064516129032258,1.0719917463806452
Bengaluru Rural,2022,4,13.28,77.55,43.18260079622269,-0.068,-0.95,3.5,0.6809799073333332
Bengaluru Rural,2022,5,13.28,77.55,256.3053474277258,-0.122,-0.9,4.67741935483871,1.2369349422580647
Bengaluru Rural,2022,6,13.28,77.55,264.32203009724617,-0.335,-0.78,2.7333333333333334,1.7460144566666667
Bengaluru Rural,2022,7,13.28,77.55,144.69258301705122,-0.195,-0.76,3.096774193548387,0.9906527754838709
Bengaluru Rural,2022,8,13.28,77.55,305.20756678283215,-0.246,-0.87,3.3870967741935485,0.9623516609677419
Bengaluru Rural,2022,9,13.28,77.55,208.77143043279648,-0.322,-0.97,4.566666666666666,0.45954351401
Bengaluru Rural,2022,10,13.28,77.55,219.00743037462234,-0.691,-0.94,5.387096774193548,1.5040083503225805
Bengaluru Rural,2022,11,13.28,77.55,45.28576302528381,-0.269,-0.85,5.966666666666667,1.2876559716666667
Bengaluru Rural,2022,12,13.28,77.55,81.26185631752014,-0.091,-0.71,4.161290322580645,1.0273198254935483
Bengaluru Rural,2023,1,13.28,77.55,0.0,0.11,-0.54,5.32258064516129,1.3139867793548388
Bengaluru Rural,2023,2,13.28,77.55,0.0,0.157,-0.29,5.571428571428571,1.642928577857143
Bengaluru Rural,2023,3,13.28,77.55,4.101186901330948,0.414,-0.02,4.548387096774194,2.51316421
Bengaluru Rural,2023,4,13.28,77.55,40.33283534226939,0.56,0.27,5.133333333333334,1.690960304
Bengaluru Rural,2023,5,13.28,77.55,109.18653546646237,0.443,0.57,6.064516129032258,1.6563232422580645
Bengaluru Rural,2023,6,13.28,77.55,39.11226107785478,0.665,0.84,3.066666666666667,1.1452140906
Bengaluru Rural,2023,7,13.28,77.55,121.55356990266591,0.498,1.12,4.225806451612903,0.7976125261290323
Bengaluru Rural,2023,8,13.28,77.55,11.291825940366834,0.826,1.37,6.32258064516129,0.9138732870967742
Bengaluru Rural,2023,9,13.28,77.55,205.60989625379443,0.946,1.6,3.533333333333333,0.8482362092433333
Bengaluru Rural,2023,10,13.28,77.55,74.60292750690132,0.804,1.83,4.419354838709677,1.3481443029032258
Bengaluru Rural,2023,11,13.28,77.55,103.83821469545364,0.92,1.99,3.3,1.3793660156666665
Bengaluru Rural,2023,12,13.28,77.55,3.888077756855637,0.852,2.06,4.193548387096774,1.5088745183870966
Mysuru,2000,1,12.3,76.64,0.0,-0.125,-1.66,3.7096774193548385,0.6000893251612903
Mysuru,2000,2,12.3,76.64,5.156286388635635,-0.009,-1.41,3.793103448275862,1.1428570703448275
Mysuru,2000,3,12.3,76.64,0.0,0.141,-1.07,3.3870967741935485,0.9157557180645162
Mysuru,2000,4,12.3,76.64,150.1118615269661,0.141,-0.81,4.533333333333333,0.9053602656666667
Mysuru,2000,5,12.3,76.64,69.45674633979797,0.113,-0.71,5.483870967741935,0.9960924206451613
Mysuru,2000,6,12.3,76.64,30.727154195308685,-0.022,-0.64,4.1,0.7017651786833333
Mysuru,2000,7,12.3,76.64,15.775480769574642,0.077,-0.55,5.548387096774194,1.5948303687096774
Mysuru,2000,8,12.3,76.64,180.45759671926498,0.131,-0.51,3.838709677419355,1.62711539
Mysuru,2000,9,12.3,76.64,191.90519300103188,-0.096,-0.55,4.1,1.278711512
Mysuru,2000,10,12.3,76.64,218.72150415182114,-0.142,-0.63,4.806451612903226,1.5696261258064517
Mysuru,2000,11,12.3,76.64,57.060179710388184,-0.306,-0.75,4.266666666666667,1.6378827666666667
Mysuru,2000,12,12.3,76.64,13.42261178791523,-0.248,-0.74,4.806451612903226,1.1626311996774195
Mysuru,2001,1,12.3,76.64,0.0,-0.431,-0.68,2.5483870967741935,1.8043092477419354
Mysuru,2001,2,12.3,76.64,0.4527900218963623,-0.016,-0.52,5.25,2.3275103500000003
Mysuru,2001,3,12.3,76.64,0.0,-0.01,-0.44,5.258064516129032,0.6080977735483871
Mysuru,2001,4,12.3,76.64,119.32909575104713,0.136,-0.34,4.533333333333333,0.6858787033333333
Mysuru,2001,5,12.3,76.64,16.35953353345394,0.137,-0.25,5.451612903225806,1.5366611332258064
Mysuru,2001,6,12.3,76.64,5.157370716333389,0.127,-0.12,4.033333333333333,0.8460881063833334
Mysuru,2001,7,12.3,76.64,64.56148570775986,-0.14,-0.08,4.258064516129032,1.4921871870967742
Mysuru,2001,8,12.3,76.64,87.4940234720707,-0.301,-0.13,5.419354838709677,1.397106648064516
Mysuru,2001,9,12.3,76.64,78.02976816892624,-0.223,-0.19,3.0,1.2181324733333334
Mysuru,2001,10,12.3,76.64,173.4710706025362,-0.451,-0.29,5.387096774193548,1.3723289300000001
Mysuru,2001,11,12.3,76.64,48.35359239578247,-0.245,-0.35,4.4,0.9614376696666667
Mysuru,2001,12,12.3,76.64,4.585755348205566,-0.051,-0.31,6.580645161290323,1.7203842838709678
Mysuru,2002,1,12.3,76.64,0.0,-0.142,-0.15,4.258064516129032,1.6998524758064517
Mysuru,2002,2,12.3,76.64,0.8010900020599365,-0.098,0.03,5.714285714285714,1.0814431442857144
Mysuru,2002,3,12.3,76.64,38.879173278808594,0.008,0.09,3.5483870967741935,1.3025143731387099
Mysuru,2002,4,12.3,76.64,14.475909292697906,-0.352,0.2,2.533333333333333,0.8904978936033333
Mysuru,2002,5,12.3,76.64,32.85944068431854,-0.329,0.43,5.903225806451613,2.409133551612903
Mysuru,2002,6,12.3,76.64,115.10826396942139,-0.189,0.65,3.566666666666667,1.8803833166666666
Mysuru,2002,7,12.3,76.64,24.322891891002655,-0.261,0.79,6.387096774193548,1.7221574980645162
Mysuru,2002,8,12.3,76.64,44.329127699136734,-0.208,0.86,5.67741935483871,1.4202360319354839
Mysuru,2002,9,12.3,76.64,22.250281557440758,0.286,1.01,4.433333333333334,0.7018471730000001
Mysuru,2002,10,12.3,76.64,161.61116942763329,0.405,1.21,4.129032258064516,0.8933860990322581
Mysuru,2002,11,12.3,76.64,0.0,0.096,1.31,3.566666666666667,2.25046865
Mysuru,2002,12,12.3,76.64,0.0,-0.158,1.14,3.7096774193548385,1.8575260422580646
Mysuru,2003,1,12.3,76.64,0.0,-0.239,0.92,5.354838709677419,0.8134987815870968
Mysuru,2003,2,12.3,76.64,0.19156499207019806,0.017,0.63,4.178571428571429,0.7148255028571429
Mysuru,2003,3,12.3,76.64,48.95465436577797,-0.039,0.38,3.903225806451613,1.4626752464516128
Mysuru,2003,4,12.3,76.64,68.88325254619122,-0.099,-0.04,3.8666666666666667,1.1874197433333333
Mysuru,2003,5,12.3,76.64,25.99308681488037,-0.164,-0.26,5.258064516129032,2.245336555483871
Mysuru,2003,6,12.3,76.64,50.643711149692535,0.139,-0.16,3.2666666666666666,1.65106069
Mysuru,2003,7,12.3,76.64,50.0517313182354,0.131,0.08,3.6129032258064515,0.9928557990322581
Mysuru,2003,8,12.3,76.64,67.8435758203268,0.108,0.21,3.870967741935484,0.6039936987096773
Mysuru,2003,9,12.3,76.64,11.871557235717773,-0.06,0.26,4.266666666666667,0.7902776976666667
Mysuru,2003,10,12.3,76.64,182.57922686636448,-0.243,0.29,5.419354838709677,1.2216482238709676
Mysuru,2003,11,12.3,76.64,39.97787702083588,-0.159,0.35,4.3,0.49874167021000004
Mysuru,2003,12,12.3,76.64,0.0,0.189,0.35,4.258064516129032,1.8000867477419356
Mysuru,2004,1,12.3,76.64,0.0,0.044,0.37,4.709677419354839,2.246038609677419
Mysuru,2004,2,12.3,76.64,0.0,0.114,0.31,5.517241379310345,1.4791189124137931
Mysuru,2004,3,12.3,76.64,0.9055799543857574,0.077,0.23,5.064516129032258,2.1767354612903227
Mysuru,2004,4,12.3,76.64,79.91281934082508,-0.079,0.17,3.6,1.2874256193333333
Mysuru,2004,5,12.3,76.64,186.21004037559032,-0.565,0.17,3.838709677419355,1.4382904767741935
Mysuru,2004,6,12.3,76.64,25.32800455391407,-0.384,0.28,4.533333333333333,1.0188708323333333
Mysuru,2004,7,12.3,76.64,134.63107724487782,-0.301,0.47,2.6129032258064515,1.6112249593548387
Mysuru,2004,8,12.3,76.64,30.189909771084785,-0.133,0.64,6.612903225806452,1.2484562670967743
Mysuru,2004,9,12.3,76.64,112.8896606117487,-0.106,0.7,2.1,1.4384542359999999
Mysuru,2004,10,12.3,76.64,168.93999142944813,-0.004,0.67,4.32258064516129,1.54811694
Mysuru,2004,11,12.3,76.64,27.059949442744255,-0.153,0.66,3.8666666666666667,0.558687573
Mysuru,2004,12,12.3,76.64,0.0,-0.132,0.69,4.354838709677419,0.7194164974193549
Mysuru,2005,1,12.3,76.64,0.9297265112400055,-0.124,0.64,5.67741935483871,1.203385613832258
Mysuru,2005,2,12.3,76.64,7.491854667663574,-0.56,0.58,6.821428571428571,1.5145378439285715
Mysuru,2005,3,12.3,76.64,0.0,-0.433,0.45,4.290322580645161,1.7757296806451612
Mysuru,2005,4,12.3,76.64,74.76149135828018,0.084,0.43,4.966666666666667,2.6446991
Mysuru,2005,5,12.3,76.64,122.94583863019943,-0.033,0.29,4.548387096774194,1.8156324893548388
Mysuru,2005,6,12.3,76.64,93.31317681074142,-0.176,0.11,2.966666666666667,0.7345759723333334
Mysuru,2005,7,12.3,76.64,153.52673833072186,-0.384,-0.06,2.6451612903225805,1.0290815029032259
Mysuru,2005,8,12.3,76.64,123.2240399569273,-0.345,-0.14,3.6129032258064515,0.939736100967742
Mysuru,2005,9,12.3,76.64,78.61041963100433,-0.534,-0.11,5.8,1.522602815
Mysuru,2005,10,12.3,76.64,288.16755713522434,-0.436,-0.29,3.5483870967741935,1.0373357177419353
Mysuru,2005,11,12.3,76.64,81.66054904460907,-0.272,-0.57,5.7,1.0062126816666666
Mysuru,2005,12,12.3,76.64,7.75343918800354,-0.3,-0.84,3.7419354838709675,0.6440208229032258
Mysuru,2006,1,12.3,76.64,0.0,-0.135,-0.85,4.258064516129032,1.7294375064516128
Mysuru,2006,2,12.3,76.64,0.0,-0.306,-0.77,5.428571428571429,1.6995880442857143
Mysuru,2006,3,12.3,76.64,37.88018096983433,-0.226,-0.57,4.419354838709677,0.8061425020580646
Mysuru,2006,4,12.3,76.64,39.12341237068176,-0.015,-0.37,4.833333333333333,0.9840533986666666
Mysuru,2006,5,12.3,76.64,112.05243916809559,-0.208,-0.14,5.161290322580645,1.1181375867741936
Mysuru,2006,6,12.3,76.64,48.15008410811424,-0.059,-0.03,2.433333333333333,1.1171617263333333
Mysuru,2006,7,12.3,76.64,32.64559614658356,0.04,0.1,6.096774193548387,1.0984740158064517
Mysuru,2006,8,12.3,76.64,54.67516249418259,0.229,0.3,3.838709677419355,0.9450053216129032
Mysuru,2006,9,12.3,76.64,53.451602563261986,0.428,0.54,2.9,1.5086187580000001
Mysuru,2006,10,12.3,76.64,56.13176932930946,0.577,0.77,4.645161290322581,1.7489779667580645
Mysuru,2006,11,12.3,76.64,86.27873849868774,0.501,0.94,3.6333333333333333,1.1893461453333332
Mysuru,2006,12,12.3,76.64,0.0,0.172,0.94,3.2903225806451615,1.4631380310096773
Mysuru,2007,1,12.3,76.64,0.0,0.225,0.66,5.935483870967742,1.2701261521580645
Mysuru,2007,2,12.3,76.64,0.0,0.15,0.22,4.357142857142857,1.1186876339285714
Mysuru,2007,3,12.3,76.64,0.0,0.115,-0.12,5.645161290322581,1.321150566451613
Mysuru,2007,4,12.3,76.64,11.197477638721466,0.1,-0.32,5.133333333333334,0.8067391546666667
Mysuru,2007,5,12.3,76.64,37.300286531448364,0.27,-0.38,4.741935483870968,1.2340057027322582
Mysuru,2007,6,12.3,76.64,47.103092685341835,0.031,-0.47,3.1333333333333333,1.3529915246666666
Mysuru,2007,7,12.3,76.64,38.8976271674037,0.045,-0.56,4.193548387096774,1.3795319935483872
Mysuru,2007,8,12.3,76.64,90.82955239713192,0.237,-0.81,2.5483870967741935,0.8762567774193548
Mysuru,2007,9,12.3,76.64,92.53583072125912,0.235,-1.07,4.533333333333333,1.1761283893333332
Mysuru,2007,10,12.3,76.64,175.52450716495514,0.068,-1.34,5.419354838709677,1.2009301141935484
Mysuru,2007,11,12.3,76.64,8.70801317691803,-0.023,-1.5,5.533333333333333,1.588934237
Mysuru,2007,12,12.3,76.64,11.549235701560974,-0.227,-1.6,3.4838709677419355,2.0751771258064515
Mysuru,2008,1,12.3,76.64,0.0,0.115,-1.64,5.193548387096774,1.8184795248387096
Mysuru,2008,2,12.3,76.64,8.096681103110313,-0.072,-1.52,3.586206896551724,1.2379733358620688
Mysuru,2008,3,12.3,76.64,102.37690675258636,0.097,-1.29,2.870967741935484,1.8412203261290323
Mysuru,2008,4,12.3,76.64,59.35804933309555,-0.153,-1.01,4.966666666666667,0.8616907713333333
Mysuru,2008,5,12.3,76.64,88.67520451545715,0.179,-0.84,4.967741935483871,1.7237106374193547
Mysuru,2008,6,12.3,76.64,29.53093847632408,0.215,-0.61,4.666666666666667,0.953116955
Mysuru,2008,7,12.3,76.64,81.9383735358715,0.246,-0.37,2.3870967741935485,1.2312710548387096
Mysuru,2008,8,12.3,76.64,76.98224985599518,0.124,-0.23,2.3548387096774195,1.211697393548387
Mysuru,2008,9,12.3,76.64,51.90895213186741,0.086,-0.24,4.833333333333333,1.4465834003333333
Mysuru,2008,10,12.3,76.64,178.6963331103325,0.029,-0.35,3.3225806451612905,1.3736839277419355
Mysuru,2008,11,12.3,76.64,22.196619890630245,-0.128,-0.55,5.033333333333333,1.2276514546666666
Mysuru,2008,12,12.3,76.64,13.20832434296608,-0.053,-0.73,5.870967741935484,0.8991352851612903
Mysuru,2009,1,12.3,76.64,0.0,0.031,-0.85,5.258064516129032,1.3644628538709678
Mysuru,2009,2,12.3,76.64,0.0,0.163,-0.79,5.178571428571429,0.9907292532142857
Mysuru,2009,3,12.3,76.64,45.15882706642151,0.1,-0.61,6.096774193548387,1.1326078929032257
Mysuru,2009,4,12.3,76.64,53.62051439285278,0.126,-0.33,3.9,2.2441025066666667
Mysuru,2009,5,12.3,76.64,89.64570917189121,0.257,0.01,7.225806451612903,1.0808286461290324
Mysuru,2009,6,12.3,76.64,30.98298843204975,0.1,0.28,5.866666666666666,1.4584701413333332
Mysuru,2009,7,12.3,76.64,78.2256111651659,-0.192,0.45,3.838709677419355,0.6150665787096774
Mysuru,2009,8,12.3,76.64,108.3975009471178,-0.104,0.58,2.935483870967742,1.12875141
Mysuru,2009,9,12.3,76.64,145.9519162029028,-0.103,0.71,4.033333333333333,1.6812911126666668
Mysuru,2009,10,12.3,76.64,32.03532373905182,-0.013,1.01,5.225806451612903,0.9675306593548387
Mysuru,2009,11,12.3,76.64,44.63957057893276,-0.067,1.36,3.7666666666666666,1.78102768
Mysuru,2009,12,12.3,76.64,7.90623664855957,0.16,1.56,5.096774193548387,1.2578152232258064
Mysuru,2010,1,12.3,76.64,0.0,0.294,1.5,4.967741935483871,1.289910690967742
Mysuru,2010,2,12.3,76.64,0.3517386317253113,0.023,1.22,7.107142857142857,1.3009368542857143
Mysuru,2010,3,12.3,76.64,5.415963888168335,0.458,0.84,2.4516129032258065,1.229541595483871
Mysuru,2010,4,12.3,76.64,92.48051910102367,0.37,0.35,4.3,0.970552031
Mysuru,2010,5,12.3,76.64,160.51500116288662,-0.029,-0.17,4.032258064516129,1.3091519658064517
Mysuru,2010,6,12.3,76.64,55.05713140964508,-0.14,-0.66,1.7666666666666666,1.285590429
Mysuru,2010,7,12.3,76.64,88.76101490855217,-0.001,-1.05,2.4193548387096775,1.663601914516129
Mysuru,2010,8,12.3,76.64,128.86385871469975,-0.061,-1.35,2.967741935483871,0.747917844516129
Mysuru,2010,9,12.3,76.64,74.5552913993597,-0.267,-1.56,2.2,0.8091414173333332
Mysuru,2010,10,12.3,76.64,103.06987828016281,-0.437,-1.64,5.032258064516129,1.3724983983870966
Mysuru,2010,11,12.3,76.64,211.6399603486061,-0.495,-1.64,4.433333333333334,0.7180750344066666
Mysuru,2010,12,12.3,76.64,8.766378670930862,-0.212,-1.54,5.129032258064516,0.9818622567741935
Mysuru,2011,1,12.3,76.64,0.0,0.191,-1.31,5.967741935483871,1.5956191370967743
Mysuru,2011,2,12.3,76.64,3.7535629868507385,0.241,-1.04,5.678571428571429,0.5124724357571429
Mysuru,2011,3,12.3,76.64,29.262073397636414,0.367,-0.8,4.645161290322581,1.117857366129032
Mysuru,2011,4,12.3,76.64,170.16887025535107,0.154,-0.62,5.866666666666666,0.9413861176666667
Mysuru,2011,5,12.3,76.64,88.68784472346306,-0.089,-0.46,6.129032258064516,1.5436429977419355
Mysuru,2011,6,12.3,76.64,37.524912387132645,0.055,-0.37,3.7333333333333334,0.6791252076666666
Mysuru,2011,7,12.3,76.64,50.35969254374504,0.223,-0.43,3.7096774193548385,1.0109919648387098
Mysuru,2011,8,12.3,76.64,87.11070618033409,0.344,-0.58,2.774193548387097,1.011544473516129
Mysuru,2011,9,12.3,76.64,44.034052670001984,0.202,-0.79,3.7,0.9066917783333334
Mysuru,2011,10,12.3,76.64,131.02830054610968,0.356,-0.96,4.129032258064516,1.8293501125806453
Mysuru,2011,11,12.3,76.64,108.39522448182106,0.336,-1.02,4.033333333333333,1.4278005003333334
Mysuru,2011,12,12.3,76.64,1.7511123418807983,-0.128,-0.92,4.483870967741935,1.388414425483871
Mysuru,2012,1,12.3,76.64,0.0,0.046,-0.72,5.774193548387097,1.0838557522580645
Mysuru,2012,2,12.3,76.64,1.7803382873535156,-0.078,-0.57,4.068965517241379,1.9624444827586207
Mysuru,2012,3,12.3,76.64,1.0682029128074646,0.026,-0.46,5.161290322580645,2.275805190322581
Mysuru,2012,4,12.3,76.64,80.1444979608059,-0.271,-0.36,4.733333333333333,1.392764723
Mysuru,2012,5,12.3,76.64,80.38732659816742,-0.37,-0.17,5.838709677419355,0.508314344516129
Mysuru,2012,6,12.3,76.64,287.2607991695404,0.0,0.06,3.933333333333333,1.5851710730000002
Mysuru,2012,7,12.3,76.64,30.184750765562057,0.546,0.3,3.2580645161290325,1.0006735025806452
Mysuru,2012,8,12.3,76.64,45.412058517336845,0.652,0.41,3.3548387096774195,1.4237936377419356
Mysuru,2012,9,12.3,76.64,59.690188482403755,0.453,0.41,4.366666666666666,1.1895103533333333
Mysuru,2012,10,12.3,76.64,108.59153951704502,0.11,0.31,3.064516129032258,1.05932045
Mysuru,2012,11,12.3,76.64,50.500624626874924,-0.099,0.13,4.6,0.7542804866666667
Mysuru,2012,12,12.3,76.64,9.105447888374329,0.267,-0.1,2.4516129032258065,0.8817284803225806
Mysuru,2013,1,12.3,76.64,0.0,-0.065,-0.29,6.064516129032258,1.989185853870968
Mysuru,2013,2,12.3,76.64,0.0,0.189,-0.29,3.392857142857143,1.6343154739285715
Mysuru,2013,3,12.3,76.64,0.26039257645606995,0.083,-0.21,5.225806451612903,1.208878878064516
Mysuru,2013,4,12.3,76.64,86.65919651091099,-0.297,-0.19,5.133333333333334,0.9100850366666666
Mysuru,2013,5,12.3,76.64,75.92655634880066,-0.506,-0.27,3.935483870967742,1.196817595483871
Mysuru,2013,6,12.3,76.64,37.379787772893906,-0.497,-0.34,4.366666666666666,1.2253081406666666
Mysuru,2013,7,12.3,76.64,78.57560940086842,-0.181,-0.35,3.5806451612903225,0.8870305335483871
Mysuru,2013,8,12.3,76.64,62.324938990175724,-0.194,-0.28,5.806451612903226,0.912353013548387
Mysuru,2013,9,12.3,76.64,131.90781390666962,-0.31,-0.21,3.7666666666666666,1.5937026506666667
Mysuru,2013,10,12.3,76.64,86.28652156889439,-0.168,-0.13,5.161290322580645,0.8202488128741936
Mysuru,2013,11,12.3,76.64,45.4138668179512,0.199,-0.1,3.2,0.6853039573333334
Mysuru,2013,12,12.3,76.64,0.0,0.141,-0.15,3.870967741935484,1.0410569158064515
Mysuru,2014,1,12.3,76.64,0.0,-0.101,-0.28,5.741935483870968,1.1766352048387096
Mysuru,2014,2,12.3,76.64,9.251113891601562,-0.089,-0.32,5.857142857142857,1.4348881625
Mysuru,2014,3,12.3,76.64,9.530580967664719,-0.151,-0.14,3.6129032258064515,1.5816916796774194
Mysuru,2014,4,12.3,76.64,23.29102922976017,-0.058,0.15,5.533333333333333,1.3192271676666667
Mysuru,2014,5,12.3,76.64,73.90255510807037,-0.092,0.31,2.3225806451612905,1.4339224977419354
Mysuru,2014,6,12.3,76.64,58.12715158611536,-0.028,0.23,4.433333333333334,1.108679051
Mysuru,2014,7,12.3,76.64,99.8983561694622,-0.363,0.1,5.806451612903226,1.1528067432258065
Mysuru,2014,8,12.3,76.64,216.33440355956554,-0.372,0.11,1.7096774193548387,1.2150309538709676
Mysuru,2014,9,12.3,76.64,190.4689514040947,-0.145,0.28,4.333333333333333,0.649377995
Mysuru,2014,10,12.3,76.64,152.98766407370567,0.141,0.54,3.7096774193548385,0.9880874900000001
Mysuru,2014,11,12.3,76.64,5.938918590545654,0.009,0.71,2.933333333333333,1.4682012086666667
Mysuru,2014,12,12.3,76.64,1.4117274284362793,0.046,0.77,4.741935483870968,1.3856411206451613
Mysuru,2015,1,12.3,76.64,0.0,-0.1,0.69,6.193548387096774,1.595519382903226
Mysuru,2015,2,12.3,76.64,0.0,-0.345,0.61,6.464285714285714,0.8730502682142857
Mysuru,2015,3,12.3,76.64,40.56898206472397,-0.241,0.65,5.161290322580645,2.5235438870967744
Mysuru,2015,4,12.3,76.64,79.04763177037239,-0.008,0.81,3.466666666666667,0.9544394936666667
Mysuru,2015,5,12.3,76.64,163.12406608462334,0.24,1.02,5.096774193548387,0.7510026245161291
Mysuru,2015,6,12.3,76.64,102.75363527238369,0.296,1.25,3.433333333333333,1.9929203833333333
Mysuru,2015,7,12.3,76.64,9.067531302571297,0.225,1.57,4.451612903225806,1.837990334516129
Mysuru,2015,8,12.3,76.64,153.83267060667276,0.568,1.91,5.870967741935484,0.8428048241935484
Mysuru,2015,9,12.3,76.64,103.8622672855854,0.294,2.21,4.7,0.62977513528
Mysuru,2015,10,12.3,76.64,90.95309719443321,0.482,2.47,4.935483870967742,1.5348366948387098
Mysuru,2015,11,12.3,76.64,185.50784596800804,0.347,2.64,2.6666666666666665,1.8664467500000002
Mysuru,2015,12,12.3,76.64,37.405174255371094,0.272,2.75,4.419354838709677,1.905701525483871
Mysuru,2016,1,12.3,76.64,1.5251386538147926,0.265,2.63,4.548387096774194,1.397440465735484
Mysuru,2016,2,12.3,76.64,0.0,-0.11,2.28,5.586206896551724,2.0595920172413793
Mysuru,2016,3,12.3,76.64,0.89223712682724,-0.008,1.71,5.387096774193548,1.2421979758064514
Mysuru,2016,4,12.3,76.64,31.093578100204468,0.146,1.05,3.433333333333333,0.6606036036666667
Mysuru,2016,5,12.3,76.64,89.62815903127193,-0.113,0.49,2.935483870967742,1.3503781812903226
Mysuru,2016,6,12.3,76.64,41.487204760313034,-0.443,0.0,4.166666666666667,1.5598082686666668
Mysuru,2016,7,12.3,76.64,79.55607779324055,-0.757,-0.31,3.129032258064516,1.0086871877419354
Mysuru,2016,8,12.3,76.64,39.800556525588036,-0.443,-0.5,5.709677419354839,1.3634238690322582
Mysuru,2016,9,12.3,76.64,20.846751146018505,-0.437,-0.58,4.233333333333333,0.9987363606666667
Mysuru,2016,10,12.3,76.64,21.849693298339844,-0.371,-0.64,5.645161290322581,0.6798959190322581
Mysuru,2016,11,12.3,76.64,0.11910997331142426,-0.382,-0.6,4.366666666666666,1.4056047909999998
Mysuru,2016,12,12.3,76.64,40.74692678451538,-0.31,-0.45,4.451612903225806,0.6025583080645162
Mysuru,2017,1,12.3,76.64,0.6488399356603622,-0.086,-0.19,3.7096774193548385,1.2075865980645162
Mysuru,2017,2,12.3,76.64,0.0,0.101,-0.02,4.607142857142857,2.432161792857143
Mysuru,2017,3,12.3,76.64,4.4054155349731445,0.357,0.18,3.6774193548387095,0.7525501162903225
Mysuru,2017,4,12.3,76.64,59.42657545208931,0.498,0.31,6.7,0.7843319514433333
Mysuru,2017,5,12.3,76.64,240.20369058847427,0.536,0.4,4.193548387096774,1.3503042366709677
Mysuru,2017,6,12.3,76.64,19.484967797994614,0.424,0.39,2.433333333333333,1.010765505
Mysuru,2017,7,12.3,76.64,36.92151480168104,0.52,0.19,3.6774193548387095,1.0194311058064516
Mysuru,2017,8,12.3,76.64,289.68398751318455,0.349,-0.07,4.193548387096774,0.560064344016129
Mysuru,2017,9,12.3,76.64,348.50180407613516,0.035,-0.34,4.233333333333333,0.5864452456666667
Mysuru,2017,10,12.3,76.64,148.40395939350128,0.015,-0.6,5.354838709677419,2.0237151622580645
Mysuru,2017,11,12.3,76.64,8.634108424186707,0.289,-0.77,4.166666666666667,0.8390316453333334
Mysuru,2017,12,12.3,76.64,21.16073688864708,0.11,-0.86,5.258064516129032,1.455329965483871
Mysuru,2018,1,12.3,76.64,0.0,-0.2,-0.77,3.5806451612903225,2.2438225967741934
Mysuru,2018,2,12.3,76.64,1.165528416633606,0.216,-0.71,5.5,2.449217742857143
Mysuru,2018,3,12.3,76.64,12.282298743724823,-0.12,-0.57,4.161290322580645,1.1359975419354837
Mysuru,2018,4,12.3,76.64,32.57755273580551,-0.083,-0.39,4.433333333333334,1.4919827436666668
Mysuru,2018,5,12.3,76.64,185.35328510403633,0.122,-0.13,3.096774193548387,1.7735262777419354
Mysuru,2018,6,12.3,76.64,106.56048254668713,0.155,0.06,3.433333333333333,1.099695321
Mysuru,2018,7,12.3,76.64,50.745825439691544,0.053,0.14,4.967741935483871,1.4670566325806451
Mysuru,2018,8,12.3,76.64,38.82081105560064,0.121,0.27,5.419354838709677,1.1604823280645162
Mysuru,2018,9,12.3,76.64,96.82653212547302,0.604,0.53,6.6,1.0746740603333333
Mysuru,2018,10,12.3,76.64,139.30716771632433,0.684,0.81,4.129032258064516,1.372201460967742
Mysuru,2018,11,12.3,76.64,4.475108623504639,0.5,0.97,4.666666666666667,1.3713922473333333
Mysuru,2018,12,12.3,76.64,0.17649219930171967,0.309,0.92,3.838709677419355,2.266200470967742
Mysuru,2019,1,12.3,76.64,0.0,0.387,0.89,5.709677419354839,1.75703085
Mysuru,2019,2,12.3,76.64,0.0,0.416,0.86,6.142857142857143,1.7487797142857142
Mysuru,2019,3,12.3,76.64,0.0,0.225,0.84,4.064516129032258,1.1146516216129032
Mysuru,2019,4,12.3,76.64,23.060411900281906,0.258,0.77,3.7333333333333334,1.0698441273333332
Mysuru,2019,5,12.3,76.64,75.57785511016846,0.54,0.64,6.096774193548387,1.854505129032258
Mysuru,2019,6,12.3,76.64,81.2224419862032,0.605,0.52,4.566666666666666,1.3048570076666666
Mysuru,2019,7,12.3,76.64,33.46198269724846,0.597,0.33,2.3548387096774195,0.8737279109677419
Mysuru,2019,8,12.3,76.64,88.96204872429371,0.436,0.19,4.129032258064516,0.9542141777419355
Mysuru,2019,9,12.3,76.64,66.30976789444685,0.892,0.23,4.5,1.6799940163333333
Mysuru,2019,10,12.3,76.64,98.35619339346886,0.964,0.39,2.6774193548387095,1.5321089774193548
Mysuru,2019,11,12.3,76.64,38.14088773727417,0.835,0.58,4.7,1.5540973666666666
Mysuru,2019,12,12.3,76.64,8.594305992126465,0.243,0.66,3.7096774193548385,0.9795201067741935
Mysuru,2020,1,12.3,76.64,0.0,0.173,0.64,5.516129032258065,2.0013102467741937
Mysuru,2020,2,12.3,76.64,0.0,0.054,0.63,5.551724137931035,1.19141821
Mysuru,2020,3,12.3,76.64,9.727782398462296,0.019,0.53,3.7419354838709675,1.516898370967742
Mysuru,2020,4,12.3,76.64,32.01642920076847,-0.011,0.3,3.6666666666666665,1.6374265986666667
Mysuru,2020,5,12.3,76.64,103.00150761008263,0.298,0.01,4.451612903225806,1.1646890893548387
Mysuru,2020,6,12.3,76.64,70.08234837651253,0.455,-0.23,1.6,1.3547168013333333
Mysuru,2020,7,12.3,76.64,119.58337090909481,0.319,-0.36,2.0,1.5012130690322583
Mysuru,2020,8,12.3,76.64,51.224679455161095,-0.183,-0.53,4.516129032258065,1.5708076487096774
Mysuru,2020,9,12.3,76.64,78.16182914376259,-0.189,-0.85,4.166666666666667,1.1078213236666665
Mysuru,2020,10,12.3,76.64,90.23756775259972,0.074,-1.12,5.032258064516129,1.8443815480645163
Mysuru,2020,11,12.3,76.64,47.605775356292725,0.02,-1.2,4.533333333333333,1.0659901883333334
Mysuru,2020,12,12.3,76.64,20.164880722761154,0.031,-1.08,4.709677419354839,0.8462182629741936
Mysuru,2021,1,12.3,76.64,4.294699668884277,0.051,-0.91,4.483870967741935,1.3812992767741936
Mysuru,2021,2,12.3,76.64,12.654356777668,0.243,-0.79,6.357142857142857,1.7109776275000002
Mysuru,2021,3,12.3,76.64,3.971761703491211,0.267,-0.71,4.032258064516129,1.1486161170967741
Mysuru,2021,4,12.3,76.64,73.46755138039589,0.25,-0.55,6.7,2.1312086966666666
Mysuru,2021,5,12.3,76.64,30.15388810634613,0.009,-0.39,3.6451612903225805,1.6188268058064517
Mysuru,2021,6,12.3,76.64,36.620769053697586,-0.002,-0.3,3.033333333333333,1.2543668813333333
Mysuru,2021,7,12.3,76.64,65.6384314969182,-0.229,-0.35,4.193548387096774,1.2697446645161292
Mysuru,2021,8,12.3,76.64,51.57850660383701,-0.099,-0.45,3.0,1.3328496390322582
Mysuru,2021,9,12.3,76.64,26.902470394968987,-0.058,-0.63,3.4,1.16716908
Mysuru,2021,10,12.3,76.64,141.09049320220947,-0.091,-0.76,3.5161290322580645,1.1958632022580646
Mysuru,2021,11,12.3,76.64,85.26031708717346,0.069,-0.91,3.7333333333333334,1.0642061103333333
Mysuru,2021,12,12.3,76.64,11.741881668567657,-0.12,-0.87,6.451612903225806,2.068191648387097
Mysuru,2022,1,12.3,76.64,0.0,-0.056,-0.82,6.838709677419355,1.1541269361290323
Mysuru,2022,2,12.3,76.64,0.0,-0.082,-0.79,3.142857142857143,1.2939472457142858
Mysuru,2022,3,12.3,76.64,18.091312646865845,-0.093,-0.86,3.064516129032258,1.0719917463806452
Mysuru,2022,4,12.3,76.64,32.129190556705,-0.068,-0.95,3.5,0.6809799073333332
Mysuru,2022,5,12.3,76.64,358.26135163009167,-0.122,-0.9,4.67741935483871,1.2369349422580647
Mysuru,2022,6,12.3,76.64,95.04168443381786,-0.335,-0.78,2.7333333333333334,1.7460144566666667
Mysuru,2022,7,12.3,76.64,168.00679740309715,-0.195,-0.76,3.096774193548387,0.9906527754838709
Mysuru,2022,8,12.3,76.64,362.72018118202686,-0.246,-0.87,3.3870967741935485,0.9623516609677419
Mysuru,2022,9,12.3,76.64,76.78261205554008,-0.322,-0.97,4.566666666666666,0.45954351401
Mysuru,2022,10,12.3,76.64,330.4122136235237,-0.691,-0.94,5.387096774193548,1.5040083503225805
Mysuru,2022,11,12.3,76.64,63.63154025375843,-0.269,-0.85,5.966666666666667,1.2876559716666667
Mysuru,2022,12,12.3,76.64,43.87663322687149,-0.091,-0.71,4.161290322580645,1.0273198254935483
Mysuru,2023,1,12.3,76.64,1.4170775413513184,0.11,-0.54,5.32258064516129,1.3139867793548388
Mysuru,2023,2,12.3,76.64,0.0,0.157,-0.29,5.571428571428571,1.642928577857143
Mysuru,2023,3,12.3,76.64,5.7642442882061005,0.414,-0.02,4.548387096774194,2.51316421
Mysuru,2023,4,12.3,76.64,23.285556852817535,0.56,0.27,5.133333333333334,1.690960304
Mysuru,2023,5,12.3,76.64,254.89940683543682,0.443,0.57,6.064516129032258,1.6563232422580645
Mysuru,2023,6,12.3,76.64,42.89373765140772,0.665,0.84,3.066666666666667,1.1452140906
Mysuru,2023,7,12.3,76.64,39.45056784898043,0.498,1.12,4.225806451612903,0.7976125261290323
Mysuru,2023,8,12.3,76.64,90.23306608386338,0.826,1.37,6.32258064516129,0.9138732870967742
Mysuru,2023,9,12.3,76.64,86.48210616409779,0.946,1.6,3.533333333333333,0.8482362092433333
Mysuru,2023,10,12.3,76.64,112.94997427985072,0.804,1.83,4.419354838709677,1.3481443029032258
Mysuru,2023,11,12.3,76.64,58.72485280036926,0.92,1.99,3.3,1.3793660156666665
Mysuru,2023,12,12.3,76.64,1.036111831665039,0.852,2.06,4.193548387096774,1.5088745183870966
Mandya,2000,1,12.52,76.9,0.0,-0.125,-1.66,3.7096774193548385,0.6000893251612903
Mandya,2000,2,12.52,76.9,0.0,-0.009,-1.41,3.793103448275862,1.1428570703448275
Mandya,2000,3,12.52,76.9,0.0,0.141,-1.07,3.3870967741935485,0.9157557180645162
Mandya,2000,4,12.52,76.9,52.59999871253967,0.141,-0.81,4.533333333333333,0.9053602656666667
Mandya,2000,5,12.52,76.9,36.40000033378601,0.113,-0.71,5.483870967741935,0.9960924206451613
Mandya,2000,6,12.52,76.9,209.80000059306622,-0.022,-0.64,4.1,0.7017651786833333
Mandya,2000,7,12.52,76.9,292.2000042498112,0.077,-0.55,5.548387096774194,1.5948303687096774
Mandya,2000,8,12.52,76.9,302.50000262260437,0.131,-0.51,3.838709677419355,1.62711539
Mandya,2000,9,12.52,76.9,207.89999866485596,-0.096,-0.55,4.1,1.278711512
Mandya,2000,10,12.52,76.9,136.99999868869781,-0.142,-0.63,4.806451612903226,1.5696261258064517
Mandya,2000,11,12.52,76.9,5.199999809265137,-0.306,-0.75,4.266666666666667,1.6378827666666667
Mandya,2000,12,12.52,76.9,9.400000214576721,-0.248,-0.74,4.806451612903226,1.1626311996774195
Mandya,2001,1,12.52,76.9,0.0,-0.431,-0.68,2.5483870967741935,1.8043092477419354
Mandya,2001,2,12.52,76.9,0.0,-0.016,-0.52,5.25,2.3275103500000003
Mandya,2001,3,12.52,76.9,0.0,-0.01,-0.44,5.258064516129032,0.6080977735483871
Mandya,2001,4,12.52,76.9,86.60000039637089,0.136,-0.34,4.533333333333333,0.6858787033333333
Mandya,2001,5,12.52,76.9,46.700000286102295,0.137,-0.25,5.451612903225806,1.5366611332258064
Mandya,2001,6,12.52,76.9,237.80000001192093,0.127,-0.12,4.033333333333333,0.8460881063833334
Mandya,2001,7,12.52,76.9,200.39999747276306,-0.14,-0.08,4.258064516129032,1.4921871870967742
Mandya,2001,8,12.52,76.9,151.099999666214,-0.301,-0.13,5.419354838709677,1.397106648064516
Mandya,2001,9,12.52,76.9,128.30000042915344,-0.223,-0.19,3.0,1.2181324733333334
Mandya,2001,10,12.52,76.9,27.399999737739563,-0.451,-0.29,5.387096774193548,1.3723289300000001
Mandya,2001,11,12.52,76.9,61.40000021457672,-0.245,-0.35,4.4,0.9614376696666667
Mandya,2001,12,12.52,76.9,0.0,-0.051,-0.31,6.580645161290323,1.7203842838709678
Mandya,2002,1,12.52,76.9,0.0,-0.142,-0.15,4.258064516129032,1.6998524758064517
Mandya,2002,2,12.52,76.9,35.400001525878906,-0.098,0.03,5.714285714285714,1.0814431442857144
Mandya,2002,3,12.52,76.9,0.0,0.008,0.09,3.5483870967741935,1.3025143731387099
Mandya,2002,4,12.52,76.9,22.49999976158142,-0.352,0.2,2.533333333333333,0.8904978936033333
Mandya,2002,5,12.52,76.9,80.40000230073929,-0.329,0.43,5.903225806451613,2.409133551612903
Mandya,2002,6,12.52,76.9,116.9999990016222,-0.189,0.65,3.566666666666667,1.8803833166666666
Mandya,2002,7,12.52,76.9,23.600000336766243,-0.261,0.79,6.387096774193548,1.7221574980645162
Mandya,2002,8,12.52,76.9,210.5,-0.208,0.86,5.67741935483871,1.4202360319354839
Mandya,2002,9,12.52,76.9,94.70000004768372,0.286,1.01,4.433333333333334,0.7018471730000001
Mandya,2002,10,12.52,76.9,185.0999994277954,0.405,1.21,4.129032258064516,0.8933860990322581
Mandya,2002,11,12.52,76.9,24.5,0.096,1.31,3.566666666666667,2.25046865
Mandya,2002,12,12.52,76.9,0.0,-0.158,1.14,3.7096774193548385,1.8575260422580646
Mandya,2003,1,12.52,76.9,0.0,-0.239,0.92,5.354838709677419,0.8134987815870968
Mandya,2003,2,12.52,76.9,0.0,0.017,0.63,4.178571428571429,0.7148255028571429
Mandya,2003,3,12.52,76.9,52.5,-0.039,0.38,3.903225806451613,1.4626752464516128
Mandya,2003,4,12.52,76.9,59.30000019073486,-0.099,-0.04,3.8666666666666667,1.1874197433333333
Mandya,2003,5,12.52,76.9,0.0,-0.164,-0.26,5.258064516129032,2.245336555483871
Mandya,2003,6,12.52,76.9,159.20000000298023,0.139,-0.16,3.2666666666666666,1.65106069
Mandya,2003,7,12.52,76.9,153.19999969005585,0.131,0.08,3.6129032258064515,0.9928557990322581
Mandya,2003,8,12.52,76.9,89.09999892115593,0.108,0.21,3.870967741935484,0.6039936987096773
Mandya,2003,9,12.52,76.9,28.799999952316284,-0.06,0.26,4.266666666666667,0.7902776976666667
Mandya,2003,10,12.52,76.9,321.3000020980835,-0.243,0.29,5.419354838709677,1.2216482238709676
Mandya,2003,11,12.52,76.9,0.0,-0.159,0.35,4.3,0.49874167021000004
Mandya,2003,12,12.52,76.9,0.0,0.189,0.35,4.258064516129032,1.8000867477419356
Mandya,2004,1,12.52,76.9,0.0,0.044,0.37,4.709677419354839,2.246038609677419
Mandya,2004,2,12.52,76.9,0.0,0.114,0.31,5.517241379310345,1.4791189124137931
Mandya,2004,3,12.52,76.9,0.0,0.077,0.23,5.064516129032258,2.1767354612903227
Mandya,2004,4,12.52,76.9,162.10000038146973,-0.079,0.17,3.6,1.2874256193333333
Mandya,2004,5,12.52,76.9,177.79999780654907,-0.565,0.17,3.838709677419355,1.4382904767741935
Mandya,2004,6,12.52,76.9,313.20000553131104,-0.384,0.28,4.533333333333333,1.0188708323333333
Mandya,2004,7,12.52,76.9,59.5,-0.301,0.47,2.6129032258064515,1.6112249593548387
Mandya,2004,8,12.52,76.9,270.0,-0.133,0.64,6.612903225806452,1.2484562670967743
Mandya,2004,9,12.52,76.9,92.50000023841858,-0.106,0.7,2.1,1.4384542359999999
Mandya,2004,10,12.52,76.9,194.20000052452087,-0.004,0.67,4.32258064516129,1.54811694
Mandya,2004,11,12.52,76.9,57.69999933242798,-0.153,0.66,3.8666666666666667,0.558687573
Mandya,2004,12,12.52,76.9,0.0,-0.132,0.69,4.354838709677419,0.7194164974193549
Mandya,2005,1,12.52,76.9,0.0,-0.124,0.64,5.67741935483871,1.203385613832258
Mandya,2005,2,12.52,76.9,0.0,-0.56,0.58,6.821428571428571,1.5145378439285715
Mandya,2005,3,12.52,76.9,1.7999999523162842,-0.433,0.45,4.290322580645161,1.7757296806451612
Mandya,2005,4,12.52,76.9,82.19999980926514,0.084,0.43,4.966666666666667,2.6446991
Mandya,2005,5,12.52,76.9,114.70000219345093,-0.033,0.29,4.548387096774194,1.8156324893548388
Mandya,2005,6,12.52,76.9,176.50000309944153,-0.176,0.11,2.966666666666667,0.7345759723333334
Mandya,2005,7,12.52,76.9,706.3999981880188,-0.384,-0.06,2.6451612903225805,1.0290815029032259
Mandya,2005,8,12.52,76.9,305.2000012397766,-0.345,-0.14,3.6129032258064515,0.939736100967742
Mandya,2005,9,12.52,76.9,91.79999995231628,-0.534,-0.11,5.8,1.522602815
Mandya,2005,10,12.52,76.9,265.69999945163727,-0.436,-0.29,3.5483870967741935,1.0373357177419353
Mandya,2005,11,12.52,76.9,45.80000019073486,-0.272,-0.57,5.7,1.0062126816666666
Mandya,2005,12,12.52,76.9,0.0,-0.3,-0.84,3.7419354838709675,0.6440208229032258
Mandya,2006,1,12.52,76.9,0.0,-0.135,-0.85,4.258064516129032,1.7294375064516128
Mandya,2006,2,12.52,76.9,0.0,-0.306,-0.77,5.428571428571429,1.6995880442857143
Mandya,2006,3,12.52,76.9,77.6077621281147,-0.226,-0.57,4.419354838709677,0.8061425020580646
Mandya,2006,4,12.52,76.9,63.230445206165314,-0.015,-0.37,4.833333333333333,0.9840533986666666
Mandya,2006,5,12.52,76.9,185.24173307418823,-0.208,-0.14,5.161290322580645,1.1181375867741936
Mandya,2006,6,12.52,76.9,61.114317804574966,-0.059,-0.03,2.433333333333333,1.1171617263333333
Mandya,2006,7,12.52,76.9,9.18617270886898,0.04,0.1,6.096774193548387,1.0984740158064517
Mandya,2006,8,12.52,76.9,29.721948556602,0.229,0.3,3.838709677419355,0.9450053216129032
Mandya,2006,9,12.52,76.9,44.00086149573326,0.428,0.54,2.9,1.5086187580000001
Mandya,2006,10,12.52,76.9,44.39530719816685,0.577,0.77,4.645161290322581,1.7489779667580645
Mandya,2006,11,12.52,76.9,83.45480178296566,0.501,0.94,3.6333333333333333,1.1893461453333332
Mandya,2006,12,12.52,76.9,0.2403760403394699,0.172,0.94,3.2903225806451615,1.4631380310096773
Mandya,2007,1,12.52,76.9,0.0,0.225,0.66,5.935483870967742,1.2701261521580645
Mandya,2007,2,12.52,76.9,0.0,0.15,0.22,4.357142857142857,1.1186876339285714
Mandya,2007,3,12.52,76.9,0.20000000298023224,0.115,-0.12,5.645161290322581,1.321150566451613
Mandya,2007,4,12.52,76.9,19.50000023841858,0.1,-0.32,5.133333333333334,0.8067391546666667
Mandya,2007,5,12.52,76.9,53.59999990463257,0.27,-0.38,4.741935483870968,1.2340057027322582
Mandya,2007,6,12.52,76.9,317.9999967813492,0.031,-0.47,3.1333333333333333,1.3529915246666666
Mandya,2007,7,12.52,76.9,358.4000002145767,0.045,-0.56,4.193548387096774,1.3795319935483872
Mandya,2007,8,12.52,76.9,281.20000100135803,0.237,-0.81,2.5483870967741935,0.8762567774193548
Mandya,2007,9,12.52,76.9,184.60000133514404,0.235,-1.07,4.533333333333333,1.1761283893333332
Mandya,2007,10,12.52,76.9,384.5999937057495,0.068,-1.34,5.419354838709677,1.2009301141935484
Mandya,2007,11,12.52,76.9,14.399999618530273,-0.023,-1.5,5.533333333333333,1.588934237
Mandya,2007,12,12.52,76.9,0.0,-0.227,-1.6,3.4838709677419355,2.0751771258064515
Mandya,2008,1,12.52,76.9,0.0,0.115,-1.64,5.193548387096774,1.8184795248387096
Mandya,2008,2,12.52,76.9,27.799999952316284,-0.072,-1.52,3.586206896551724,1.2379733358620688
Mandya,2008,3,12.52,76.9,209.20000076293945,0.097,-1.29,2.870967741935484,1.8412203261290323
Mandya,2008,4,12.52,76.9,15.399999618530273,-0.153,-1.01,4.966666666666667,0.8616907713333333
Mandya,2008,5,12.52,76.9,119.10000228881836,0.179,-0.84,4.967741935483871,1.7237106374193547
Mandya,2008,6,12.52,76.9,182.79999923706055,0.215,-0.61,4.666666666666667,0.953116955
Mandya,2008,7,12.52,76.9,280.5999987125397,0.246,-0.37,2.3870967741935485,1.2312710548387096
Mandya,2008,8,12.52,76.9,397.4999997615814,0.124,-0.23,2.3548387096774195,1.211697393548387
Mandya,2008,9,12.52,76.9,189.2000002861023,0.086,-0.24,4.833333333333333,1.4465834003333333
Mandya,2008,10,12.52,76.9,184.69999599456787,0.029,-0.35,3.3225806451612905,1.3736839277419355
Mandya,2008,11,12.52,76.9,12.199999809265137,-0.128,-0.55,5.033333333333333,1.2276514546666666
Mandya,2008,12,12.52,76.9,0.0,-0.053,-0.73,5.870967741935484,0.8991352851612903
Mandya,2009,1,12.52,76.9,0.0,0.031,-0.85,5.258064516129032,1.3644628538709678
Mandya,2009,2,12.52,76.9,0.0,0.163,-0.79,5.178571428571429,0.9907292532142857
Mandya,2009,3,12.52,76.9,52.49999924004078,0.1,-0.61,6.096774193548387,1.1326078929032257
Mandya,2009,4,12.52,76.9,107.79999923706055,0.126,-0.33,3.9,2.2441025066666667
Mandya,2009,5,12.52,76.9,62.99999976158142,0.257,0.01,7.225806451612903,1.0808286461290324
Mandya,2009,6,12.52,76.9,34.90000009536743,0.1,0.28,5.866666666666666,1.4584701413333332
Mandya,2009,7,12.52,76.9,607.0999979972839,-0.192,0.45,3.838709677419355,0.6150665787096774
Mandya,2009,8,12.52,76.9,82.6999990940094,-0.104,0.58,2.935483870967742,1.12875141
Mandya,2009,9,12.52,76.9,262.8000030517578,-0.103,0.71,4.033333333333333,1.6812911126666668
Mandya,2009,10,12.52,76.9,66.70000100135803,-0.013,1.01,5.225806451612903,0.9675306593548387
Mandya,2009,11,12.52,76.9,63.09999990463257,-0.067,1.36,3.7666666666666666,1.78102768
Mandya,2009,12,12.52,76.9,90.10000002384186,0.16,1.56,5.096774193548387,1.2578152232258064
Mandya,2010,1,12.52,76.9,8.348199844360352,0.294,1.5,4.967741935483871,1.289910690967742
Mandya,2010,2,12.52,76.9,0.0,0.023,1.22,7.107142857142857,1.3009368542857143
Mandya,2010,3,12.52,76.9,9.203219294548035,0.458,0.84,2.4516129032258065,1.229541595483871
Mandya,2010,4,12.52,76.9,42.56113705039024,0.37,0.35,4.3,0.970552031
Mandya,2010,5,12.52,76.9,52.380140990018845,-0.029,-0.17,4.032258064516129,1.3091519658064517
Mandya,2010,6,12.52,76.9,39.59271174669266,-0.14,-0.66,1.7666666666666666,1.285590429
Mandya,2010,7,12.52,76.9,133.98421198129654,-0.001,-1.05,2.4193548387096775,1.663601914516129
Mandya,2010,8,12.52,76.9,94.0598429441452,-0.061,-1.35,2.967741935483871,0.747917844516129
Mandya,2010,9,12.52,76.9,122.4969736635685,-0.267,-1.56,2.2,0.8091414173333332
Mandya,2010,10,12.52,76.9,114.66572657227516,-0.437,-1.64,5.032258064516129,1.3724983983870966
Mandya,2010,11,12.52,76.9,162.7240762412548,-0.495,-1.64,4.433333333333334,0.7180750344066666
Mandya,2010,12,12.52,76.9,0.6148950457572937,-0.212,-1.54,5.129032258064516,0.9818622567741935
Mandya,2011,1,12.52,76.9,0.0,0.191,-1.31,5.967741935483871,1.5956191370967743
Mandya,2011,2,12.52,76.9,11.095939636230469,0.241,-1.04,5.678571428571429,0.5124724357571429
Mandya,2011,3,12.52,76.9,24.231698513031006,0.367,-0.8,4.645161290322581,1.117857366129032
Mandya,2011,4,12.52,76.9,182.19270312786102,0.154,-0.62,5.866666666666666,0.9413861176666667
Mandya,2011,5,12.52,76.9,89.97678834199905,-0.089,-0.46,6.129032258064516,1.5436429977419355
Mandya,2011,6,12.52,76.9,37.584615379571915,0.055,-0.37,3.7333333333333334,0.6791252076666666
Mandya,2011,7,12.52,76.9,61.642775774002075,0.223,-0.43,3.7096774193548385,1.0109919648387098
Mandya,2011,8,12.52,76.9,130.80911880731583,0.344,-0.58,2.774193548387097,1.011544473516129
Mandya,2011,9,12.52,76.9,55.99493679404259,0.202,-0.79,3.7,0.9066917783333334
Mandya,2011,10,12.52,76.9,143.61781865358353,0.356,-0.96,4.129032258064516,1.8293501125806453
Mandya,2011,11,12.52,76.9,103.72769021987915,0.336,-1.02,4.033333333333333,1.4278005003333334
Mandya,2011,12,12.52,76.9,3.875572383403778,-0.128,-0.92,4.483870967741935,1.388414425483871
Mandya,2012,1,12.52,76.9,0.0,0.046,-0.72,5.774193548387097,1.0838557522580645
Mandya,2012,2,12.52,76.9,0.0,-0.078,-0.57,4.068965517241379,1.9624444827586207
Mandya,2012,3,12.52,76.9,0.0,0.026,-0.46,5.161290322580645,2.275805190322581
Mandya,2012,4,12.52,76.9,20.033676266670227,-0.271,-0.36,4.733333333333333,1.392764723
Mandya,2012,5,12.52,76.9,150.96556568145752,-0.37,-0.17,5.838709677419355,0.508314344516129
Mandya,2012,6,12.52,76.9,13.583939790725708,0.0,0.06,3.933333333333333,1.5851710730000002
Mandya,2012,7,12.52,76.9,34.27266691625118,0.546,0.3,3.2580645161290325,1.0006735025806452
Mandya,2012,8,12.52,76.9,73.4858740568161,0.652,0.41,3.3548387096774195,1.4237936377419356
Mandya,2012,9,12.52,76.9,70.59351244568825,0.453,0.41,4.366666666666666,1.1895103533333333
Mandya,2012,10,12.52,76.9,97.06016835570335,0.11,0.31,3.064516129032258,1.05932045
Mandya,2012,11,12.52,76.9,68.59575164318085,-0.099,0.13,4.6,0.7542804866666667
Mandya,2012,12,12.52,76.9,12.683605134487152,0.267,-0.1,2.4516129032258065,0.8817284803225806
Mandya,2013,1,12.52,76.9,0.0,-0.065,-0.29,6.064516129032258,1.989185853870968
Mandya,2013,2,12.52,76.9,0.4438273310661316,0.189,-0.29,3.392857142857143,1.6343154739285715
Mandya,2013,3,12.52,76.9,20.79685990512371,0.083,-0.21,5.225806451612903,1.208878878064516
Mandya,2013,4,12.52,76.9,80.54248028993607,-0.297,-0.19,5.133333333333334,0.9100850366666666
Mandya,2013,5,12.52,76.9,68.55490174889565,-0.506,-0.27,3.935483870967742,1.196817595483871
Mandya,2013,6,12.52,76.9,73.42861706018448,-0.497,-0.34,4.366666666666666,1.2253081406666666
Mandya,2013,7,12.52,76.9,39.91892348974943,-0.181,-0.35,3.5806451612903225,0.8870305335483871
Mandya,2013,8,12.52,76.9,93.36385229229927,-0.194,-0.28,5.806451612903226,0.912353013548387
Mandya,2013,9,12.52,76.9,256.08592791855335,-0.31,-0.21,3.7666666666666666,1.5937026506666667
Mandya,2013,10,12.52,76.9,95.88642831146717,-0.168,-0.13,5.161290322580645,0.8202488128741936
Mandya,2013,11,12.52,76.9,39.082484126091,0.199,-0.1,3.2,0.6853039573333334
Mandya,2013,12,12.52,76.9,0.7289629578590393,0.141,-0.15,3.870967741935484,1.0410569158064515
Mandya,2014,1,12.52,76.9,0.0,-0.101,-0.28,5.741935483870968,1.1766352048387096
Mandya,2014,2,12.52,76.9,0.2113793045282364,-0.089,-0.32,5.857142857142857,1.4348881625
Mandya,2014,3,12.52,76.9,21.623019218444824,-0.151,-0.14,3.6129032258064515,1.5816916796774194
Mandya,2014,4,12.52,76.9,30.348206147551537,-0.058,0.15,5.533333333333333,1.3192271676666667
Mandya,2014,5,12.52,76.9,86.19608031213284,-0.092,0.31,2.3225806451612905,1.4339224977419354
Mandya,2014,6,12.52,76.9,65.60221260786057,-0.028,0.23,4.433333333333334,1.108679051
Mandya,2014,7,12.52,76.9,43.69428190588951,-0.363,0.1,5.806451612903226,1.1528067432258065
Mandya,2014,8,12.52,76.9,95.93805547058582,-0.372,0.11,1.7096774193548387,1.2150309538709676
Mandya,2014,9,12.52,76.9,164.29588732123375,-0.145,0.28,4.333333333333333,0.649377995
Mandya,2014,10,12.52,76.9,151.59248730540276,0.141,0.54,3.7096774193548385,0.9880874900000001
Mandya,2014,11,12.52,76.9,8.696555212140083,0.009,0.71,2.933333333333333,1.4682012086666667
Mandya,2014,12,12.52,76.9,7.634793162345886,0.046,0.77,4.741935483870968,1.3856411206451613
Mandya,2015,1,12.52,76.9,0.0,-0.1,0.69,6.193548387096774,1.595519382903226
Mandya,2015,2,12.52,76.9,0.0,-0.345,0.61,6.464285714285714,0.8730502682142857
Mandya,2015,3,12.52,76.9,6.825009852647781,-0.241,0.65,5.161290322580645,2.5235438870967744
Mandya,2015,4,12.52,76.9,72.47090920805931,-0.008,0.81,3.466666666666667,0.9544394936666667
Mandya,2015,5,12.52,76.9,165.32755196094513,0.24,1.02,5.096774193548387,0.7510026245161291
Mandya,2015,6,12.52,76.9,84.42522686719894,0.296,1.25,3.433333333333333,1.9929203833333333
Mandya,2015,7,12.52,76.9,21.6335509121418,0.225,1.57,4.451612903225806,1.837990334516129
Mandya,2015,8,12.52,76.9,149.24406298995018,0.568,1.91,5.870967741935484,0.8428048241935484
Mandya,2015,9,12.52,76.9,168.93998032808304,0.294,2.21,4.7,0.62977513528
Mandya,2015,10,12.52,76.9,131.28201687335968,0.482,2.47,4.935483870967742,1.5348366948387098
Mandya,2015,11,12.52,76.9,200.0544655919075,0.347,2.64,2.6666666666666665,1.8664467500000002
Mandya,2015,12,12.52,76.9,7.957385689020157,0.272,2.75,4.419354838709677,1.905701525483871
Mandya,2016,1,12.52,76.9,1.591916561126709,0.265,2.63,4.548387096774194,1.397440465735484
Mandya,2016,2,12.52,76.9,0.0,-0.11,2.28,5.586206896551724,2.0595920172413793
Mandya,2016,3,12.52,76.9,0.5621517896652222,-0.008,1.71,5.387096774193548,1.2421979758064514
Mandya,2016,4,12.52,76.9,32.58664086461067,0.146,1.05,3.433333333333333,0.6606036036666667
Mandya,2016,5,12.52,76.9,77.96612015366554,-0.113,0.49,2.935483870967742,1.3503781812903226
Mandya,2016,6,12.52,76.9,59.349514827132225,-0.443,0.0,4.166666666666667,1.5598082686666668
Mandya,2016,7,12.52,76.9,179.91424411535263,-0.757,-0.31,3.129032258064516,1.0086871877419354
Mandya,2016,8,12.52,76.9,40.713902339339256,-0.443,-0.5,5.709677419354839,1.3634238690322582
Mandya,2016,9,12.52,76.9,43.207515478134155,-0.437,-0.58,4.233333333333333,0.9987363606666667
Mandya,2016,10,12.52,76.9,75.01889860630035,-0.371,-0.64,5.645161290322581,0.6798959190322581
Mandya,2016,11,12.52,76.9,0.0,-0.382,-0.6,4.366666666666666,1.4056047909999998
Mandya,2016,12,12.52,76.9,50.65949413180351,-0.31,-0.45,4.451612903225806,0.6025583080645162
Mandya,2017,1,12.52,76.9,4.372755229473114,-0.086,-0.19,3.7096774193548385,1.2075865980645162
Mandya,2017,2,12.52,76.9,0.0,0.101,-0.02,4.607142857142857,2.432161792857143
Mandya,2017,3,12.52,76.9,20.427929684519768,0.357,0.18,3.6774193548387095,0.7525501162903225
Mandya,2017,4,12.52,76.9,52.51058980822563,0.498,0.31,6.7,0.7843319514433333
Mandya,2017,5,12.52,76.9,256.4772625565529,0.536,0.4,4.193548387096774,1.3503042366709677
Mandya,2017,6,12.52,76.9,25.498862519860268,0.424,0.39,2.433333333333333,1.010765505
Mandya,2017,7,12.52,76.9,21.284088000655174,0.52,0.19,3.6774193548387095,1.0194311058064516
Mandya,2017,8,12.52,76.9,211.65377135574818,0.349,-0.07,4.193548387096774,0.560064344016129
Mandya,2017,9,12.52,76.9,347.3882150053978,0.035,-0.34,4.233333333333333,0.5864452456666667
Mandya,2017,10,12.52,76.9,208.27649395167828,0.015,-0.6,5.354838709677419,2.0237151622580645
Mandya,2017,11,12.52,76.9,25.136428385972977,0.289,-0.77,4.166666666666667,0.8390316453333334
Mandya,2017,12,12.52,76.9,15.618813753128052,0.11,-0.86,5.258064516129032,1.455329965483871
Mandya,2018,1,12.52,76.9,0.0,-0.2,-0.77,3.5806451612903225,2.2438225967741934
Mandya,2018,2,12.52,76.9,10.33841609954834,0.216,-0.71,5.5,2.449217742857143
Mandya,2018,3,12.52,76.9,43.352016270160675,-0.12,-0.57,4.161290322580645,1.1359975419354837
Mandya,2018,4,12.52,76.9,46.628788352012634,-0.083,-0.39,4.433333333333334,1.4919827436666668
Mandya,2018,5,12.52,76.9,250.2586327791214,0.122,-0.13,3.096774193548387,1.7735262777419354
Mandya,2018,6,12.52,76.9,98.92534598708153,0.155,0.06,3.433333333333333,1.099695321
Mandya,2018,7,12.52,76.9,23.472377255558968,0.053,0.14,4.967741935483871,1.4670566325806451
Mandya,2018,8,12.52,76.9,53.59383651614189,0.121,0.27,5.419354838709677,1.1604823280645162
Mandya,2018,9,12.52,76.9,233.13640028238297,0.604,0.53,6.6,1.0746740603333333
Mandya,2018,10,12.52,76.9,94.20477902889252,0.684,0.81,4.129032258064516,1.372201460967742
Mandya,2018,11,12.52,76.9,13.587069042026997,0.5,0.97,4.666666666666667,1.3713922473333333
Mandya,2018,12,12.52,76.9,2.7257604002952576,0.309,0.92,3.838709677419355,2.266200470967742
Mandya,2019,1,12.52,76.9,0.4249734580516815,0.387,0.89,5.709677419354839,1.75703085
Mandya,2019,2,12.52,76.9,4.617240905761719,0.416,0.86,6.142857142857143,1.7487797142857142
Mandya,2019,3,12.52,76.9,0.0,0.225,0.84,4.064516129032258,1.1146516216129032
Mandya,2019,4,12.52,76.9,26.376898676156998,0.258,0.77,3.7333333333333334,1.0698441273333332
Mandya,2019,5,12.52,76.9,150.01764845848083,0.54,0.64,6.096774193548387,1.854505129032258
Mandya,2019,6,12.52,76.9,64.00553420186043,0.605,0.52,4.566666666666666,1.3048570076666666
Mandya,2019,7,12.52,76.9,43.114524737000465,0.597,0.33,2.3548387096774195,0.8737279109677419
Mandya,2019,8,12.52,76.9,178.59729033708572,0.436,0.19,4.129032258064516,0.9542141777419355
Mandya,2019,9,12.52,76.9,170.5104222893715,0.892,0.23,4.5,1.6799940163333333
Mandya,2019,10,12.52,76.9,223.53294110298157,0.964,0.39,2.6774193548387095,1.5321089774193548
Mandya,2019,11,12.52,76.9,56.810450702905655,0.835,0.58,4.7,1.5540973666666666
Mandya,2019,12,12.52,76.9,7.400501236319542,0.243,0.66,3.7096774193548385,0.9795201067741935
Mandya,2020,1,12.52,76.9,0.0,0.173,0.64,5.516129032258065,2.0013102467741937
Mandya,2020,2,12.52,76.9,0.0,0.054,0.63,5.551724137931035,1.19141821
Mandya,2020,3,12.52,76.9,3.9736068844795227,0.019,0.53,3.7419354838709675,1.516898370967742
Mandya,2020,4,12.52,76.9,69.65742933750153,-0.011,0.3,3.6666666666666665,1.6374265986666667
Mandya,2020,5,12.52,76.9,136.919759452343,0.298,0.01,4.451612903225806,1.1646890893548387
Mandya,2020,6,12.52,76.9,84.7193920314312,0.455,-0.23,1.6,1.3547168013333333
Mandya,2020,7,12.52,76.9,153.8685901015997,0.319,-0.36,2.0,1.5012130690322583
Mandya,2020,8,12.52,76.9,43.63366386294365,-0.183,-0.53,4.516129032258065,1.5708076487096774
Mandya,2020,9,12.52,76.9,187.8333868533373,-0.189,-0.85,4.166666666666667,1.1078213236666665
Mandya,2020,10,12.52,76.9,155.84521293640137,0.074,-1.12,5.032258064516129,1.8443815480645163
Mandya,2020,11,12.52,76.9,52.38459175825119,0.02,-1.2,4.533333333333333,1.0659901883333334
Mandya,2020,12,12.52,76.9,25.672552675008774,0.031,-1.08,4.709677419354839,0.8462182629741936
Mandya,2021,1,12.52,76.9,9.657980054616928,0.051,-0.91,4.483870967741935,1.3812992767741936
Mandya,2021,2,12.52,76.9,19.572605192661285,0.243,-0.79,6.357142857142857,1.7109776275000002
Mandya,2021,3,12.52,76.9,0.0,0.267,-0.71,4.032258064516129,1.1486161170967741
Mandya,2021,4,12.52,76.9,95.20436072349548,0.25,-0.55,6.7,2.1312086966666666
Mandya,2021,5,12.52,76.9,104.825021520257,0.009,-0.39,3.6451612903225805,1.6188268058064517
Mandya,2021,6,12.52,76.9,36.173153311014175,-0.002,-0.3,3.033333333333333,1.2543668813333333
Mandya,2021,7,12.52,76.9,131.48370665311813,-0.229,-0.35,4.193548387096774,1.2697446645161292
Mandya,2021,8,12.52,76.9,108.33043363690376,-0.099,-0.45,3.0,1.3328496390322582
Mandya,2021,9,12.52,76.9,115.55243048071861,-0.058,-0.63,3.4,1.16716908
Mandya,2021,10,12.52,76.9,206.01129068434238,-0.091,-0.76,3.5161290322580645,1.1958632022580646
Mandya,2021,11,12.52,76.9,252.18017248809338,0.069,-0.91,3.7333333333333334,1.0642061103333333
Mandya,2021,12,12.52,76.9,53.21590656042099,-0.12,-0.87,6.451612903225806,2.068191648387097
Mandya,2022,1,12.52,76.9,0.7562111020088196,-0.056,-0.82,6.838709677419355,1.1541269361290323
Mandya,2022,2,12.52,76.9,0.0,-0.082,-0.79,3.142857142857143,1.2939472457142858
Mandya,2022,3,12.52,76.9,23.139073118567467,-0.093,-0.86,3.064516129032258,1.0719917463806452
Mandya,2022,4,12.52,76.9,65.44608372449875,-0.068,-0.95,3.5,0.6809799073333332
Mandya,2022,5,12.52,76.9,297.9056545495987,-0.122,-0.9,4.67741935483871,1.2369349422580647
Mandya,2022,6,12.52,76.9,156.47977720201015,-0.335,-0.78,2.7333333333333334,1.7460144566666667
Mandya,2022,7,12.52,76.9,134.6333371400833,-0.195,-0.76,3.096774193548387,0.9906527754838709
Mandya,2022,8,12.52,76.9,481.7051604092121,-0.246,-0.87,3.3870967741935485,0.9623516609677419
Mandya,2022,9,12.52,76.9,117.46899262070656,-0.322,-0.97,4.566666666666666,0.45954351401
Mandya,2022,10,12.52,76.9,322.6732406914234,-0.691,-0.94,5.387096774193548,1.5040083503225805
Mandya,2022,11,12.52,76.9,51.643850058317184,-0.269,-0.85,5.966666666666667,1.2876559716666667
Mandya,2022,12,12.52,76.9,29.23721395432949,-0.091,-0.71,4.161290322580645,1.0273198254935483
Mandya,2023,1,12.52,76.9,0.0,0.11,-0.54,5.32258064516129,1.3139867793548388
Mandya,2023,2,12.52,76.9,0.0,0.157,-0.29,5.571428571428571,1.642928577857143
Mandya,2023,3,12.52,76.9,10.744909167289734,0.414,-0.02,4.548387096774194,2.51316421
Mandya,2023,4,12.52,76.9,21.55065283179283,0.56,0.27,5.133333333333334,1.690960304
Mandya,2023,5,12.52,76.9,168.4234374165535,0.443,0.57,6.064516129032258,1.6563232422580645
Mandya,2023,6,12.52,76.9,57.48812884092331,0.665,0.84,3.066666666666667,1.1452140906
Mandya,2023,7,12.52,76.9,45.57460115104914,0.498,1.12,4.225806451612903,0.7976125261290323
Mandya,2023,8,12.52,76.9,22.402202485129237,0.826,1.37,6.32258064516129,0.9138732870967742
Mandya,2023,9,12.52,76.9,172.5535199046135,0.946,1.6,3.533333333333333,0.8482362092433333
Mandya,2023,10,12.52,76.9,112.88791844248772,0.804,1.83,4.419354838709677,1.3481443029032258
Mandya,2023,11,12.52,76.9,73.01247180253267,0.92,1.99,3.3,1.3793660156666665
Mandya,2023,12,12.52,76.9,0.056215181946754456,0.852,2.06,4.193548387096774,1.5088745183870966
Tumakuru,2000,1,13.34,77.1,0.0,-0.125,-1.66,3.7096774193548385,0.6000893251612903
Tumakuru,2000,2,13.34,77.1,34.80582940578461,-0.009,-1.41,3.793103448275862,1.1428570703448275
Tumakuru,2000,3,13.34,77.1,0.0,0.141,-1.07,3.3870967741935485,0.9157557180645162
Tumakuru,2000,4,13.34,77.1,75.58184945583344,0.141,-0.81,4.533333333333333,0.9053602656666667
Tumakuru,2000,5,13.34,77.1,77.17090456932783,0.113,-0.71,5.483870967741935,0.9960924206451613
Tumakuru,2000,6,13.34,77.1,59.71599046140909,-0.022,-0.64,4.1,0.7017651786833333
Tumakuru,2000,7,13.34,77.1,70.64238895475864,0.077,-0.55,5.548387096774194,1.5948303687096774
Tumakuru,2000,8,13.34,77.1,271.82246270775795,0.131,-0.51,3.838709677419355,1.62711539
Tumakuru,2000,9,13.34,77.1,100.82765670865774,-0.096,-0.55,4.1,1.278711512
Tumakuru,2000,10,13.34,77.1,263.62439823150635,-0.142,-0.63,4.806451612903226,1.5696261258064517
Tumakuru,2000,11,13.34,77.1,30.29484385997057,-0.306,-0.75,4.266666666666667,1.6378827666666667
Tumakuru,2000,12,13.34,77.1,4.814844936132431,-0.248,-0.74,4.806451612903226,1.1626311996774195
Tumakuru,2001,1,13.34,77.1,0.0,-0.431,-0.68,2.5483870967741935,1.8043092477419354
Tumakuru,2001,2,13.34,77.1,0.0,-0.016,-0.52,5.25,2.3275103500000003
Tumakuru,2001,3,13.34,77.1,2.33352530002594,-0.01,-0.44,5.258064516129032,0.6080977735483871
Tumakuru,2001,4,13.34,77.1,49.95770727097988,0.136,-0.34,4.533333333333333,0.6858787033333333
Tumakuru,2001,5,13.34,77.1,8.74531688541174,0.137,-0.25,5.451612903225806,1.5366611332258064
Tumakuru,2001,6,13.34,77.1,9.68428122997284,0.127,-0.12,4.033333333333333,0.8460881063833334
Tumakuru,2001,7,13.34,77.1,104.54593500494957,-0.14,-0.08,4.258064516129032,1.4921871870967742
Tumakuru,2001,8,13.34,77.1,95.71783345937729,-0.301,-0.13,5.419354838709677,1.397106648064516
Tumakuru,2001,9,13.34,77.1,373.25665605068207,-0.223,-0.19,3.0,1.2181324733333334
Tumakuru,2001,10,13.34,77.1,99.3614741191268,-0.451,-0.29,5.387096774193548,1.3723289300000001
Tumakuru,2001,11,13.34,77.1,9.419184476137161,-0.245,-0.35,4.4,0.9614376696666667
Tumakuru,2001,12,13.34,77.1,0.6227937340736389,-0.051,-0.31,6.580645161290323,1.7203842838709678
Tumakuru,2002,1,13.34,77.1,0.1580037921667099,-0.142,-0.15,4.258064516129032,1.6998524758064517
Tumakuru,2002,2,13.34,77.1,30.26162099838257,-0.098,0.03,5.714285714285714,1.0814431442857144
Tumakuru,2002,3,13.34,77.1,3.9677325636148453,0.008,0.09,3.5483870967741935,1.3025143731387099
Tumakuru,2002,4,13.34,77.1,7.087631374597549,-0.352,0.2,2.533333333333333,0.8904978936033333
Tumakuru,2002,5,13.34,77.1,106.17981174588203,-0.329,0.43,5.903225806451613,2.409133551612903
Tumakuru,2002,6,13.34,77.1,73.97218420356512,-0.189,0.65,3.566666666666667,1.8803833166666666
Tumakuru,2002,7,13.34,77.1,27.94651409983635,-0.261,0.79,6.387096774193548,1.7221574980645162
Tumakuru,2002,8,13.34,77.1,38.659732699394226,-0.208,0.86,5.67741935483871,1.4202360319354839
Tumakuru,2002,9,13.34,77.1,62.814407616853714,0.286,1.01,4.433333333333334,0.7018471730000001
Tumakuru,2002,10,13.34,77.1,119.616723716259,0.405,1.21,4.129032258064516,0.8933860990322581
Tumakuru,2002,11,13.34,77.1,17.74356961250305,0.096,1.31,3.566666666666667,2.25046865
Tumakuru,2002,12,13.34,77.1,0.16791857779026031,-0.158,1.14,3.7096774193548385,1.8575260422580646
Tumakuru,2003,1,13.34,77.1,0.0,-0.239,0.92,5.354838709677419,0.8134987815870968
Tumakuru,2003,2,13.34,77.1,0.0,0.017,0.63,4.178571428571429,0.7148255028571429
Tumakuru,2003,3,13.34,77.1,16.54903817176819,-0.039,0.38,3.903225806451613,1.4626752464516128
Tumakuru,2003,4,13.34,77.1,14.569301679730415,-0.099,-0.04,3.8666666666666667,1.1874197433333333
Tumakuru,2003,5,13.34,77.1,0.0,-0.164,-0.26,5.258064516129032,2.245336555483871
Tumakuru,2003,6,13.34,77.1,62.754419669508934,0.139,-0.16,3.2666666666666666,1.65106069
Tumakuru,2003,7,13.34,77.1,84.07237893342972,0.131,0.08,3.6129032258064515,0.9928557990322581
Tumakuru,2003,8,13.34,77.1,142.41772951185703,0.108,0.21,3.870967741935484,0.6039936987096773
Tumakuru,2003,9,13.34,77.1,75.57848435640335,-0.06,0.26,4.266666666666667,0.7902776976666667
Tumakuru,2003,10,13.34,77.1,248.6761736124754,-0.243,0.29,5.419354838709677,1.2216482238709676
Tumakuru,2003,11,13.34,77.1,1.1946955770254135,-0.159,0.35,4.3,0.49874167021000004
Tumakuru,2003,12,13.34,77.1,0.0,0.189,0.35,4.258064516129032,1.8000867477419356
Tumakuru,2004,1,13.34,77.1,41.232982873916626,0.044,0.37,4.709677419354839,2.246038609677419
Tumakuru,2004,2,13.34,77.1,103.74478912353516,0.114,0.31,5.517241379310345,1.4791189124137931
Tumakuru,2004,3,13.34,77.1,40.75168253481388,0.077,0.23,5.064516129032258,2.1767354612903227
Tumakuru,2004,4,13.34,77.1,93.62371633946896,-0.079,0.17,3.6,1.2874256193333333
Tumakuru,2004,5,13.34,77.1,95.36378163099289,-0.565,0.17,3.838709677419355,1.4382904767741935
Tumakuru,2004,6,13.34,77.1,64.32580076158047,-0.384,0.28,4.533333333333333,1.0188708323333333
Tumakuru,2004,7,13.34,77.1,81.09089086949825,-0.301,0.47,2.6129032258064515,1.6112249593548387
Tumakuru,2004,8,13.34,77.1,146.84677734971046,-0.133,0.64,6.612903225806452,1.2484562670967743
Tumakuru,2004,9,13.34,77.1,127.51858067512512,-0.106,0.7,2.1,1.4384542359999999
Tumakuru,2004,10,13.34,77.1,48.043668672442436,-0.004,0.67,4.32258064516129,1.54811694
Tumakuru,2004,11,13.34,77.1,123.43779608607292,-0.153,0.66,3.8666666666666667,0.558687573
Tumakuru,2004,12,13.34,77.1,110.95921422541142,-0.132,0.69,4.354838709677419,0.7194164974193549
Tumakuru,2005,1,13.34,77.1,6.817918688058853,-0.124,0.64,5.67741935483871,1.203385613832258
Tumakuru,2005,2,13.34,77.1,7.355554103851318,-0.56,0.58,6.821428571428571,1.5145378439285715
Tumakuru,2005,3,13.34,77.1,1.9796116650104523,-0.433,0.45,4.290322580645161,1.7757296806451612
Tumakuru,2005,4,13.34,77.1,82.93150234222412,0.084,0.43,4.966666666666667,2.6446991
Tumakuru,2005,5,13.34,77.1,96.3275607675314,-0.033,0.29,4.548387096774194,1.8156324893548388
Tumakuru,2005,6,13.34,77.1,109.1876795142889,-0.176,0.11,2.966666666666667,0.7345759723333334
Tumakuru,2005,7,13.34,77.1,106.20765590667725,-0.384,-0.06,2.6451612903225805,1.0290815029032259
Tumakuru,2005,8,13.34,77.1,159.92162545770407,-0.345,-0.14,3.6129032258064515,0.939736100967742
Tumakuru,2005,9,13.34,77.1,182.26544725894928,-0.534,-0.11,5.8,1.522602815
Tumakuru,2005,10,13.34,77.1,265.23806297779083,-0.436,-0.29,3.5483870967741935,1.0373357177419353
Tumakuru,2005,11,13.34,77.1,65.6111213862896,-0.272,-0.57,5.7,1.0062126816666666
Tumakuru,2005,12,13.34,77.1,0.7679011523723602,-0.3,-0.84,3.7419354838709675,0.6440208229032258
Tumakuru,2006,1,13.34,77.1,2.8241984844207764,-0.135,-0.85,4.258064516129032,1.7294375064516128
Tumakuru,2006,2,13.34,77.1,0.0,-0.306,-0.77,5.428571428571429,1.6995880442857143
Tumakuru,2006,3,13.34,77.1,85.92142701148987,-0.226,-0.57,4.419354838709677,0.8061425020580646
Tumakuru,2006,4,13.34,77.1,27.75673758983612,-0.015,-0.37,4.833333333333333,0.9840533986666666
Tumakuru,2006,5,13.34,77.1,178.9269340634346,-0.208,-0.14,5.161290322580645,1.1181375867741936
Tumakuru,2006,6,13.34,77.1,109.76998772472143,-0.059,-0.03,2.433333333333333,1.1171617263333333
Tumakuru,2006,7,13.34,77.1,88.40452191978693,0.04,0.1,6.096774193548387,1.0984740158064517
Tumakuru,2006,8,13.34,77.1,84.17290860414505,0.229,0.3,3.838709677419355,0.9450053216129032
Tumakuru,2006,9,13.34,77.1,42.76417678594589,0.428,0.54,2.9,1.5086187580000001
Tumakuru,2006,10,13.34,77.1,75.65109653770924,0.577,0.77,4.645161290322581,1.7489779667580645
Tumakuru,2006,11,13.34,77.1,114.64462929964066,0.501,0.94,3.6333333333333333,1.1893461453333332
Tumakuru,2006,12,13.34,77.1,1.1247416734695435,0.172,0.94,3.2903225806451615,1.4631380310096773
Tumakuru,2007,1,13.34,77.1,0.0,0.225,0.66,5.935483870967742,1.2701261521580645
Tumakuru,2007,2,13.34,77.1,0.0,0.15,0.22,4.357142857142857,1.1186876339285714
Tumakuru,2007,3,13.34,77.1,0.0,0.115,-0.12,5.645161290322581,1.321150566451613
Tumakuru,2007,4,13.34,77.1,55.35401597619057,0.1,-0.32,5.133333333333334,0.8067391546666667
Tumakuru,2007,5,13.34,77.1,102.775693744421,0.27,-0.38,4.741935483870968,1.2340057027322582
Tumakuru,2007,6,13.34,77.1,81.03605222702026,0.031,-0.47,3.1333333333333333,1.3529915246666666
Tumakuru,2007,7,13.34,77.1,149.7646447122097,0.045,-0.56,4.193548387096774,1.3795319935483872
Tumakuru,2007,8,13.34,77.1,207.88674002885818,0.237,-0.81,2.5483870967741935,0.8762567774193548
Tumakuru,2007,9,13.34,77.1,259.39455458521843,0.235,-1.07,4.533333333333333,1.1761283893333332
Tumakuru,2007,10,13.34,77.1,82.08634242415428,0.068,-1.34,5.419354838709677,1.2009301141935484
Tumakuru,2007,11,13.34,77.1,9.904978573322296,-0.023,-1.5,5.533333333333333,1.588934237
Tumakuru,2007,12,13.34,77.1,7.12911993265152,-0.227,-1.6,3.4838709677419355,2.0751771258064515
Tumakuru,2008,1,13.34,77.1,0.0,0.115,-1.64,5.193548387096774,1.8184795248387096
Tumakuru,2008,2,13.34,77.1,8.102006949484348,-0.072,-1.52,3.586206896551724,1.2379733358620688
Tumakuru,2008,3,13.34,77.1,91.81055411696434,0.097,-1.29,2.870967741935484,1.8412203261290323
Tumakuru,2008,4,13.34,77.1,11.477317571640015,-0.153,-1.01,4.966666666666667,0.8616907713333333
Tumakuru,2008,5,13.34,77.1,128.7777874469757,0.179,-0.84,4.967741935483871,1.7237106374193547
Tumakuru,2008,6,13.34,77.1,43.031617879867554,0.215,-0.61,4.666666666666667,0.953116955
Tumakuru,2008,7,13.34,77.1,159.81746000051498,0.246,-0.37,2.3870967741935485,1.2312710548387096
Tumakuru,2008,8,13.34,77.1,243.47772347927094,0.124,-0.23,2.3548387096774195,1.211697393548387
Tumakuru,2008,9,13.34,77.1,81.18907111883163,0.086,-0.24,4.833333333333333,1.4465834003333333
Tumakuru,2008,10,13.34,77.1,169.67981040477753,0.029,-0.35,3.3225806451612905,1.3736839277419355
Tumakuru,2008,11,13.34,77.1,44.59521436691284,-0.128,-0.55,5.033333333333333,1.2276514546666666
Tumakuru,2008,12,13.34,77.1,11.195629075169563,-0.053,-0.73,5.870967741935484,0.8991352851612903
Tumakuru,2009,1,13.34,77.1,0.0,0.031,-0.85,5.258064516129032,1.3644628538709678
Tumakuru,2009,2,13.34,77.1,0.0,0.163,-0.79,5.178571428571429,0.9907292532142857
Tumakuru,2009,3,13.34,77.1,39.93712776899338,0.1,-0.61,6.096774193548387,1.1326078929032257
Tumakuru,2009,4,13.34,77.1,35.69724630564451,0.126,-0.33,3.9,2.2441025066666667
Tumakuru,2009,5,13.34,77.1,133.37215693295002,0.257,0.01,7.225806451612903,1.0808286461290324
Tumakuru,2009,6,13.34,77.1,122.79414038360119,0.1,0.28,5.866666666666666,1.4584701413333332
Tumakuru,2009,7,13.34,77.1,52.571268916130066,-0.192,0.45,3.838709677419355,0.6150665787096774
Tumakuru,2009,8,13.34,77.1,119.6299220919609,-0.104,0.58,2.935483870967742,1.12875141
Tumakuru,2009,9,13.34,77.1,235.17864559590816,-0.103,0.71,4.033333333333333,1.6812911126666668
Tumakuru,2009,10,13.34,77.1,61.66749435663223,-0.013,1.01,5.225806451612903,0.9675306593548387
Tumakuru,2009,11,13.34,77.1,31.56129625439644,-0.067,1.36,3.7666666666666666,1.78102768
Tumakuru,2009,12,13.34,77.1,0.19821996986865997,0.16,1.56,5.096774193548387,1.2578152232258064
Tumakuru,2010,1,13.34,77.1,1.115864247083664,0.294,1.5,4.967741935483871,1.289910690967742
Tumakuru,2010,2,13.34,77.1,4.966222286224365,0.023,1.22,7.107142857142857,1.3009368542857143
Tumakuru,2010,3,13.34,77.1,8.196760654449463,0.458,0.84,2.4516129032258065,1.229541595483871
Tumakuru,2010,4,13.34,77.1,183.18449997901917,0.37,0.35,4.3,0.970552031
Tumakuru,2010,5,13.34,77.1,66.38911664485931,-0.029,-0.17,4.032258064516129,1.3091519658064517
Tumakuru,2010,6,13.34,77.1,83.72656272351742,-0.14,-0.66,1.7666666666666666,1.285590429
Tumakuru,2010,7,13.34,77.1,226.6979523897171,-0.001,-1.05,2.4193548387096775,1.663601914516129
Tumakuru,2010,8,13.34,77.1,140.8886758312583,-0.061,-1.35,2.967741935483871,0.747917844516129
Tumakuru,2010,9,13.34,77.1,201.99329391121864,-0.267,-1.56,2.2,0.8091414173333332
Tumakuru,2010,10,13.34,77.1,135.61630569398403,-0.437,-1.64,5.032258064516129,1.3724983983870966
Tumakuru,2010,11,13.34,77.1,173.9088128209114,-0.495,-1.64,4.433333333333334,0.7180750344066666
Tumakuru,2010,12,13.34,77.1,0.0,-0.212,-1.54,5.129032258064516,0.9818622567741935
Tumakuru,2011,1,13.34,77.1,0.0,0.191,-1.31,5.967741935483871,1.5956191370967743
Tumakuru,2011,2,13.34,77.1,21.074103355407715,0.241,-1.04,5.678571428571429,0.5124724357571429
Tumakuru,2011,3,13.34,77.1,0.1302483230829239,0.367,-0.8,4.645161290322581,1.117857366129032
Tumakuru,2011,4,13.34,77.1,155.3968753516674,0.154,-0.62,5.866666666666666,0.9413861176666667
Tumakuru,2011,5,13.34,77.1,141.49262842535973,-0.089,-0.46,6.129032258064516,1.5436429977419355
Tumakuru,2011,6,13.34,77.1,72.86909098923206,0.055,-0.37,3.7333333333333334,0.6791252076666666
Tumakuru,2011,7,13.34,77.1,102.2412388920784,0.223,-0.43,3.7096774193548385,1.0109919648387098
Tumakuru,2011,8,13.34,77.1,185.87620079517365,0.344,-0.58,2.774193548387097,1.011544473516129
Tumakuru,2011,9,13.34,77.1,99.84894144535065,0.202,-0.79,3.7,0.9066917783333334
Tumakuru,2011,10,13.34,77.1,159.75753819942474,0.356,-0.96,4.129032258064516,1.8293501125806453
Tumakuru,2011,11,13.34,77.1,41.10792285203934,0.336,-1.02,4.033333333333333,1.4278005003333334
Tumakuru,2011,12,13.34,77.1,6.526967525482178,-0.128,-0.92,4.483870967741935,1.388414425483871
Tumakuru,2012,1,13.34,77.1,0.0,0.046,-0.72,5.774193548387097,1.0838557522580645
Tumakuru,2012,2,13.34,77.1,0.0,-0.078,-0.57,4.068965517241379,1.9624444827586207
Tumakuru,2012,3,13.34,77.1,5.8226470947265625,0.026,-0.46,5.161290322580645,2.275805190322581
Tumakuru,2012,4,13.34,77.1,78.85485982894897,-0.271,-0.36,4.733333333333333,1.392764723
Tumakuru,2012,5,13.34,77.1,43.12700128555298,-0.37,-0.17,5.838709677419355,0.508314344516129
Tumakuru,2012,6,13.34,77.1,5.3663002252578735,0.0,0.06,3.933333333333333,1.5851710730000002
Tumakuru,2012,7,13.34,77.1,69.9362827539444,0.546,0.3,3.2580645161290325,1.0006735025806452
Tumakuru,2012,8,13.34,77.1,159.80601562559605,0.652,0.41,3.3548387096774195,1.4237936377419356
Tumakuru,2012,9,13.34,77.1,51.993070155382156,0.453,0.41,4.366666666666666,1.1895103533333333
Tumakuru,2012,10,13.34,77.1,61.50559403002262,0.11,0.31,3.064516129032258,1.05932045
Tumakuru,2012,11,13.34,77.1,97.16119718551636,-0.099,0.13,4.6,0.7542804866666667
Tumakuru,2012,12,13.34,77.1,19.086516976356506,0.267,-0.1,2.4516129032258065,0.8817284803225806
Tumakuru,2013,1,13.34,77.1,0.0,-0.065,-0.29,6.064516129032258,1.989185853870968
Tumakuru,2013,2,13.34,77.1,1.4125638008117676,0.189,-0.29,3.392857142857143,1.6343154739285715
Tumakuru,2013,3,13.34,77.1,9.30704402923584,0.083,-0.21,5.225806451612903,1.208878878064516
Tumakuru,2013,4,13.34,77.1,48.79575350880623,-0.297,-0.19,5.133333333333334,0.9100850366666666
Tumakuru,2013,5,13.34,77.1,145.95168156921864,-0.506,-0.27,3.935483870967742,1.196817595483871
Tumakuru,2013,6,13.34,77.1,99.02845859527588,-0.497,-0.34,4.366666666666666,1.2253081406666666
Tumakuru,2013,7,13.34,77.1,89.04574955999851,-0.181,-0.35,3.5806451612903225,0.8870305335483871
Tumakuru,2013,8,13.34,77.1,94.62418991327286,-0.194,-0.28,5.806451612903226,0.912353013548387
Tumakuru,2013,9,13.34,77.1,289.65430092811584,-0.31,-0.21,3.7666666666666666,1.5937026506666667
Tumakuru,2013,10,13.34,77.1,109.79328390955925,-0.168,-0.13,5.161290322580645,0.8202488128741936
Tumakuru,2013,11,13.34,77.1,64.16146662831306,0.199,-0.1,3.2,0.6853039573333334
Tumakuru,2013,12,13.34,77.1,0.6229324042797089,0.141,-0.15,3.870967741935484,1.0410569158064515
Tumakuru,2014,1,13.34,77.1,0.0,-0.101,-0.28,5.741935483870968,1.1766352048387096
Tumakuru,2014,2,13.34,77.1,0.3484187126159668,-0.089,-0.32,5.857142857142857,1.4348881625
Tumakuru,2014,3,13.34,77.1,47.349548161029816,-0.151,-0.14,3.6129032258064515,1.5816916796774194
Tumakuru,2014,4,13.34,77.1,45.596690475940704,-0.058,0.15,5.533333333333333,1.3192271676666667
Tumakuru,2014,5,13.34,77.1,70.59482541680336,-0.092,0.31,2.3225806451612905,1.4339224977419354
Tumakuru,2014,6,13.34,77.1,65.45320257544518,-0.028,0.23,4.433333333333334,1.108679051
Tumakuru,2014,7,13.34,77.1,94.76462015509605,-0.363,0.1,5.806451612903226,1.1528067432258065
Tumakuru,2014,8,13.34,77.1,189.65481187403202,-0.372,0.11,1.7096774193548387,1.2150309538709676
Tumakuru,2014,9,13.34,77.1,203.5833224132657,-0.145,0.28,4.333333333333333,0.649377995
Tumakuru,2014,10,13.34,77.1,193.84288215637207,0.141,0.54,3.7096774193548385,0.9880874900000001
Tumakuru,2014,11,13.34,77.1,24.39102891087532,0.009,0.71,2.933333333333333,1.4682012086666667
Tumakuru,2014,12,13.34,77.1,7.131024926900864,0.046,0.77,4.741935483870968,1.3856411206451613
Tumakuru,2015,1,13.34,77.1,0.0,-0.1,0.69,6.193548387096774,1.595519382903226
Tumakuru,2015,2,13.34,77.1,0.0,-0.345,0.61,6.464285714285714,0.8730502682142857
Tumakuru,2015,3,13.34,77.1,22.594460278749466,-0.241,0.65,5.161290322580645,2.5235438870967744
Tumakuru,2015,4,13.34,77.1,126.38582375645638,-0.008,0.81,3.466666666666667,0.9544394936666667
Tumakuru,2015,5,13.34,77.1,179.97924457490444,0.24,1.02,5.096774193548387,0.7510026245161291
Tumakuru,2015,6,13.34,77.1,108.3341878503561,0.296,1.25,3.433333333333333,1.9929203833333333
Tumakuru,2015,7,13.34,77.1,34.71265131235123,0.225,1.57,4.451612903225806,1.837990334516129
Tumakuru,2015,8,13.34,77.1,118.91040623188019,0.568,1.91,5.870967741935484,0.8428048241935484
Tumakuru,2015,9,13.34,77.1,232.2777759283781,0.294,2.21,4.7,0.62977513528
Tumakuru,2015,10,13.34,77.1,181.3041570186615,0.482,2.47,4.935483870967742,1.5348366948387098
Tumakuru,2015,11,13.34,77.1,219.61927771568298,0.347,2.64,2.6666666666666665,1.8664467500000002
Tumakuru,2015,12,13.34,77.1,4.115438938140869,0.272,2.75,4.419354838709677,1.905701525483871
Tumakuru,2016,1,13.34,77.1,3.9906179308891296,0.265,2.63,4.548387096774194,1.397440465735484
Tumakuru,2016,2,13.34,77.1,0.0,-0.11,2.28,5.586206896551724,2.0595920172413793
Tumakuru,2016,3,13.34,77.1,3.6459267139434814,-0.008,1.71,5.387096774193548,1.2421979758064514
Tumakuru,2016,4,13.34,77.1,0.5136429071426392,0.146,1.05,3.433333333333333,0.6606036036666667
Tumakuru,2016,5,13.34,77.1,87.26295983791351,-0.113,0.49,2.935483870967742,1.3503781812903226
Tumakuru,2016,6,13.34,77.1,168.10671431571245,-0.443,0.0,4.166666666666667,1.5598082686666668
Tumakuru,2016,7,13.34,77.1,176.39997106790543,-0.757,-0.31,3.129032258064516,1.0086871877419354
Tumakuru,2016,8,13.34,77.1,29.17477384209633,-0.443,-0.5,5.709677419354839,1.3634238690322582
Tumakuru,2016,9,13.34,77.1,26.791698038578033,-0.437,-0.58,4.233333333333333,0.9987363606666667
Tumakuru,2016,10,13.34,77.1,45.486061096191406,-0.371,-0.64,5.645161290322581,0.6798959190322581
Tumakuru,2016,11,13.34,77.1,11.494288206100464,-0.382,-0.6,4.366666666666666,1.4056047909999998
Tumakuru,2016,12,13.34,77.1,47.73173612356186,-0.31,-0.45,4.451612903225806,0.6025583080645162
Tumakuru,2017,1,13.34,77.1,3.1023494601249695,-0.086,-0.19,3.7096774193548385,1.2075865980645162
Tumakuru,2017,2,13.34,77.1,0.0,0.101,-0.02,4.607142857142857,2.432161792857143
Tumakuru,2017,3,13.34,77.1,38.85563099384308,0.357,0.18,3.6774193548387095,0.7525501162903225
Tumakuru,2017,4,13.34,77.1,49.24875858426094,0.498,0.31,6.7,0.7843319514433333
Tumakuru,2017,5,13.34,77.1,236.61105489730835,0.536,0.4,4.193548387096774,1.3503042366709677
Tumakuru,2017,6,13.34,77.1,60.682692393660545,0.424,0.39,2.433333333333333,1.010765505
Tumakuru,2017,7,13.34,77.1,46.93983091413975,0.52,0.19,3.6774193548387095,1.0194311058064516
Tumakuru,2017,8,13.34,77.1,118.60400342941284,0.349,-0.07,4.193548387096774,0.560064344016129
Tumakuru,2017,9,13.34,77.1,253.25024795532227,0.035,-0.34,4.233333333333333,0.5864452456666667
Tumakuru,2017,10,13.34,77.1,244.90080308914185,0.015,-0.6,5.354838709677419,2.0237151622580645
Tumakuru,2017,11,13.34,77.1,20.735839128494263,0.289,-0.77,4.166666666666667,0.8390316453333334
Tumakuru,2017,12,13.34,77.1,1.310471773147583,0.11,-0.86,5.258064516129032,1.455329965483871
Tumakuru,2018,1,13.34,77.1,0.0,-0.2,-0.77,3.5806451612903225,2.2438225967741934
Tumakuru,2018,2,13.34,77.1,3.084613084793091,0.216,-0.71,5.5,2.449217742857143
Tumakuru,2018,3,13.34,77.1,25.80288317799568,-0.12,-0.57,4.161290322580645,1.1359975419354837
Tumakuru,2018,4,13.34,77.1,26.68467642366886,-0.083,-0.39,4.433333333333334,1.4919827436666668
Tumakuru,2018,5,13.34,77.1,194.73325607180595,0.122,-0.13,3.096774193548387,1.7735262777419354
Tumakuru,2018,6,13.34,77.1,101.64635270833969,0.155,0.06,3.433333333333333,1.099695321
Tumakuru,2018,7,13.34,77.1,81.38998175412416,0.053,0.14,4.967741935483871,1.4670566325806451
Tumakuru,2018,8,13.34,77.1,104.7303816974163,0.121,0.27,5.419354838709677,1.1604823280645162
Tumakuru,2018,9,13.34,77.1,111.5998677611351,0.604,0.53,6.6,1.0746740603333333
Tumakuru,2018,10,13.34,77.1,111.54779303818941,0.684,0.81,4.129032258064516,1.372201460967742
Tumakuru,2018,11,13.34,77.1,22.93938486278057,0.5,0.97,4.666666666666667,1.3713922473333333
Tumakuru,2018,12,13.34,77.1,0.8404688835144043,0.309,0.92,3.838709677419355,2.266200470967742
Tumakuru,2019,1,13.34,77.1,0.0,0.387,0.89,5.709677419354839,1.75703085
Tumakuru,2019,2,13.34,77.1,11.56236457824707,0.416,0.86,6.142857142857143,1.7487797142857142
Tumakuru,2019,3,13.34,77.1,0.0,0.225,0.84,4.064516129032258,1.1146516216129032
Tumakuru,2019,4,13.34,77.1,45.24915453791618,0.258,0.77,3.7333333333333334,1.0698441273333332
Tumakuru,2019,5,13.34,77.1,98.77559864521027,0.54,0.64,6.096774193548387,1.854505129032258
Tumakuru,2019,6,13.34,77.1,108.96371692419052,0.605,0.52,4.566666666666666,1.3048570076666666
Tumakuru,2019,7,13.34,77.1,37.66586972773075,0.597,0.33,2.3548387096774195,0.8737279109677419
Tumakuru,2019,8,13.34,77.1,148.4618328139186,0.436,0.19,4.129032258064516,0.9542141777419355
Tumakuru,2019,9,13.34,77.1,184.41596557199955,0.892,0.23,4.5,1.6799940163333333
Tumakuru,2019,10,13.34,77.1,241.07751465588808,0.964,0.39,2.6774193548387095,1.5321089774193548
Tumakuru,2019,11,13.34,77.1,31.607599139213562,0.835,0.58,4.7,1.5540973666666666
Tumakuru,2019,12,13.34,77.1,17.457395553588867,0.243,0.66,3.7096774193548385,0.9795201067741935
Tumakuru,2020,1,13.34,77.1,0.0,0.173,0.64,5.516129032258065,2.0013102467741937
Tumakuru,2020,2,13.34,77.1,0.0,0.054,0.63,5.551724137931035,1.19141821
Tumakuru,2020,3,13.34,77.1,18.83345317840576,0.019,0.53,3.7419354838709675,1.516898370967742
Tumakuru,2020,4,13.34,77.1,77.50070655345917,-0.011,0.3,3.6666666666666665,1.6374265986666667
Tumakuru,2020,5,13.34,77.1,93.19802255928516,0.298,0.01,4.451612903225806,1.1646890893548387
Tumakuru,2020,6,13.34,77.1,123.5323375761509,0.455,-0.23,1.6,1.3547168013333333
Tumakuru,2020,7,13.34,77.1,216.16901367902756,0.319,-0.36,2.0,1.5012130690322583
Tumakuru,2020,8,13.34,77.1,111.87098035216331,-0.183,-0.53,4.516129032258065,1.5708076487096774
Tumakuru,2020,9,13.34,77.1,242.00999395549297,-0.189,-0.85,4.166666666666667,1.1078213236666665
Tumakuru,2020,10,13.34,77.1,147.80175724625587,0.074,-1.12,5.032258064516129,1.8443815480645163
Tumakuru,2020,11,13.34,77.1,41.912436440587044,0.02,-1.2,4.533333333333333,1.0659901883333334
Tumakuru,2020,12,13.34,77.1,20.945589914917946,0.031,-1.08,4.709677419354839,0.8462182629741936
Tumakuru,2021,1,13.34,77.1,15.776366233825684,0.051,-0.91,4.483870967741935,1.3812992767741936
Tumakuru,2021,2,13.34,77.1,19.584142088890076,0.243,-0.79,6.357142857142857,1.7109776275000002
Tumakuru,2021,3,13.34,77.1,0.0,0.267,-0.71,4.032258064516129,1.1486161170967741
Tumakuru,2021,4,13.34,77.1,71.02797734737396,0.25,-0.55,6.7,2.1312086966666666
Tumakuru,2021,5,13.34,77.1,96.52010191231966,0.009,-0.39,3.6451612903225805,1.6188268058064517
Tumakuru,2021,6,13.34,77.1,156.10240618139505,-0.002,-0.3,3.033333333333333,1.2543668813333333
Tumakuru,2021,7,13.34,77.1,168.07259659469128,-0.229,-0.35,4.193548387096774,1.2697446645161292
Tumakuru,2021,8,13.34,77.1,121.37411729246378,-0.099,-0.45,3.0,1.3328496390322582
Tumakuru,2021,9,13.34,77.1,71.4785532951355,-0.058,-0.63,3.4,1.16716908
Tumakuru,2021,10,13.34,77.1,266.2812402844429,-0.091,-0.76,3.5161290322580645,1.1958632022580646
Tumakuru,2021,11,13.34,77.1,301.6815233826637,0.069,-0.91,3.7333333333333334,1.0642061103333333
Tumakuru,2021,12,13.34,77.1,27.337644338607788,-0.12,-0.87,6.451612903225806,2.068191648387097
Tumakuru,2022,1,13.34,77.1,0.0,-0.056,-0.82,6.838709677419355,1.1541269361290323
Tumakuru,2022,2,13.34,77.1,0.0,-0.082,-0.79,3.142857142857143,1.2939472457142858
Tumakuru,2022,3,13.34,77.1,19.735280886292458,-0.093,-0.86,3.064516129032258,1.0719917463806452
Tumakuru,2022,4,13.34,77.1,106.6000862121582,-0.068,-0.95,3.5,0.6809799073333332
Tumakuru,2022,5,13.34,77.1,202.90765339136124,-0.122,-0.9,4.67741935483871,1.2369349422580647
Tumakuru,2022,6,13.34,77.1,226.5111689567566,-0.335,-0.78,2.7333333333333334,1.7460144566666667
Tumakuru,2022,7,13.34,77.1,235.59289111196995,-0.195,-0.76,3.096774193548387,0.9906527754838709
Tumakuru,2022,8,13.34,77.1,289.19555889070034,-0.246,-0.87,3.3870967741935485,0.9623516609677419
Tumakuru,2022,9,13.34,77.1,137.5850385427475,-0.322,-0.97,4.566666666666666,0.45954351401
Tumakuru,2022,10,13.34,77.1,228.63147628307343,-0.691,-0.94,5.387096774193548,1.5040083503225805
Tumakuru,2022,11,13.34,77.1,21.066871270537376,-0.269,-0.85,5.966666666666667,1.2876559716666667
Tumakuru,2022,12,13.34,77.1,60.67857501655817,-0.091,-0.71,4.161290322580645,1.0273198254935483
Tumakuru,2023,1,13.34,77.1,0.0,0.11,-0.54,5.32258064516129,1.3139867793548388
Tumakuru,2023,2,13.34,77.1,0.0,0.157,-0.29,5.571428571428571,1.642928577857143
Tumakuru,2023,3,13.34,77.1,3.5057856738567352,0.414,-0.02,4.548387096774194,2.51316421
Tumakuru,2023,4,13.34,77.1,29.06380646675825,0.56,0.27,5.133333333333334,1.690960304
Tumakuru,2023,5,13.34,77.1,169.4550005942583,0.443,0.57,6.064516129032258,1.6563232422580645
Tumakuru,2023,6,13.34,77.1,59.083079528063536,0.665,0.84,3.066666666666667,1.1452140906
Tumakuru,2023,7,13.34,77.1,142.9266881607473,0.498,1.12,4.225806451612903,0.7976125261290323
Tumakuru,2023,8,13.34,77.1,21.68806517124176,0.826,1.37,6.32258064516129,0.9138732870967742
Tumakuru,2023,9,13.34,77.1,166.84202912449837,0.946,1.6,3.533333333333333,0.8482362092433333
Tumakuru,2023,10,13.34,77.1,86.68508782982826,0.804,1.83,4.419354838709677,1.3481443029032258
Tumakuru,2023,11,13.34,77.1,64.24617743492126,0.92,1.99,3.3,1.3793660156666665
Tumakuru,2023,12,13.34,77.1,0.2728189155459404,0.852,2.06,4.193548387096774,1.5088745183870966
Kolar,2000,1,13.13,78.13,0.0,-0.125,-1.66,3.7096774193548385,0.6000893251612903
Kolar,2000,2,13.13,78.13,45.37724733352661,-0.009,-1.41,3.793103448275862,1.1428570703448275
Kolar,2000,3,13.13,78.13,0.0,0.141,-1.07,3.3870967741935485,0.9157557180645162
Kolar,2000,4,13.13,78.13,12.382041096687317,0.141,-0.81,4.533333333333333,0.9053602656666667
Kolar,2000,5,13.13,78.13,50.576746702194214,0.113,-0.71,5.483870967741935,0.9960924206451613
Kolar,2000,6,13.13,78.13,12.781377077102661,-0.022,-0.64,4.1,0.7017651786833333
Kolar,2000,7,13.13,78.13,43.380134381353855,0.077,-0.55,5.548387096774194,1.5948303687096774
Kolar,2000,8,13.13,78.13,321.72254407405853,0.131,-0.51,3.838709677419355,1.62711539
Kolar,2000,9,13.13,78.13,156.5891161262989,-0.096,-0.55,4.1,1.278711512
Kolar,2000,10,13.13,78.13,179.40433514863253,-0.142,-0.63,4.806451612903226,1.5696261258064517
Kolar,2000,11,13.13,78.13,35.53202176094055,-0.306,-0.75,4.266666666666667,1.6378827666666667
Kolar,2000,12,13.13,78.13,11.52651622891426,-0.248,-0.74,4.806451612903226,1.1626311996774195
Kolar,2001,1,13.13,78.13,1.1926879584789276,-0.431,-0.68,2.5483870967741935,1.8043092477419354
Kolar,2001,2,13.13,78.13,0.0,-0.016,-0.52,5.25,2.3275103500000003
Kolar,2001,3,13.13,78.13,3.1009886264801025,-0.01,-0.44,5.258064516129032,0.6080977735483871
Kolar,2001,4,13.13,78.13,105.8719343394041,0.136,-0.34,4.533333333333333,0.6858787033333333
Kolar,2001,5,13.13,78.13,16.78590428829193,0.137,-0.25,5.451612903225806,1.5366611332258064
Kolar,2001,6,13.13,78.13,11.469727486371994,0.127,-0.12,4.033333333333333,0.8460881063833334
Kolar,2001,7,13.13,78.13,138.569002866745,-0.14,-0.08,4.258064516129032,1.4921871870967742
Kolar,2001,8,13.13,78.13,93.25995329022408,-0.301,-0.13,5.419354838709677,1.397106648064516
Kolar,2001,9,13.13,78.13,247.05770948529243,-0.223,-0.19,3.0,1.2181324733333334
Kolar,2001,10,13.13,78.13,294.07805466651917,-0.451,-0.29,5.387096774193548,1.3723289300000001
Kolar,2001,11,13.13,78.13,47.92685681581497,-0.245,-0.35,4.4,0.9614376696666667
Kolar,2001,12,13.13,78.13,23.29685990512371,-0.051,-0.31,6.580645161290323,1.7203842838709678
Kolar,2002,1,13.13,78.13,0.0,-0.142,-0.15,4.258064516129032,1.6998524758064517
Kolar,2002,2,13.13,78.13,10.71861481666565,-0.098,0.03,5.714285714285714,1.0814431442857144
Kolar,2002,3,13.13,78.13,5.036052227020264,0.008,0.09,3.5483870967741935,1.3025143731387099
Kolar,2002,4,13.13,78.13,21.508875027298927,-0.352,0.2,2.533333333333333,0.8904978936033333
Kolar,2002,5,13.13,78.13,90.2103545665741,-0.329,0.43,5.903225806451613,2.409133551612903
Kolar,2002,6,13.13,78.13,182.36846823245287,-0.189,0.65,3.566666666666667,1.8803833166666666
Kolar,2002,7,13.13,78.13,7.304727494716644,-0.261,0.79,6.387096774193548,1.7221574980645162
Kolar,2002,8,13.13,78.13,19.99225651472807,-0.208,0.86,5.67741935483871,1.4202360319354839
Kolar,2002,9,13.13,78.13,110.79574391245842,0.286,1.01,4.433333333333334,0.7018471730000001
Kolar,2002,10,13.13,78.13,107.84122581779957,0.405,1.21,4.129032258064516,0.8933860990322581
Kolar,2002,11,13.13,78.13,34.356685534119606,0.096,1.31,3.566666666666667,2.25046865
Kolar,2002,12,13.13,78.13,3.1252947449684143,-0.158,1.14,3.7096774193548385,1.8575260422580646
Kolar,2003,1,13.13,78.13,0.0,-0.239,0.92,5.354838709677419,0.8134987815870968
Kolar,2003,2,13.13,78.13,0.0,0.017,0.63,4.178571428571429,0.7148255028571429
Kolar,2003,3,13.13,78.13,8.841710418462753,-0.039,0.38,3.903225806451613,1.4626752464516128
Kolar,2003,4,13.13,78.13,6.145681858062744,-0.099,-0.04,3.8666666666666667,1.1874197433333333
Kolar,2003,5,13.13,78.13,0.0,-0.164,-0.26,5.258064516129032,2.245336555483871
Kolar,2003,6,13.13,78.13,80.63832277059555,0.139,-0.16,3.2666666666666666,1.65106069
Kolar,2003,7,13.13,78.13,119.97880443930626,0.131,0.08,3.6129032258064515,0.9928557990322581
Kolar,2003,8,13.13,78.13,83.2348714619875,0.108,0.21,3.870967741935484,0.6039936987096773
Kolar,2003,9,13.13,78.13,110.97458435595036,-0.06,0.26,4.266666666666667,0.7902776976666667
Kolar,2003,10,13.13,78.13,161.60941648483276,-0.243,0.29,5.419354838709677,1.2216482238709676
Kolar,2003,11,13.13,78.13,3.7894795536994934,-0.159,0.35,4.3,0.49874167021000004
Kolar,2003,12,13.13,78.13,0.22704705595970154,0.189,0.35,4.258064516129032,1.8000867477419356
Kolar,2004,1,13.13,78.13,0.3073231279850006,0.044,0.37,4.709677419354839,2.246038609677419
Kolar,2004,2,13.13,78.13,0.47122883796691895,0.114,0.31,5.517241379310345,1.4791189124137931
Kolar,2004,3,13.13,78.13,5.028865337371826,0.077,0.23,5.064516129032258,2.1767354612903227
Kolar,2004,4,13.13,78.13,62.6065077483654,-0.079,0.17,3.6,1.2874256193333333
Kolar,2004,5,13.13,78.13,224.0519039183855,-0.565,0.17,3.838709677419355,1.4382904767741935
Kolar,2004,6,13.13,78.13,56.62199658155441,-0.384,0.28,4.533333333333333,1.0188708323333333
Kolar,2004,7,13.13,78.13,131.0319401025772,-0.301,0.47,2.6129032258064515,1.6112249593548387
Kolar,2004,8,13.13,78.13,17.89593505859375,-0.133,0.64,6.612903225806452,1.2484562670967743
Kolar,2004,9,13.13,78.13,157.84073930978775,-0.106,0.7,2.1,1.4384542359999999
Kolar,2004,10,13.13,78.13,128.30923861265182,-0.004,0.67,4.32258064516129,1.54811694
Kolar,2004,11,13.13,78.13,28.10458329319954,-0.153,0.66,3.8666666666666667,0.558687573
Kolar,2004,12,13.13,78.13,0.0,-0.132,0.69,4.354838709677419,0.7194164974193549
Kolar,2005,1,13.13,78.13,0.0,-0.124,0.64,5.67741935483871,1.203385613832258
Kolar,2005,2,13.13,78.13,54.405235290527344,-0.56,0.58,6.821428571428571,1.5145378439285715
Kolar,2005,3,13.13,78.13,13.088548183441162,-0.433,0.45,4.290322580645161,1.7757296806451612
Kolar,2005,4,13.13,78.13,84.3931546062231,0.084,0.43,4.966666666666667,2.6446991
Kolar,2005,5,13.13,78.13,83.71468406915665,-0.033,0.29,4.548387096774194,1.8156324893548388
Kolar,2005,6,13.13,78.13,65.35573482513428,-0.176,0.11,2.966666666666667,0.7345759723333334
Kolar,2005,7,13.13,78.13,97.62283931672573,-0.384,-0.06,2.6451612903225805,1.0290815029032259
Kolar,2005,8,13.13,78.13,122.77093708515167,-0.345,-0.14,3.6129032258064515,0.939736100967742
Kolar,2005,9,13.13,78.13,225.8083336353302,-0.534,-0.11,5.8,1.522602815
Kolar,2005,10,13.13,78.13,399.55733835697174,-0.436,-0.29,3.5483870967741935,1.0373357177419353
Kolar,2005,11,13.13,78.13,118.80603235960007,-0.272,-0.57,5.7,1.0062126816666666
Kolar,2005,12,13.13,78.13,21.497587352991104,-0.3,-0.84,3.7419354838709675,0.6440208229032258
Kolar,2006,1,13.13,78.13,0.0,-0.135,-0.85,4.258064516129032,1.7294375064516128
Kolar,2006,2,13.13,78.13,0.0,-0.306,-0.77,5.428571428571429,1.6995880442857143
Kolar,2006,3,13.13,78.13,30.956115245819092,-0.226,-0.57,4.419354838709677,0.8061425020580646
Kolar,2006,4,13.13,78.13,2.851496458053589,-0.015,-0.37,4.833333333333333,0.9840533986666666
Kolar,2006,5,13.13,78.13,38.174129128456116,-0.208,-0.14,5.161290322580645,1.1181375867741936
Kolar,2006,6,13.13,78.13,173.87982231378555,-0.059,-0.03,2.433333333333333,1.1171617263333333
Kolar,2006,7,13.13,78.13,14.99002981185913,0.04,0.1,6.096774193548387,1.0984740158064517
Kolar,2006,8,13.13,78.13,118.93946593999863,0.229,0.3,3.838709677419355,0.9450053216129032
Kolar,2006,9,13.13,78.13,98.97765815258026,0.428,0.54,2.9,1.5086187580000001
Kolar,2006,10,13.13,78.13,43.73642337322235,0.577,0.77,4.645161290322581,1.7489779667580645
Kolar,2006,11,13.13,78.13,65.21297359466553,0.501,0.94,3.6333333333333333,1.1893461453333332
Kolar,2006,12,13.13,78.13,13.126267910003662,0.172,0.94,3.2903225806451615,1.4631380310096773
Kolar,2007,1,13.13,78.13,0.0,0.225,0.66,5.935483870967742,1.2701261521580645
Kolar,2007,2,13.13,78.13,0.0,0.15,0.22,4.357142857142857,1.1186876339285714
Kolar,2007,3,13.13,78.13,0.0,0.115,-0.12,5.645161290322581,1.321150566451613
Kolar,2007,4,13.13,78.13,16.194987058639526,0.1,-0.32,5.133333333333334,0.8067391546666667
Kolar,2007,5,13.13,78.13,71.00640070438385,0.27,-0.38,4.741935483870968,1.2340057027322582
Kolar,2007,6,13.13,78.13,55.97945487499237,0.031,-0.47,3.1333333333333333,1.3529915246666666
Kolar,2007,7,13.13,78.13,173.01846146583557,0.045,-0.56,4.193548387096774,1.3795319935483872
Kolar,2007,8,13.13,78.13,124.8023898601532,0.237,-0.81,2.5483870967741935,0.8762567774193548
Kolar,2007,9,13.13,78.13,67.1739536523819,0.235,-1.07,4.533333333333333,1.1761283893333332
Kolar,2007,10,13.13,78.13,99.08517456054688,0.068,-1.34,5.419354838709677,1.2009301141935484
Kolar,2007,11,13.13,78.13,36.55118942260742,-0.023,-1.5,5.533333333333333,1.588934237
Kolar,2007,12,13.13,78.13,95.12327754497528,-0.227,-1.6,3.4838709677419355,2.0751771258064515
Kolar,2008,1,13.13,78.13,1.2043626308441162,0.115,-1.64,5.193548387096774,1.8184795248387096
Kolar,2008,2,13.13,78.13,6.503562927246094,-0.072,-1.52,3.586206896551724,1.2379733358620688
Kolar,2008,3,13.13,78.13,114.53407734632492,0.097,-1.29,2.870967741935484,1.8412203261290323
Kolar,2008,4,13.13,78.13,4.650568664073944,-0.153,-1.01,4.966666666666667,0.8616907713333333
Kolar,2008,5,13.13,78.13,120.35030841827393,0.179,-0.84,4.967741935483871,1.7237106374193547
Kolar,2008,6,13.13,78.13,7.392162770032883,0.215,-0.61,4.666666666666667,0.953116955
Kolar,2008,7,13.13,78.13,101.63754057884216,0.246,-0.37,2.3870967741935485,1.2312710548387096
Kolar,2008,8,13.13,78.13,105.07751661539078,0.124,-0.23,2.3548387096774195,1.211697393548387
Kolar,2008,9,13.13,78.13,134.9937847852707,0.086,-0.24,4.833333333333333,1.4465834003333333
Kolar,2008,10,13.13,78.13,151.11158776283264,0.029,-0.35,3.3225806451612905,1.3736839277419355
Kolar,2008,11,13.13,78.13,92.95331907272339,-0.128,-0.55,5.033333333333333,1.2276514546666666
Kolar,2008,12,13.13,78.13,6.345484018325806,-0.053,-0.73,5.870967741935484,0.8991352851612903
Kolar,2009,1,13.13,78.13,0.0,0.031,-0.85,5.258064516129032,1.3644628538709678
Kolar,2009,2,13.13,78.13,0.0,0.163,-0.79,5.178571428571429,0.9907292532142857
Kolar,2009,3,13.13,78.13,9.475581049919128,0.1,-0.61,6.096774193548387,1.1326078929032257
Kolar,2009,4,13.13,78.13,51.25857901573181,0.126,-0.33,3.9,2.2441025066666667
Kolar,2009,5,13.13,78.13,110.4207123965025,0.257,0.01,7.225806451612903,1.0808286461290324
Kolar,2009,6,13.13,78.13,71.15782654285431,0.1,0.28,5.866666666666666,1.4584701413333332
Kolar,2009,7,13.13,78.13,13.137303590774536,-0.192,0.45,3.838709677419355,0.6150665787096774
Kolar,2009,8,13.13,78.13,160.2245614528656,-0.104,0.58,2.935483870967742,1.12875141
Kolar,2009,9,13.13,78.13,177.60032987594604,-0.103,0.71,4.033333333333333,1.6812911126666668
Kolar,2009,10,13.13,78.13,10.260686814785004,-0.013,1.01,5.225806451612903,0.9675306593548387
Kolar,2009,11,13.13,78.13,107.7709270119667,-0.067,1.36,3.7666666666666666,1.78102768
Kolar,2009,12,13.13,78.13,21.877399921417236,0.16,1.56,5.096774193548387,1.2578152232258064
Kolar,2010,1,13.13,78.13,3.450049638748169,0.294,1.5,4.967741935483871,1.289910690967742
Kolar,2010,2,13.13,78.13,0.0,0.023,1.22,7.107142857142857,1.3009368542857143
Kolar,2010,3,13.13,78.13,0.3946731388568878,0.458,0.84,2.4516129032258065,1.229541595483871
Kolar,2010,4,13.13,78.13,65.01812902092934,0.37,0.35,4.3,0.970552031
Kolar,2010,5,13.13,78.13,174.37684905529022,-0.029,-0.17,4.032258064516129,1.3091519658064517
Kolar,2010,6,13.13,78.13,159.8646824657917,-0.14,-0.66,1.7666666666666666,1.285590429
Kolar,2010,7,13.13,78.13,111.41221413016319,-0.001,-1.05,2.4193548387096775,1.663601914516129
Kolar,2010,8,13.13,78.13,50.54734951257706,-0.061,-1.35,2.967741935483871,0.747917844516129
Kolar,2010,9,13.13,78.13,96.01226338744164,-0.267,-1.56,2.2,0.8091414173333332
Kolar,2010,10,13.13,78.13,25.814669460058212,-0.437,-1.64,5.032258064516129,1.3724983983870966
Kolar,2010,11,13.13,78.13,249.552141726017,-0.495,-1.64,4.433333333333334,0.7180750344066666
Kolar,2010,12,13.13,78.13,33.251289784908295,-0.212,-1.54,5.129032258064516,0.9818622567741935
Kolar,2011,1,13.13,78.13,0.7861554622650146,0.191,-1.31,5.967741935483871,1.5956191370967743
Kolar,2011,2,13.13,78.13,14.832591772079468,0.241,-1.04,5.678571428571429,0.5124724357571429
Kolar,2011,3,13.13,78.13,0.0,0.367,-0.8,4.645161290322581,1.117857366129032
Kolar,2011,4,13.13,78.13,64.35905307531357,0.154,-0.62,5.866666666666666,0.9413861176666667
Kolar,2011,5,13.13,78.13,70.61295410990715,-0.089,-0.46,6.129032258064516,1.5436429977419355
Kolar,2011,6,13.13,78.13,43.67208091914654,0.055,-0.37,3.7333333333333334,0.6791252076666666
Kolar,2011,7,13.13,78.13,113.29033143818378,0.223,-0.43,3.7096774193548385,1.0109919648387098
Kolar,2011,8,13.13,78.13,129.0045636817813,0.344,-0.58,2.774193548387097,1.011544473516129
Kolar,2011,9,13.13,78.13,46.69885711371899,0.202,-0.79,3.7,0.9066917783333334
Kolar,2011,10,13.13,78.13,119.03401917219162,0.356,-0.96,4.129032258064516,1.8293501125806453
Kolar,2011,11,13.13,78.13,69.86331391334534,0.336,-1.02,4.033333333333333,1.4278005003333334
Kolar,2011,12,13.13,78.13,24.30945348739624,-0.128,-0.92,4.483870967741935,1.388414425483871
Kolar,2012,1,13.13,78.13,9.334590911865234,0.046,-0.72,5.774193548387097,1.0838557522580645
Kolar,2012,2,13.13,78.13,0.0,-0.078,-0.57,4.068965517241379,1.9624444827586207
Kolar,2012,3,13.13,78.13,7.049656927585602,0.026,-0.46,5.161290322580645,2.275805190322581
Kolar,2012,4,13.13,78.13,55.10868310928345,-0.271,-0.36,4.733333333333333,1.392764723
Kolar,2012,5,13.13,78.13,85.89722901582718,-0.37,-0.17,5.838709677419355,0.508314344516129
Kolar,2012,6,13.13,78.13,60.10326607525349,0.0,0.06,3.933333333333333,1.5851710730000002
Kolar,2012,7,13.13,78.13,135.93240578472614,0.546,0.3,3.2580645161290325,1.0006735025806452
Kolar,2012,8,13.13,78.13,96.24686832726002,0.652,0.41,3.3548387096774195,1.4237936377419356
Kolar,2012,9,13.13,78.13,43.55574434995651,0.453,0.41,4.366666666666666,1.1895103533333333
Kolar,2012,10,13.13,78.13,130.31825543940067,0.11,0.31,3.064516129032258,1.05932045
Kolar,2012,11,13.13,78.13,100.03509628772736,-0.099,0.13,4.6,0.7542804866666667
Kolar,2012,12,13.13,78.13,33.75654625892639,0.267,-0.1,2.4516129032258065,0.8817284803225806
Kolar,2013,1,13.13,78.13,0.0,-0.065,-0.29,6.064516129032258,1.989185853870968
Kolar,2013,2,13.13,78.13,2.931102305650711,0.189,-0.29,3.392857142857143,1.6343154739285715
Kolar,2013,3,13.13,78.13,8.706830978393555,0.083,-0.21,5.225806451612903,1.208878878064516
Kolar,2013,4,13.13,78.13,18.866777628660202,-0.297,-0.19,5.133333333333334,0.9100850366666666
Kolar,2013,5,13.13,78.13,46.30580943822861,-0.506,-0.27,3.935483870967742,1.196817595483871
Kolar,2013,6,13.13,78.13,39.061721831560135,-0.497,-0.34,4.366666666666666,1.2253081406666666
Kolar,2013,7,13.13,78.13,33.42468221485615,-0.181,-0.35,3.5806451612903225,0.8870305335483871
Kolar,2013,8,13.13,78.13,84.58932283520699,-0.194,-0.28,5.806451612903226,0.912353013548387
Kolar,2013,9,13.13,78.13,149.5977457910776,-0.31,-0.21,3.7666666666666666,1.5937026506666667
Kolar,2013,10,13.13,78.13,201.7384427189827,-0.168,-0.13,5.161290322580645,0.8202488128741936
Kolar,2013,11,13.13,78.13,31.536653995513916,0.199,-0.1,3.2,0.6853039573333334
Kolar,2013,12,13.13,78.13,1.5209854245185852,0.141,-0.15,3.870967741935484,1.0410569158064515
Kolar,2014,1,13.13,78.13,0.0,-0.101,-0.28,5.741935483870968,1.1766352048387096
Kolar,2014,2,13.13,78.13,0.0,-0.089,-0.32,5.857142857142857,1.4348881625
Kolar,2014,3,13.13,78.13,23.451549261808395,-0.151,-0.14,3.6129032258064515,1.5816916796774194
Kolar,2014,4,13.13,78.13,2.575928211212158,-0.058,0.15,5.533333333333333,1.3192271676666667
Kolar,2014,5,13.13,78.13,78.2442390024662,-0.092,0.31,2.3225806451612905,1.4339224977419354
Kolar,2014,6,13.13,78.13,104.7485899925232,-0.028,0.23,4.433333333333334,1.108679051
Kolar,2014,7,13.13,78.13,47.81979024410248,-0.363,0.1,5.806451612903226,1.1528067432258065
Kolar,2014,8,13.13,78.13,37.870039731264114,-0.372,0.11,1.7096774193548387,1.2150309538709676
Kolar,2014,9,13.13,78.13,61.03693327307701,-0.145,0.28,4.333333333333333,0.649377995
Kolar,2014,10,13.13,78.13,156.51810440421104,0.141,0.54,3.7096774193548385,0.9880874900000001
Kolar,2014,11,13.13,78.13,28.58116239309311,0.009,0.71,2.933333333333333,1.4682012086666667
Kolar,2014,12,13.13,78.13,3.174649655818939,0.046,0.77,4.741935483870968,1.3856411206451613
Kolar,2015,1,13.13,78.13,1.159050703048706,-0.1,0.69,6.193548387096774,1.595519382903226
Kolar,2015,2,13.13,78.13,0.0,-0.345,0.61,6.464285714285714,0.8730502682142857
Kolar,2015,3,13.13,78.13,13.321659207344055,-0.241,0.65,5.161290322580645,2.5235438870967744
Kolar,2015,4,13.13,78.13,122.65538865327835,-0.008,0.81,3.466666666666667,0.9544394936666667
Kolar,2015,5,13.13,78.13,105.20657336711884,0.24,1.02,5.096774193548387,0.7510026245161291
Kolar,2015,6,13.13,78.13,124.35762229561806,0.296,1.25,3.433333333333333,1.9929203833333333
Kolar,2015,7,13.13,78.13,32.6046134904027,0.225,1.57,4.451612903225806,1.837990334516129
Kolar,2015,8,13.13,78.13,156.48073402047157,0.568,1.91,5.870967741935484,0.8428048241935484
Kolar,2015,9,13.13,78.13,187.59688967466354,0.294,2.21,4.7,0.62977513528
Kolar,2015,10,13.13,78.13,139.58444672822952,0.482,2.47,4.935483870967742,1.5348366948387098
Kolar,2015,11,13.13,78.13,413.544282913208,0.347,2.64,2.6666666666666665,1.8664467500000002
Kolar,2015,12,13.13,78.13,26.673917531967163,0.272,2.75,4.419354838709677,1.905701525483871
Kolar,2016,1,13.13,78.13,2.5648403763771057,0.265,2.63,4.548387096774194,1.397440465735484
Kolar,2016,2,13.13,78.13,0.0,-0.11,2.28,5.586206896551724,2.0595920172413793
Kolar,2016,3,13.13,78.13,6.491657018661499,-0.008,1.71,5.387096774193548,1.2421979758064514
Kolar,2016,4,13.13,78.13,1.4132002592086792,0.146,1.05,3.433333333333333,0.6606036036666667
Kolar,2016,5,13.13,78.13,149.28412771224976,-0.113,0.49,2.935483870967742,1.3503781812903226
Kolar,2016,6,13.13,78.13,111.57950887084007,-0.443,0.0,4.166666666666667,1.5598082686666668
Kolar,2016,7,13.13,78.13,186.1378988623619,-0.757,-0.31,3.129032258064516,1.0086871877419354
Kolar,2016,8,13.13,78.13,32.69122721999884,-0.443,-0.5,5.709677419354839,1.3634238690322582
Kolar,2016,9,13.13,78.13,41.36421889066696,-0.437,-0.58,4.233333333333333,0.9987363606666667
Kolar,2016,10,13.13,78.13,35.20653340220451,-0.371,-0.64,5.645161290322581,0.6798959190322581
Kolar,2016,11,13.13,78.13,1.259280800819397,-0.382,-0.6,4.366666666666666,1.4056047909999998
Kolar,2016,12,13.13,78.13,112.29390919208527,-0.31,-0.45,4.451612903225806,0.6025583080645162
Kolar,2017,1,13.13,78.13,22.79213547706604,-0.086,-0.19,3.7096774193548385,1.2075865980645162
Kolar,2017,2,13.13,78.13,0.0,0.101,-0.02,4.607142857142857,2.432161792857143
Kolar,2017,3,13.13,78.13,46.56135940551758,0.357,0.18,3.6774193548387095,0.7525501162903225
Kolar,2017,4,13.13,78.13,16.383063316345215,0.498,0.31,6.7,0.7843319514433333
Kolar,2017,5,13.13,78.13,96.35256567597389,0.536,0.4,4.193548387096774,1.3503042366709677
Kolar,2017,6,13.13,78.13,96.65013366937637,0.424,0.39,2.433333333333333,1.010765505
Kolar,2017,7,13.13,78.13,76.31076192855835,0.52,0.19,3.6774193548387095,1.0194311058064516
Kolar,2017,8,13.13,78.13,154.72881266474724,0.349,-0.07,4.193548387096774,0.560064344016129
Kolar,2017,9,13.13,78.13,242.42195507884026,0.035,-0.34,4.233333333333333,0.5864452456666667
Kolar,2017,10,13.13,78.13,355.30041539669037,0.015,-0.6,5.354838709677419,2.0237151622580645
Kolar,2017,11,13.13,78.13,41.44755148887634,0.289,-0.77,4.166666666666667,0.8390316453333334
Kolar,2017,12,13.13,78.13,18.848679065704346,0.11,-0.86,5.258064516129032,1.455329965483871
Kolar,2018,1,13.13,78.13,0.0,-0.2,-0.77,3.5806451612903225,2.2438225967741934
Kolar,2018,2,13.13,78.13,33.95682144165039,0.216,-0.71,5.5,2.449217742857143
Kolar,2018,3,13.13,78.13,47.835516929626465,-0.12,-0.57,4.161290322580645,1.1359975419354837
Kolar,2018,4,13.13,78.13,30.2736819088459,-0.083,-0.39,4.433333333333334,1.4919827436666668
Kolar,2018,5,13.13,78.13,81.54707352817059,0.122,-0.13,3.096774193548387,1.7735262777419354
Kolar,2018,6,13.13,78.13,100.87614098191261,0.155,0.06,3.433333333333333,1.099695321
Kolar,2018,7,13.13,78.13,50.97989018261433,0.053,0.14,4.967741935483871,1.4670566325806451
Kolar,2018,8,13.13,78.13,27.420001417398453,0.121,0.27,5.419354838709677,1.1604823280645162
Kolar,2018,9,13.13,78.13,103.5183896124363,0.604,0.53,6.6,1.0746740603333333
Kolar,2018,10,13.13,78.13,66.11684386432171,0.684,0.81,4.129032258064516,1.372201460967742
Kolar,2018,11,13.13,78.13,33.561412036418915,0.5,0.97,4.666666666666667,1.3713922473333333
Kolar,2018,12,13.13,78.13,3.9499810934066772,0.309,0.92,3.838709677419355,2.266200470967742
Kolar,2019,1,13.13,78.13,23.57645320892334,0.387,0.89,5.709677419354839,1.75703085
Kolar,2019,2,13.13,78.13,6.782865524291992,0.416,0.86,6.142857142857143,1.7487797142857142
Kolar,2019,3,13.13,78.13,0.0,0.225,0.84,4.064516129032258,1.1146516216129032
Kolar,2019,4,13.13,78.13,21.358544945716858,0.258,0.77,3.7333333333333334,1.0698441273333332
Kolar,2019,5,13.13,78.13,41.41731142997742,0.54,0.64,6.096774193548387,1.854505129032258
Kolar,2019,6,13.13,78.13,83.69866985082626,0.605,0.52,4.566666666666666,1.3048570076666666
Kolar,2019,7,13.13,78.13,48.86813074350357,0.597,0.33,2.3548387096774195,0.8737279109677419
Kolar,2019,8,13.13,78.13,120.13515090942383,0.436,0.19,4.129032258064516,0.9542141777419355
Kolar,2019,9,13.13,78.13,130.9598138332367,0.892,0.23,4.5,1.6799940163333333
Kolar,2019,10,13.13,78.13,164.4415597319603,0.964,0.39,2.6774193548387095,1.5321089774193548
Kolar,2019,11,13.13,78.13,19.632319569587708,0.835,0.58,4.7,1.5540973666666666
Kolar,2019,12,13.13,78.13,41.62526226043701,0.243,0.66,3.7096774193548385,0.9795201067741935
Kolar,2020,1,13.13,78.13,0.0,0.173,0.64,5.516129032258065,2.0013102467741937
Kolar,2020,2,13.13,78.13,0.0,0.054,0.63,5.551724137931035,1.19141821
Kolar,2020,3,13.13,78.13,9.513552486896515,0.019,0.53,3.7419354838709675,1.516898370967742
Kolar,2020,4,13.13,78.13,93.43886625766754,-0.011,0.3,3.6666666666666665,1.6374265986666667
Kolar,2020,5,13.13,78.13,40.39129626750946,0.298,0.01,4.451612903225806,1.1646890893548387
Kolar,2020,6,13.13,78.13,119.21118232607841,0.455,-0.23,1.6,1.3547168013333333
Kolar,2020,7,13.13,78.13,335.30764546990395,0.319,-0.36,2.0,1.5012130690322583
Kolar,2020,8,13.13,78.13,111.42286437749863,-0.183,-0.53,4.516129032258065,1.5708076487096774
Kolar,2020,9,13.13,78.13,170.05700036883354,-0.189,-0.85,4.166666666666667,1.1078213236666665
Kolar,2020,10,13.13,78.13,148.3450849056244,0.074,-1.12,5.032258064516129,1.8443815480645163
Kolar,2020,11,13.13,78.13,241.35992953181267,0.02,-1.2,4.533333333333333,1.0659901883333334
Kolar,2020,12,13.13,78.13,51.48161005973816,0.031,-1.08,4.709677419354839,0.8462182629741936
Kolar,2021,1,13.13,78.13,16.51110315322876,0.051,-0.91,4.483870967741935,1.3812992767741936
Kolar,2021,2,13.13,78.13,18.136432647705078,0.243,-0.79,6.357142857142857,1.7109776275000002
Kolar,2021,3,13.13,78.13,0.0,0.267,-0.71,4.032258064516129,1.1486161170967741
Kolar,2021,4,13.13,78.13,32.14118695259094,0.25,-0.55,6.7,2.1312086966666666
Kolar,2021,5,13.13,78.13,67.08211600780487,0.009,-0.39,3.6451612903225805,1.6188268058064517
Kolar,2021,6,13.13,78.13,139.69398966431618,-0.002,-0.3,3.033333333333333,1.2543668813333333
Kolar,2021,7,13.13,78.13,238.5463052392006,-0.229,-0.35,4.193548387096774,1.2697446645161292
Kolar,2021,8,13.13,78.13,253.2554427087307,-0.099,-0.45,3.0,1.3328496390322582
Kolar,2021,9,13.13,78.13,169.4749992787838,-0.058,-0.63,3.4,1.16716908
Kolar,2021,10,13.13,78.13,181.32943299412727,-0.091,-0.76,3.5161290322580645,1.1958632022580646
Kolar,2021,11,13.13,78.13,355.68549171090126,0.069,-0.91,3.7333333333333334,1.0642061103333333
Kolar,2021,12,13.13,78.13,28.99957448244095,-0.12,-0.87,6.451612903225806,2.068191648387097
Kolar,2022,1,13.13,78.13,7.047724366188049,-0.056,-0.82,6.838709677419355,1.1541269361290323
Kolar,2022,2,13.13,78.13,0.0,-0.082,-0.79,3.142857142857143,1.2939472457142858
Kolar,2022,3,13.13,78.13,11.597769737243652,-0.093,-0.86,3.064516129032258,1.0719917463806452
Kolar,2022,4,13.13,78.13,37.10939943790436,-0.068,-0.95,3.5,0.6809799073333332
Kolar,2022,5,13.13,78.13,165.82361632585526,-0.122,-0.9,4.67741935483871,1.2369349422580647
Kolar,2022,6,13.13,78.13,132.07083290815353,-0.335,-0.78,2.7333333333333334,1.7460144566666667
Kolar,2022,7,13.13,78.13,81.55439701676369,-0.195,-0.76,3.096774193548387,0.9906527754838709
Kolar,2022,8,13.13,78.13,268.87679302692413,-0.246,-0.87,3.3870967741935485,0.9623516609677419
Kolar,2022,9,13.13,78.13,95.0140645802021,-0.322,-0.97,4.566666666666666,0.45954351401
Kolar,2022,10,13.13,78.13,174.44664952158928,-0.691,-0.94,5.387096774193548,1.5040083503225805
Kolar,2022,11,13.13,78.13,91.68661504983902,-0.269,-0.85,5.966666666666667,1.2876559716666667
Kolar,2022,12,13.13,78.13,155.02876114845276,-0.091,-0.71,4.161290322580645,1.0273198254935483
Kolar,2023,1,13.13,78.13,0.0,0.11,-0.54,5.32258064516129,1.3139867793548388
Kolar,2023,2,13.13,78.13,0.0,0.157,-0.29,5.571428571428571,1.642928577857143
Kolar,2023,3,13.13,78.13,57.519406378269196,0.414,-0.02,4.548387096774194,2.51316421
Kolar,2023,4,13.13,78.13,19.55640435218811,0.56,0.27,5.133333333333334,1.690960304
Kolar,2023,5,13.13,78.13,100.00440001487732,0.443,0.57,6.064516129032258,1.6563232422580645
Kolar,2023,6,13.13,78.13,97.23458310961723,0.665,0.84,3.066666666666667,1.1452140906
Kolar,2023,7,13.13,78.13,51.81029449403286,0.498,1.12,4.225806451612903,0.7976125261290323
Kolar,2023,8,13.13,78.13,49.676584511995316,0.826,1.37,6.32258064516129,0.9138732870967742
Kolar,2023,9,13.13,78.13,283.6714306771755,0.946,1.6,3.533333333333333,0.8482362092433333
Kolar,2023,10,13.13,78.13,36.69758743047714,0.804,1.83,4.419354838709677,1.3481443029032258
Kolar,2023,11,13.13,78.13,123.25822252035141,0.92,1.99,3.3,1.3793660156666665
Kolar,2023,12,13.13,78.13,27.903585195541382,0.852,2.06,4.193548387096774,1.5088745183870966
Belagavi,2000,1,15.85,74.5,0.0,-0.125,-1.66,3.7096774193548385,0.6000893251612903
Belagavi,2000,2,15.85,74.5,0.0,-0.009,-1.41,3.793103448275862,1.1428570703448275
Belagavi,2000,3,15.85,74.5,0.0,0.141,-1.07,3.3870967741935485,0.9157557180645162
Belagavi,2000,4,15.85,74.5,44.01571607589722,0.141,-0.81,4.533333333333333,0.9053602656666667
Belagavi,2000,5,15.85,74.5,32.97124573588371,0.113,-0.71,5.483870967741935,0.9960924206451613
Belagavi,2000,6,15.85,74.5,59.11611649394035,-0.022,-0.64,4.1,0.7017651786833333
Belagavi,2000,7,15.85,74.5,190.4433430507779,0.077,-0.55,5.548387096774194,1.5948303687096774
Belagavi,2000,8,15.85,74.5,86.07326136529446,0.131,-0.51,3.838709677419355,1.62711539
Belagavi,2000,9,15.85,74.5,63.10830573737621,-0.096,-0.55,4.1,1.278711512
Belagavi,2000,10,15.85,74.5,108.87256559729576,-0.142,-0.63,4.806451612903226,1.5696261258064517
Belagavi,2000,11,15.85,74.5,8.70589542388916,-0.306,-0.75,4.266666666666667,1.6378827666666667
Belagavi,2000,12,15.85,74.5,0.0,-0.248,-0.74,4.806451612903226,1.1626311996774195
Belagavi,2001,1,15.85,74.5,0.0,-0.431,-0.68,2.5483870967741935,1.8043092477419354
Belagavi,2001,2,15.85,74.5,0.0,-0.016,-0.52,5.25,2.3275103500000003
Belagavi,2001,3,15.85,74.5,0.0,-0.01,-0.44,5.258064516129032,0.6080977735483871
Belagavi,2001,4,15.85,74.5,21.288970589637756,0.136,-0.34,4.533333333333333,0.6858787033333333
Belagavi,2001,5,15.85,74.5,25.42527048289776,0.137,-0.25,5.451612903225806,1.5366611332258064
Belagavi,2001,6,15.85,74.5,79.60275054723024,0.127,-0.12,4.033333333333333,0.8460881063833334
Belagavi,2001,7,15.85,74.5,94.77462370693684,-0.14,-0.08,4.258064516129032,1.4921871870967742
Belagavi,2001,8,15.85,74.5,101.7384361922741,-0.301,-0.13,5.419354838709677,1.397106648064516
Belagavi,2001,9,15.85,74.5,122.47746513783932,-0.223,-0.19,3.0,1.2181324733333334
Belagavi,2001,10,15.85,74.5,43.704160302877426,-0.451,-0.29,5.387096774193548,1.3723289300000001
Belagavi,2001,11,15.85,74.5,28.28142547607422,-0.245,-0.35,4.4,0.9614376696666667
Belagavi,2001,12,15.85,74.5,6.2044219970703125,-0.051,-0.31,6.580645161290323,1.7203842838709678
Belagavi,2002,1,15.85,74.5,0.0,-0.142,-0.15,4.258064516129032,1.6998524758064517
Belagavi,2002,2,15.85,74.5,0.0,-0.098,0.03,5.714285714285714,1.0814431442857144
Belagavi,2002,3,15.85,74.5,0.0,0.008,0.09,3.5483870967741935,1.3025143731387099
Belagavi,2002,4,15.85,74.5,37.784052319824696,-0.352,0.2,2.533333333333333,0.8904978936033333
Belagavi,2002,5,15.85,74.5,35.12084519863129,-0.329,0.43,5.903225806451613,2.409133551612903
Belagavi,2002,6,15.85,74.5,79.20202389359474,-0.189,0.65,3.566666666666667,1.8803833166666666
Belagavi,2002,7,15.85,74.5,35.129726462066174,-0.261,0.79,6.387096774193548,1.7221574980645162
Belagavi,2002,8,15.85,74.5,134.1748100221157,-0.208,0.86,5.67741935483871,1.4202360319354839
Belagavi,2002,9,15.85,74.5,9.724664807319641,0.286,1.01,4.433333333333334,0.7018471730000001
Belagavi,2002,10,15.85,74.5,101.0498420894146,0.405,1.21,4.129032258064516,0.8933860990322581
Belagavi,2002,11,15.85,74.5,0.2768406867980957,0.096,1.31,3.566666666666667,2.25046865
Belagavi,2002,12,15.85,74.5,0.0,-0.158,1.14,3.7096774193548385,1.8575260422580646
Belagavi,2003,1,15.85,74.5,0.0,-0.239,0.92,5.354838709677419,0.8134987815870968
Belagavi,2003,2,15.85,74.5,0.0,0.017,0.63,4.178571428571429,0.7148255028571429
Belagavi,2003,3,15.85,74.5,20.43681900203228,-0.039,0.38,3.903225806451613,1.4626752464516128
Belagavi,2003,4,15.85,74.5,61.0854168087244,-0.099,-0.04,3.8666666666666667,1.1874197433333333
Belagavi,2003,5,15.85,74.5,20.012041449546814,-0.164,-0.26,5.258064516129032,2.245336555483871
Belagavi,2003,6,15.85,74.5,231.71118584275246,0.139,-0.16,3.2666666666666666,1.65106069
Belagavi,2003,7,15.85,74.5,181.68831849098206,0.131,0.08,3.6129032258064515,0.9928557990322581
Belagavi,2003,8,15.85,74.5,99.10306134819984,0.108,0.21,3.870967741935484,0.6039936987096773
Belagavi,2003,9,15.85,74.5,46.07005658745766,-0.06,0.26,4.266666666666667,0.7902776976666667
Belagavi,2003,10,15.85,74.5,114.27656346559525,-0.243,0.29,5.419354838709677,1.2216482238709676
Belagavi,2003,11,15.85,74.5,11.26919937133789,-0.159,0.35,4.3,0.49874167021000004
Belagavi,2003,12,15.85,74.5,0.15746411681175232,0.189,0.35,4.258064516129032,1.8000867477419356
Belagavi,2004,1,15.85,74.5,0.25354132056236267,0.044,0.37,4.709677419354839,2.246038609677419
Belagavi,2004,2,15.85,74.5,0.0,0.114,0.31,5.517241379310345,1.4791189124137931
Belagavi,2004,3,15.85,74.5,0.4162892699241638,0.077,0.23,5.064516129032258,2.1767354612903227
Belagavi,2004,4,15.85,74.5,44.688581228256226,-0.079,0.17,3.6,1.2874256193333333
Belagavi,2004,5,15.85,74.5,158.12565831840038,-0.565,0.17,3.838709677419355,1.4382904767741935
Belagavi,2004,6,15.85,74.5,332.8490615040064,-0.384,0.28,4.533333333333333,1.0188708323333333
Belagavi,2004,7,15.85,74.5,156.29444727301598,-0.301,0.47,2.6129032258064515,1.6112249593548387
Belagavi,2004,8,15.85,74.5,430.77425372600555,-0.133,0.64,6.612903225806452,1.2484562670967743
Belagavi,2004,9,15.85,74.5,93.7072798460722,-0.106,0.7,2.1,1.4384542359999999
Belagavi,2004,10,15.85,74.5,39.122358083724976,-0.004,0.67,4.32258064516129,1.54811694
Belagavi,2004,11,15.85,74.5,15.905354738235474,-0.153,0.66,3.8666666666666667,0.558687573
Belagavi,2004,12,15.85,74.5,0.0,-0.132,0.69,4.354838709677419,0.7194164974193549
Belagavi,2005,1,15.85,74.5,0.0,-0.124,0.64,5.67741935483871,1.203385613832258
Belagavi,2005,2,15.85,74.5,0.0,-0.56,0.58,6.821428571428571,1.5145378439285715
Belagavi,2005,3,15.85,74.5,0.34778115153312683,-0.433,0.45,4.290322580645161,1.7757296806451612
Belagavi,2005,4,15.85,74.5,46.59457528591156,0.084,0.43,4.966666666666667,2.6446991
Belagavi,2005,5,15.85,74.5,10.345983788371086,-0.033,0.29,4.548387096774194,1.8156324893548388
Belagavi,2005,6,15.85,74.5,282.9571841061115,-0.176,0.11,2.966666666666667,0.7345759723333334
Belagavi,2005,7,15.85,74.5,340.7721476852894,-0.384,-0.06,2.6451612903225805,1.0290815029032259
Belagavi,2005,8,15.85,74.5,122.86322522163391,-0.345,-0.14,3.6129032258064515,0.939736100967742
Belagavi,2005,9,15.85,74.5,317.9152101278305,-0.534,-0.11,5.8,1.522602815
Belagavi,2005,10,15.85,74.5,112.56041271984577,-0.436,-0.29,3.5483870967741935,1.0373357177419353
Belagavi,2005,11,15.85,74.5,10.649897575378418,-0.272,-0.57,5.7,1.0062126816666666
Belagavi,2005,12,15.85,74.5,0.0,-0.3,-0.84,3.7419354838709675,0.6440208229032258
Belagavi,2006,1,15.85,74.5,0.0,-0.135,-0.85,4.258064516129032,1.7294375064516128
Belagavi,2006,2,15.85,74.5,0.0,-0.306,-0.77,5.428571428571429,1.6995880442857143
Belagavi,2006,3,15.85,74.5,25.11499261856079,-0.226,-0.57,4.419354838709677,0.8061425020580646
Belagavi,2006,4,15.85,74.5,10.339426517486572,-0.015,-0.37,4.833333333333333,0.9840533986666666
Belagavi,2006,5,15.85,74.5,210.0912953466177,-0.208,-0.14,5.161290322580645,1.1181375867741936
Belagavi,2006,6,15.85,74.5,287.3238395303488,-0.059,-0.03,2.433333333333333,1.1171617263333333
Belagavi,2006,7,15.85,74.5,283.52064114809036,0.04,0.1,6.096774193548387,1.0984740158064517
Belagavi,2006,8,15.85,74.5,169.0266781449318,0.229,0.3,3.838709677419355,0.9450053216129032
Belagavi,2006,9,15.85,74.5,86.9357243925333,0.428,0.54,2.9,1.5086187580000001
Belagavi,2006,10,15.85,74.5,23.2428480386734,0.577,0.77,4.645161290322581,1.7489779667580645
Belagavi,2006,11,15.85,74.5,14.326385498046875,0.501,0.94,3.6333333333333333,1.1893461453333332
Belagavi,2006,12,15.85,74.5,0.0,0.172,0.94,3.2903225806451615,1.4631380310096773
Belagavi,2007,1,15.85,74.5,0.0,0.225,0.66,5.935483870967742,1.2701261521580645
Belagavi,2007,2,15.85,74.5,0.0,0.15,0.22,4.357142857142857,1.1186876339285714
Belagavi,2007,3,15.85,74.5,0.0,0.115,-0.12,5.645161290322581,1.321150566451613
Belagavi,2007,4,15.85,74.5,53.560740649700165,0.1,-0.32,5.133333333333334,0.8067391546666667
Belagavi,2007,5,15.85,74.5,34.61984667181969,0.27,-0.38,4.741935483870968,1.2340057027322582
Belagavi,2007,6,15.85,74.5,299.5116431415081,0.031,-0.47,3.1333333333333333,1.3529915246666666
Belagavi,2007,7,15.85,74.5,242.45242984592915,0.045,-0.56,4.193548387096774,1.3795319935483872
Belagavi,2007,8,15.85,74.5,250.33541214466095,0.237,-0.81,2.5483870967741935,0.8762567774193548
Belagavi,2007,9,15.85,74.5,130.02532255649567,0.235,-1.07,4.533333333333333,1.1761283893333332
Belagavi,2007,10,15.85,74.5,128.38873833417892,0.068,-1.34,5.419354838709677,1.2009301141935484
Belagavi,2007,11,15.85,74.5,41.75179763138294,-0.023,-1.5,5.533333333333333,1.588934237
Belagavi,2007,12,15.85,74.5,0.0,-0.227,-1.6,3.4838709677419355,2.0751771258064515
Belagavi,2008,1,15.85,74.5,0.0,0.115,-1.64,5.193548387096774,1.8184795248387096
Belagavi,2008,2,15.85,74.5,23.23735749721527,-0.072,-1.52,3.586206896551724,1.2379733358620688
Belagavi,2008,3,15.85,74.5,45.05186861753464,0.097,-1.29,2.870967741935484,1.8412203261290323
Belagavi,2008,4,15.85,74.5,66.28360037505627,-0.153,-1.01,4.966666666666667,0.8616907713333333
Belagavi,2008,5,15.85,74.5,60.762351378798485,0.179,-0.84,4.967741935483871,1.7237106374193547
Belagavi,2008,6,15.85,74.5,116.79788234829903,0.215,-0.61,4.666666666666667,0.953116955
Belagavi,2008,7,15.85,74.5,107.71988900005817,0.246,-0.37,2.3870967741935485,1.2312710548387096
Belagavi,2008,8,15.85,74.5,299.6322747170925,0.124,-0.23,2.3548387096774195,1.211697393548387
Belagavi,2008,9,15.85,74.5,107.11624157428741,0.086,-0.24,4.833333333333333,1.4465834003333333
Belagavi,2008,10,15.85,74.5,92.7941729426384,0.029,-0.35,3.3225806451612905,1.3736839277419355
Belagavi,2008,11,15.85,74.5,6.7780771702528,-0.128,-0.55,5.033333333333333,1.2276514546666666
Belagavi,2008,12,15.85,74.5,0.0,-0.053,-0.73,5.870967741935484,0.8991352851612903
Belagavi,2009,1,15.85,74.5,0.0,0.031,-0.85,5.258064516129032,1.3644628538709678
Belagavi,2009,2,15.85,74.5,0.0,0.163,-0.79,5.178571428571429,0.9907292532142857
Belagavi,2009,3,15.85,74.5,10.53706093877554,0.1,-0.61,6.096774193548387,1.1326078929032257
Belagavi,2009,4,15.85,74.5,3.739271879196167,0.126,-0.33,3.9,2.2441025066666667
Belagavi,2009,5,15.85,74.5,80.13174813985825,0.257,0.01,7.225806451612903,1.0808286461290324
Belagavi,2009,6,15.85,74.5,206.03870908915997,0.1,0.28,5.866666666666666,1.4584701413333332
Belagavi,2009,7,15.85,74.5,483.6765114068985,-0.192,0.45,3.838709677419355,0.6150665787096774
Belagavi,2009,8,15.85,74.5,69.90680845081806,-0.104,0.58,2.935483870967742,1.12875141
Belagavi,2009,9,15.85,74.5,211.347159139812,-0.103,0.71,4.033333333333333,1.6812911126666668
Belagavi,2009,10,15.85,74.5,128.78070994466543,-0.013,1.01,5.225806451612903,0.9675306593548387
Belagavi,2009,11,15.85,74.5,49.77930039167404,-0.067,1.36,3.7666666666666666,1.78102768
Belagavi,2009,12,15.85,74.5,2.1345599591732025,0.16,1.56,5.096774193548387,1.2578152232258064
Belagavi,2010,1,15.85,74.5,20.127623558044434,0.294,1.5,4.967741935483871,1.289910690967742
Belagavi,2010,2,15.85,74.5,0.0,0.023,1.22,7.107142857142857,1.3009368542857143
Belagavi,2010,3,15.85,74.5,0.0,0.458,0.84,2.4516129032258065,1.229541595483871
Belagavi,2010,4,15.85,74.5,49.03972291946411,0.37,0.35,4.3,0.970552031
Belagavi,2010,5,15.85,74.5,6.563279688358307,-0.029,-0.17,4.032258064516129,1.3091519658064517
Belagavi,2010,6,15.85,74.5,212.77755898237228,-0.14,-0.66,1.7666666666666666,1.285590429
Belagavi,2010,7,15.85,74.5,218.15662071108818,-0.001,-1.05,2.4193548387096775,1.663601914516129
Belagavi,2010,8,15.85,74.5,118.0013819783926,-0.061,-1.35,2.967741935483871,0.747917844516129
Belagavi,2010,9,15.85,74.5,266.8815984725952,-0.267,-1.56,2.2,0.8091414173333332
Belagavi,2010,10,15.85,74.5,143.44293709099293,-0.437,-1.64,5.032258064516129,1.3724983983870966
Belagavi,2010,11,15.85,74.5,90.72644145786762,-0.495,-1.64,4.433333333333334,0.7180750344066666
Belagavi,2010,12,15.85,74.5,0.0,-0.212,-1.54,5.129032258064516,0.9818622567741935
Belagavi,2011,1,15.85,74.5,0.0,0.191,-1.31,5.967741935483871,1.5956191370967743
Belagavi,2011,2,15.85,74.5,1.7295364141464233,0.241,-1.04,5.678571428571429,0.5124724357571429
Belagavi,2011,3,15.85,74.5,0.0,0.367,-0.8,4.645161290322581,1.117857366129032
Belagavi,2011,4,15.85,74.5,52.259130239486694,0.154,-0.62,5.866666666666666,0.9413861176666667
Belagavi,2011,5,15.85,74.5,84.29642796516418,-0.089,-0.46,6.129032258064516,1.5436429977419355
Belagavi,2011,6,15.85,74.5,248.28776735067368,0.055,-0.37,3.7333333333333334,0.6791252076666666
Belagavi,2011,7,15.85,74.5,289.6576966047287,0.223,-0.43,3.7096774193548385,1.0109919648387098
Belagavi,2011,8,15.85,74.5,269.6605162471533,0.344,-0.58,2.774193548387097,1.011544473516129
Belagavi,2011,9,15.85,74.5,204.24262963235378,0.202,-0.79,3.7,0.9066917783333334
Belagavi,2011,10,15.85,74.5,177.63089895248413,0.356,-0.96,4.129032258064516,1.8293501125806453
Belagavi,2011,11,15.85,74.5,15.191363334655762,0.336,-1.02,4.033333333333333,1.4278005003333334
Belagavi,2011,12,15.85,74.5,0.0,-0.128,-0.92,4.483870967741935,1.388414425483871
Belagavi,2012,1,15.85,74.5,0.0,0.046,-0.72,5.774193548387097,1.0838557522580645
Belagavi,2012,2,15.85,74.5,0.0,-0.078,-0.57,4.068965517241379,1.9624444827586207
Belagavi,2012,3,15.85,74.5,0.0,0.026,-0.46,5.161290322580645,2.275805190322581
Belagavi,2012,4,15.85,74.5,8.136260986328125,-0.271,-0.36,4.733333333333333,1.392764723
Belagavi,2012,5,15.85,74.5,1.9807041883468628,-0.37,-0.17,5.838709677419355,0.508314344516129
Belagavi,2012,6,15.85,74.5,446.9248206615448,0.0,0.06,3.933333333333333,1.5851710730000002
Belagavi,2012,7,15.85,74.5,221.86109727621078,0.546,0.3,3.2580645161290325,1.0006735025806452
Belagavi,2012,8,15.85,74.5,191.35192802548409,0.652,0.41,3.3548387096774195,1.4237936377419356
Belagavi,2012,9,15.85,74.5,159.96740229427814,0.453,0.41,4.366666666666666,1.1895103533333333
Belagavi,2012,10,15.85,74.5,53.962417274713516,0.11,0.31,3.064516129032258,1.05932045
Belagavi,2012,11,15.85,74.5,29.920350790023804,-0.099,0.13,4.6,0.7542804866666667
Belagavi,2012,12,15.85,74.5,1.0406068563461304,0.267,-0.1,2.4516129032258065,0.8817284803225806
Belagavi,2013,1,15.85,74.5,0.0,-0.065,-0.29,6.064516129032258,1.989185853870968
Belagavi,2013,2,15.85,74.5,0.41232508420944214,0.189,-0.29,3.392857142857143,1.6343154739285715
Belagavi,2013,3,15.85,74.5,5.211188793182373,0.083,-0.21,5.225806451612903,1.208878878064516
Belagavi,2013,4,15.85,74.5,20.85874307155609,-0.297,-0.19,5.133333333333334,0.9100850366666666
Belagavi,2013,5,15.85,74.5,59.52517195045948,-0.506,-0.27,3.935483870967742,1.196817595483871
Belagavi,2013,6,15.85,74.5,121.3901569545269,-0.497,-0.34,4.366666666666666,1.2253081406666666
Belagavi,2013,7,15.85,74.5,157.7567646279931,-0.181,-0.35,3.5806451612903225,0.8870305335483871
Belagavi,2013,8,15.85,74.5,84.89499481767416,-0.194,-0.28,5.806451612903226,0.912353013548387
Belagavi,2013,9,15.85,74.5,246.20396925508976,-0.31,-0.21,3.7666666666666666,1.5937026506666667
Belagavi,2013,10,15.85,74.5,155.440991461277,-0.168,-0.13,5.161290322580645,0.8202488128741936
Belagavi,2013,11,15.85,74.5,0.0,0.199,-0.1,3.2,0.6853039573333334
Belagavi,2013,12,15.85,74.5,0.0,0.141,-0.15,3.870967741935484,1.0410569158064515
Belagavi,2014,1,15.85,74.5,0.0,-0.101,-0.28,5.741935483870968,1.1766352048387096
Belagavi,2014,2,15.85,74.5,0.0,-0.089,-0.32,5.857142857142857,1.4348881625
Belagavi,2014,3,15.85,74.5,28.024252235889435,-0.151,-0.14,3.6129032258064515,1.5816916796774194
Belagavi,2014,4,15.85,74.5,36.09399423003197,-0.058,0.15,5.533333333333333,1.3192271676666667
Belagavi,2014,5,15.85,74.5,95.56385552883148,-0.092,0.31,2.3225806451612905,1.4339224977419354
Belagavi,2014,6,15.85,74.5,20.609197467565536,-0.028,0.23,4.433333333333334,1.108679051
Belagavi,2014,7,15.85,74.5,117.93847608566284,-0.363,0.1,5.806451612903226,1.1528067432258065
Belagavi,2014,8,15.85,74.5,196.84224182367325,-0.372,0.11,1.7096774193548387,1.2150309538709676
Belagavi,2014,9,15.85,74.5,78.3932185024023,-0.145,0.28,4.333333333333333,0.649377995
Belagavi,2014,10,15.85,74.5,70.70790134370327,0.141,0.54,3.7096774193548385,0.9880874900000001
Belagavi,2014,11,15.85,74.5,5.745319366455078,0.009,0.71,2.933333333333333,1.4682012086666667
Belagavi,2014,12,15.85,74.5,5.1585433781147,0.046,0.77,4.741935483870968,1.3856411206451613
Belagavi,2015,1,15.85,74.5,0.48251745104789734,-0.1,0.69,6.193548387096774,1.595519382903226
Belagavi,2015,2,15.85,74.5,0.0,-0.345,0.61,6.464285714285714,0.8730502682142857
Belagavi,2015,3,15.85,74.5,1.366326779127121,-0.241,0.65,5.161290322580645,2.5235438870967744
Belagavi,2015,4,15.85,74.5,35.50254611670971,-0.008,0.81,3.466666666666667,0.9544394936666667
Belagavi,2015,5,15.85,74.5,13.348742924630642,0.24,1.02,5.096774193548387,0.7510026245161291
Belagavi,2015,6,15.85,74.5,33.098597444593906,0.296,1.25,3.433333333333333,1.9929203833333333
Belagavi,2015,7,15.85,74.5,9.46110700070858,0.225,1.57,4.451612903225806,1.837990334516129
Belagavi,2015,8,15.85,74.5,101.13480646163225,0.568,1.91,5.870967741935484,0.8428048241935484
Belagavi,2015,9,15.85,74.5,320.97972989082336,0.294,2.21,4.7,0.62977513528
Belagavi,2015,10,15.85,74.5,137.84251496195793,0.482,2.47,4.935483870967742,1.5348366948387098
Belagavi,2015,11,15.85,74.5,23.91495741903782,0.347,2.64,2.6666666666666665,1.8664467500000002
Belagavi,2015,12,15.85,74.5,3.1010751724243164,0.272,2.75,4.419354838709677,1.905701525483871
Belagavi,2016,1,15.85,74.5,0.1930069923400879,0.265,2.63,4.548387096774194,1.397440465735484
Belagavi,2016,2,15.85,74.5,0.0,-0.11,2.28,5.586206896551724,2.0595920172413793
Belagavi,2016,3,15.85,74.5,0.8940857946872711,-0.008,1.71,5.387096774193548,1.2421979758064514
Belagavi,2016,4,15.85,74.5,27.738590478897095,0.146,1.05,3.433333333333333,0.6606036036666667
Belagavi,2016,5,15.85,74.5,58.56313103437424,-0.113,0.49,2.935483870967742,1.3503781812903226
Belagavi,2016,6,15.85,74.5,142.8790597319603,-0.443,0.0,4.166666666666667,1.5598082686666668
Belagavi,2016,7,15.85,74.5,163.10461327433586,-0.757,-0.31,3.129032258064516,1.0086871877419354
Belagavi,2016,8,15.85,74.5,79.69866035878658,-0.443,-0.5,5.709677419354839,1.3634238690322582
Belagavi,2016,9,15.85,74.5,82.55102559924126,-0.437,-0.58,4.233333333333333,0.9987363606666667
Belagavi,2016,10,15.85,74.5,12.380780965089798,-0.371,-0.64,5.645161290322581,0.6798959190322581
Belagavi,2016,11,15.85,74.5,1.051945149898529,-0.382,-0.6,4.366666666666666,1.4056047909999998
Belagavi,2016,12,15.85,74.5,0.28951048851013184,-0.31,-0.45,4.451612903225806,0.6025583080645162
Belagavi,2017,1,15.85,74.5,0.0,-0.086,-0.19,3.7096774193548385,1.2075865980645162
Belagavi,2017,2,15.85,74.5,0.0,0.101,-0.02,4.607142857142857,2.432161792857143
Belagavi,2017,3,15.85,74.5,1.0615384578704834,0.357,0.18,3.6774193548387095,0.7525501162903225
Belagavi,2017,4,15.85,74.5,7.715237975120544,0.498,0.31,6.7,0.7843319514433333
Belagavi,2017,5,15.85,74.5,25.57146917283535,0.536,0.4,4.193548387096774,1.3503042366709677
Belagavi,2017,6,15.85,74.5,152.43739987909794,0.424,0.39,2.433333333333333,1.010765505
Belagavi,2017,7,15.85,74.5,58.03706258535385,0.52,0.19,3.6774193548387095,1.0194311058064516
Belagavi,2017,8,15.85,74.5,125.3119267821312,0.349,-0.07,4.193548387096774,0.560064344016129
Belagavi,2017,9,15.85,74.5,198.74089117348194,0.035,-0.34,4.233333333333333,0.5864452456666667
Belagavi,2017,10,15.85,74.5,164.9375348612666,0.015,-0.6,5.354838709677419,2.0237151622580645
Belagavi,2017,11,15.85,74.5,0.0,0.289,-0.77,4.166666666666667,0.8390316453333334
Belagavi,2017,12,15.85,74.5,0.678360104560852,0.11,-0.86,5.258064516129032,1.455329965483871
Belagavi,2018,1,15.85,74.5,0.0,-0.2,-0.77,3.5806451612903225,2.2438225967741934
Belagavi,2018,2,15.85,74.5,14.827013969421387,0.216,-0.71,5.5,2.449217742857143
Belagavi,2018,3,15.85,74.5,0.7935361862182617,-0.12,-0.57,4.161290322580645,1.1359975419354837
Belagavi,2018,4,15.85,74.5,37.26790106296539,-0.083,-0.39,4.433333333333334,1.4919827436666668
Belagavi,2018,5,15.85,74.5,132.1194755062461,0.122,-0.13,3.096774193548387,1.7735262777419354
Belagavi,2018,6,15.85,74.5,87.4480964243412,0.155,0.06,3.433333333333333,1.099695321
Belagavi,2018,7,15.85,74.5,47.21981297433376,0.053,0.14,4.967741935483871,1.4670566325806451
Belagavi,2018,8,15.85,74.5,97.36703283339739,0.121,0.27,5.419354838709677,1.1604823280645162
Belagavi,2018,9,15.85,74.5,130.26134303212166,0.604,0.53,6.6,1.0746740603333333
Belagavi,2018,10,15.85,74.5,25.110831290483475,0.684,0.81,4.129032258064516,1.372201460967742
Belagavi,2018,11,15.85,74.5,0.14516328275203705,0.5,0.97,4.666666666666667,1.3713922473333333
Belagavi,2018,12,15.85,74.5,0.3087306618690491,0.309,0.92,3.838709677419355,2.266200470967742
Belagavi,2019,1,15.85,74.5,0.0,0.387,0.89,5.709677419354839,1.75703085
Belagavi,2019,2,15.85,74.5,0.0,0.416,0.86,6.142857142857143,1.7487797142857142
Belagavi,2019,3,15.85,74.5,12.03490126132965,0.225,0.84,4.064516129032258,1.1146516216129032
Belagavi,2019,4,15.85,74.5,20.01672974228859,0.258,0.77,3.7333333333333334,1.0698441273333332
Belagavi,2019,5,15.85,74.5,17.600094735622406,0.54,0.64,6.096774193548387,1.854505129032258
Belagavi,2019,6,15.85,74.5,111.45994837582111,0.605,0.52,4.566666666666666,1.3048570076666666
Belagavi,2019,7,15.85,74.5,106.07685851305723,0.597,0.33,2.3548387096774195,0.8737279109677419
Belagavi,2019,8,15.85,74.5,85.19531224668026,0.436,0.19,4.129032258064516,0.9542141777419355
Belagavi,2019,9,15.85,74.5,192.60972167551517,0.892,0.23,4.5,1.6799940163333333
Belagavi,2019,10,15.85,74.5,290.72473771870136,0.964,0.39,2.6774193548387095,1.5321089774193548
Belagavi,2019,11,15.85,74.5,44.79482126235962,0.835,0.58,4.7,1.5540973666666666
Belagavi,2019,12,15.85,74.5,1.4139094352722168,0.243,0.66,3.7096774193548385,0.9795201067741935
Belagavi,2020,1,15.85,74.5,17.174243688583374,0.173,0.64,5.516129032258065,2.0013102467741937
Belagavi,2020,2,15.85,74.5,0.0,0.054,0.63,5.551724137931035,1.19141821
Belagavi,2020,3,15.85,74.5,17.64615985751152,0.019,0.53,3.7419354838709675,1.516898370967742
Belagavi,2020,4,15.85,74.5,39.073564916849136,-0.011,0.3,3.6666666666666665,1.6374265986666667
Belagavi,2020,5,15.85,74.5,17.88548105955124,0.298,0.01,4.451612903225806,1.1646890893548387
Belagavi,2020,6,15.85,74.5,200.40621322393417,0.455,-0.23,1.6,1.3547168013333333
Belagavi,2020,7,15.85,74.5,165.01404064893723,0.319,-0.36,2.0,1.5012130690322583
Belagavi,2020,8,15.85,74.5,107.12497660517693,-0.183,-0.53,4.516129032258065,1.5708076487096774
Belagavi,2020,9,15.85,74.5,251.52511939406395,-0.189,-0.85,4.166666666666667,1.1078213236666665
Belagavi,2020,10,15.85,74.5,168.27665856480598,0.074,-1.12,5.032258064516129,1.8443815480645163
Belagavi,2020,11,15.85,74.5,4.100136756896973,0.02,-1.2,4.533333333333333,1.0659901883333334
Belagavi,2020,12,15.85,74.5,0.0,0.031,-1.08,4.709677419354839,0.8462182629741936
Belagavi,2021,1,15.85,74.5,0.0,0.051,-0.91,4.483870967741935,1.3812992767741936
Belagavi,2021,2,15.85,74.5,0.3363601714372635,0.243,-0.79,6.357142857142857,1.7109776275000002
Belagavi,2021,3,15.85,74.5,0.39525575190782547,0.267,-0.71,4.032258064516129,1.1486161170967741
Belagavi,2021,4,15.85,74.5,6.778717532753944,0.25,-0.55,6.7,2.1312086966666666
Belagavi,2021,5,15.85,74.5,71.70820949226618,0.009,-0.39,3.6451612903225805,1.6188268058064517
Belagavi,2021,6,15.85,74.5,171.64701982587576,-0.002,-0.3,3.033333333333333,1.2543668813333333
Belagavi,2021,7,15.85,74.5,112.52155931293964,-0.229,-0.35,4.193548387096774,1.2697446645161292
Belagavi,2021,8,15.85,74.5,174.2706672102213,-0.099,-0.45,3.0,1.3328496390322582
Belagavi,2021,9,15.85,74.5,151.49310402572155,-0.058,-0.63,3.4,1.16716908
Belagavi,2021,10,15.85,74.5,33.961540803313255,-0.091,-0.76,3.5161290322580645,1.1958632022580646
Belagavi,2021,11,15.85,74.5,50.01980671286583,0.069,-0.91,3.7333333333333334,1.0642061103333333
Belagavi,2021,12,15.85,74.5,7.54939441382885,-0.12,-0.87,6.451612903225806,2.068191648387097
Belagavi,2022,1,15.85,74.5,1.7219538688659668,-0.056,-0.82,6.838709677419355,1.1541269361290323
Belagavi,2022,2,15.85,74.5,0.0,-0.082,-0.79,3.142857142857143,1.2939472457142858
Belagavi,2022,3,15.85,74.5,4.586715966463089,-0.093,-0.86,3.064516129032258,1.0719917463806452
Belagavi,2022,4,15.85,74.5,42.5902661383152,-0.068,-0.95,3.5,0.6809799073333332
Belagavi,2022,5,15.85,74.5,70.94540286064148,-0.122,-0.9,4.67741935483871,1.2369349422580647
Belagavi,2022,6,15.85,74.5,70.19241064786911,-0.335,-0.78,2.7333333333333334,1.7460144566666667
Belagavi,2022,7,15.85,74.5,136.2682920396328,-0.195,-0.76,3.096774193548387,0.9906527754838709
Belagavi,2022,8,15.85,74.5,135.01882162690163,-0.246,-0.87,3.3870967741935485,0.9623516609677419
Belagavi,2022,9,15.85,74.5,141.37536926567554,-0.322,-0.97,4.566666666666666,0.45954351401
Belagavi,2022,10,15.85,74.5,174.3729136288166,-0.691,-0.94,5.387096774193548,1.5040083503225805
Belagavi,2022,11,15.85,74.5,0.10165368765592575,-0.269,-0.85,5.966666666666667,1.2876559716666667
Belagavi,2022,12,15.85,74.5,0.4899524748325348,-0.091,-0.71,4.161290322580645,1.0273198254935483
Belagavi,2023,1,15.85,74.5,0.00574503792449832,0.11,-0.54,5.32258064516129,1.3139867793548388
Belagavi,2023,2,15.85,74.5,0.0,0.157,-0.29,5.571428571428571,1.642928577857143
Belagavi,2023,3,15.85,74.5,2.8790047466754913,0.414,-0.02,4.548387096774194,2.51316421
Belagavi,2023,4,15.85,74.5,37.76112583000213,0.56,0.27,5.133333333333334,1.690960304
Belagavi,2023,5,15.85,74.5,56.295510491356254,0.443,0.57,6.064516129032258,1.6563232422580645
Belagavi,2023,6,15.85,74.5,65.70180318597704,0.665,0.84,3.066666666666667,1.1452140906
Belagavi,2023,7,15.85,74.5,137.81134885549545,0.498,1.12,4.225806451612903,0.7976125261290323
Belagavi,2023,8,15.85,74.5,158.91361585911363,0.826,1.37,6.32258064516129,0.9138732870967742
Belagavi,2023,9,15.85,74.5,45.13171657035127,0.946,1.6,3.533333333333333,0.8482362092433333
Belagavi,2023,10,15.85,74.5,5.153460857691243,0.804,1.83,4.419354838709677,1.3481443029032258
Belagavi,2023,11,15.85,74.5,24.28029998880811,0.92,1.99,3.3,1.3793660156666665
Belagavi,2023,12,15.85,74.5,0.15487153828144073,0.852,2.06,4.193548387096774,1.5088745183870966
Kalaburagi,2000,1,17.33,76.83,0.0,-0.125,-1.66,3.7096774193548385,0.6000893251612903
Kalaburagi,2000,2,17.33,76.83,0.8179919719696045,-0.009,-1.41,3.793103448275862,1.1428570703448275
Kalaburagi,2000,3,17.33,76.83,0.0,0.141,-1.07,3.3870967741935485,0.9157557180645162
Kalaburagi,2000,4,17.33,76.83,3.0634762793779373,0.141,-0.81,4.533333333333333,0.9053602656666667
Kalaburagi,2000,5,17.33,76.83,4.673262715339661,0.113,-0.71,5.483870967741935,0.9960924206451613
Kalaburagi,2000,6,17.33,76.83,148.2710076123476,-0.022,-0.64,4.1,0.7017651786833333
Kalaburagi,2000,7,17.33,76.83,96.6780776977539,0.077,-0.55,5.548387096774194,1.5948303687096774
Kalaburagi,2000,8,17.33,76.83,175.52094305306673,0.131,-0.51,3.838709677419355,1.62711539
Kalaburagi,2000,9,17.33,76.83,160.34925495833158,-0.096,-0.55,4.1,1.278711512
Kalaburagi,2000,10,17.33,76.83,137.35635596513748,-0.142,-0.63,4.806451612903226,1.5696261258064517
Kalaburagi,2000,11,17.33,76.83,0.0,-0.306,-0.75,4.266666666666667,1.6378827666666667
Kalaburagi,2000,12,17.33,76.83,0.11117983609437943,-0.248,-0.74,4.806451612903226,1.1626311996774195
Kalaburagi,2001,1,17.33,76.83,6.340389251708984,-0.431,-0.68,2.5483870967741935,1.8043092477419354
Kalaburagi,2001,2,17.33,76.83,0.0,-0.016,-0.52,5.25,2.3275103500000003
Kalaburagi,2001,3,17.33,76.83,0.0,-0.01,-0.44,5.258064516129032,0.6080977735483871
Kalaburagi,2001,4,17.33,76.83,7.678706914186478,0.136,-0.34,4.533333333333333,0.6858787033333333
Kalaburagi,2001,5,17.33,76.83,0.0,0.137,-0.25,5.451612903225806,1.5366611332258064
Kalaburagi,2001,6,17.33,76.83,82.85583537817001,0.127,-0.12,4.033333333333333,0.8460881063833334
Kalaburagi,2001,7,17.33,76.83,4.25000087916851,-0.14,-0.08,4.258064516129032,1.4921871870967742
Kalaburagi,2001,8,17.33,76.83,161.76708191633224,-0.301,-0.13,5.419354838709677,1.397106648064516
Kalaburagi,2001,9,17.33,76.83,304.1128399372101,-0.223,-0.19,3.0,1.2181324733333334
Kalaburagi,2001,10,17.33,76.83,80.78707122802734,-0.451,-0.29,5.387096774193548,1.3723289300000001
Kalaburagi,2001,11,17.33,76.83,2.1743175983428955,-0.245,-0.35,4.4,0.9614376696666667
Kalaburagi,2001,12,17.33,76.83,0.0,-0.051,-0.31,6.580645161290323,1.7203842838709678
Kalaburagi,2002,1,17.33,76.83,5.407179236412048,-0.142,-0.15,4.258064516129032,1.6998524758064517
Kalaburagi,2002,2,17.33,76.83,2.1529061794281006,-0.098,0.03,5.714285714285714,1.0814431442857144
Kalaburagi,2002,3,17.33,76.83,0.0,0.008,0.09,3.5483870967741935,1.3025143731387099
Kalaburagi,2002,4,17.33,76.83,0.0,-0.352,0.2,2.533333333333333,0.8904978936033333
Kalaburagi,2002,5,17.33,76.83,52.155213832855225,-0.329,0.43,5.903225806451613,2.409133551612903
Kalaburagi,2002,6,17.33,76.83,54.9969707429409,-0.189,0.65,3.566666666666667,1.8803833166666666
Kalaburagi,2002,7,17.33,76.83,82.86944222450256,-0.261,0.79,6.387096774193548,1.7221574980645162
Kalaburagi,2002,8,17.33,76.83,180.24320781230927,-0.208,0.86,5.67741935483871,1.4202360319354839
Kalaburagi,2002,9,17.33,76.83,107.95779904723167,0.286,1.01,4.433333333333334,0.7018471730000001
Kalaburagi,2002,10,17.33,76.83,86.9099877923727,0.405,1.21,4.129032258064516,0.8933860990322581
Kalaburagi,2002,11,17.33,76.83,1.7208526134490967,0.096,1.31,3.566666666666667,2.25046865
Kalaburagi,2002,12,17.33,76.83,0.0,-0.158,1.14,3.7096774193548385,1.8575260422580646
Kalaburagi,2003,1,17.33,76.83,0.0,-0.239,0.92,5.354838709677419,0.8134987815870968
Kalaburagi,2003,2,17.33,76.83,0.5579662322998047,0.017,0.63,4.178571428571429,0.7148255028571429
Kalaburagi,2003,3,17.33,76.83,37.35815009474754,-0.039,0.38,3.903225806451613,1.4626752464516128
Kalaburagi,2003,4,17.33,76.83,16.70649081468582,-0.099,-0.04,3.8666666666666667,1.1874197433333333
Kalaburagi,2003,5,17.33,76.83,0.0,-0.164,-0.26,5.258064516129032,2.245336555483871
Kalaburagi,2003,6,17.33,76.83,58.880623161792755,0.139,-0.16,3.2666666666666666,1.65106069
Kalaburagi,2003,7,17.33,76.83,143.69509491324425,0.131,0.08,3.6129032258064515,0.9928557990322581
Kalaburagi,2003,8,17.33,76.83,140.5898823440075,0.108,0.21,3.870967741935484,0.6039936987096773
Kalaburagi,2003,9,17.33,76.83,134.81467701494694,-0.06,0.26,4.266666666666667,0.7902776976666667
Kalaburagi,2003,10,17.33,76.83,37.21236515045166,-0.243,0.29,5.419354838709677,1.2216482238709676
Kalaburagi,2003,11,17.33,76.83,0.27898311614990234,-0.159,0.35,4.3,0.49874167021000004
Kalaburagi,2003,12,17.33,76.83,0.0,0.189,0.35,4.258064516129032,1.8000867477419356
Kalaburagi,2004,1,17.33,76.83,12.359078407287598,0.044,0.37,4.709677419354839,2.246038609677419
Kalaburagi,2004,2,17.33,76.83,0.0,0.114,0.31,5.517241379310345,1.4791189124137931
Kalaburagi,2004,3,17.33,76.83,0.0,0.077,0.23,5.064516129032258,2.1767354612903227
Kalaburagi,2004,4,17.33,76.83,49.02362036705017,-0.079,0.17,3.6,1.2874256193333333
Kalaburagi,2004,5,17.33,76.83,67.85657113790512,-0.565,0.17,3.838709677419355,1.4382904767741935
Kalaburagi,2004,6,17.33,76.83,38.356447249650955,-0.384,0.28,4.533333333333333,1.0188708323333333
Kalaburagi,2004,7,17.33,76.83,182.2293844372034,-0.301,0.47,2.6129032258064515,1.6112249593548387
Kalaburagi,2004,8,17.33,76.83,35.570727065205574,-0.133,0.64,6.612903225806452,1.2484562670967743
Kalaburagi,2004,9,17.33,76.83,122.05051076412201,-0.106,0.7,2.1,1.4384542359999999
Kalaburagi,2004,10,17.33,76.83,55.80806811153889,-0.004,0.67,4.32258064516129,1.54811694
Kalaburagi,2004,11,17.33,76.83,0.0,-0.153,0.66,3.8666666666666667,0.558687573
Kalaburagi,2004,12,17.33,76.83,0.0,-0.132,0.69,4.354838709677419,0.7194164974193549
Kalaburagi,2005,1,17.33,76.83,18.429489135742188,-0.124,0.64,5.67741935483871,1.203385613832258
Kalaburagi,2005,2,17.33,76.83,0.0,-0.56,0.58,6.821428571428571,1.5145378439285715
Kalaburagi,2005,3,17.33,76.83,18.694449424743652,-0.433,0.45,4.290322580645161,1.7757296806451612
Kalaburagi,2005,4,17.33,76.83,86.69614252448082,0.084,0.43,4.966666666666667,2.6446991
Kalaburagi,2005,5,17.33,76.83,15.787414312362671,-0.033,0.29,4.548387096774194,1.8156324893548388
Kalaburagi,2005,6,17.33,76.83,48.8437255769968,-0.176,0.11,2.966666666666667,0.7345759723333334
Kalaburagi,2005,7,17.33,76.83,171.18497076630592,-0.384,-0.06,2.6451612903225805,1.0290815029032259
Kalaburagi,2005,8,17.33,76.83,67.92620542645454,-0.345,-0.14,3.6129032258064515,0.939736100967742
Kalaburagi,2005,9,17.33,76.83,158.6078040599823,-0.534,-0.11,5.8,1.522602815
Kalaburagi,2005,10,17.33,76.83,35.56288319826126,-0.436,-0.29,3.5483870967741935,1.0373357177419353
Kalaburagi,2005,11,17.33,76.83,0.0,-0.272,-0.57,5.7,1.0062126816666666
Kalaburagi,2005,12,17.33,76.83,0.0,-0.3,-0.84,3.7419354838709675,0.6440208229032258
Kalaburagi,2006,1,17.33,76.83,0.0,-0.135,-0.85,4.258064516129032,1.7294375064516128
Kalaburagi,2006,2,17.33,76.83,0.0,-0.306,-0.77,5.428571428571429,1.6995880442857143
Kalaburagi,2006,3,17.33,76.83,3.681186318397522,-0.226,-0.57,4.419354838709677,0.8061425020580646
Kalaburagi,2006,4,17.33,76.83,3.4717316925525665,-0.015,-0.37,4.833333333333333,0.9840533986666666
Kalaburagi,2006,5,17.33,76.83,24.692941069602966,-0.208,-0.14,5.161290322580645,1.1181375867741936
Kalaburagi,2006,6,17.33,76.83,50.105737179517746,-0.059,-0.03,2.433333333333333,1.1171617263333333
Kalaburagi,2006,7,17.33,76.83,20.473729878664017,0.04,0.1,6.096774193548387,1.0984740158064517
Kalaburagi,2006,8,17.33,76.83,21.501458004117012,0.229,0.3,3.838709677419355,0.9450053216129032
Kalaburagi,2006,9,17.33,76.83,65.02591386437416,0.428,0.54,2.9,1.5086187580000001
Kalaburagi,2006,10,17.33,76.83,16.960373878479004,0.577,0.77,4.645161290322581,1.7489779667580645
Kalaburagi,2006,11,17.33,76.83,9.36244684457779,0.501,0.94,3.6333333333333333,1.1893461453333332
Kalaburagi,2006,12,17.33,76.83,0.0,0.172,0.94,3.2903225806451615,1.4631380310096773
Kalaburagi,2007,1,17.33,76.83,0.0,0.225,0.66,5.935483870967742,1.2701261521580645
Kalaburagi,2007,2,17.33,76.83,0.0,0.15,0.22,4.357142857142857,1.1186876339285714
Kalaburagi,2007,3,17.33,76.83,0.0,0.115,-0.12,5.645161290322581,1.321150566451613
Kalaburagi,2007,4,17.33,76.83,4.004399389028549,0.1,-0.32,5.133333333333334,0.8067391546666667
Kalaburagi,2007,5,17.33,76.83,4.200608342885971,0.27,-0.38,4.741935483870968,1.2340057027322582
Kalaburagi,2007,6,17.33,76.83,236.7223006784916,0.031,-0.47,3.1333333333333333,1.3529915246666666
Kalaburagi,2007,7,17.33,76.83,108.4673447906971,0.045,-0.56,4.193548387096774,1.3795319935483872
Kalaburagi,2007,8,17.33,76.83,178.8017449080944,0.237,-0.81,2.5483870967741935,0.8762567774193548
Kalaburagi,2007,9,17.33,76.83,352.1160699725151,0.235,-1.07,4.533333333333333,1.1761283893333332
Kalaburagi,2007,10,17.33,76.83,47.484453946352005,0.068,-1.34,5.419354838709677,1.2009301141935484
Kalaburagi,2007,11,17.33,76.83,16.39569193124771,-0.023,-1.5,5.533333333333333,1.588934237
Kalaburagi,2007,12,17.33,76.83,0.0,-0.227,-1.6,3.4838709677419355,2.0751771258064515
Kalaburagi,2008,1,17.33,76.83,0.0,0.115,-1.64,5.193548387096774,1.8184795248387096
Kalaburagi,2008,2,17.33,76.83,8.36272668838501,-0.072,-1.52,3.586206896551724,1.2379733358620688
Kalaburagi,2008,3,17.33,76.83,82.05189323425293,0.097,-1.29,2.870967741935484,1.8412203261290323
Kalaburagi,2008,4,17.33,76.83,3.344733476638794,-0.153,-1.01,4.966666666666667,0.8616907713333333
Kalaburagi,2008,5,17.33,76.83,23.019314020872116,0.179,-0.84,4.967741935483871,1.7237106374193547
Kalaburagi,2008,6,17.33,76.83,79.51743967831135,0.215,-0.61,4.666666666666667,0.953116955
Kalaburagi,2008,7,17.33,76.83,134.23389713466167,0.246,-0.37,2.3870967741935485,1.2312710548387096
Kalaburagi,2008,8,17.33,76.83,60.61410805583,0.124,-0.23,2.3548387096774195,1.211697393548387
Kalaburagi,2008,9,17.33,76.83,101.29594965279102,0.086,-0.24,4.833333333333333,1.4465834003333333
Kalaburagi,2008,10,17.33,76.83,39.17075188457966,0.029,-0.35,3.3225806451612905,1.3736839277419355
Kalaburagi,2008,11,17.33,76.83,9.594246327877045,-0.128,-0.55,5.033333333333333,1.2276514546666666
Kalaburagi,2008,12,17.33,76.83,2.706875801086426,-0.053,-0.73,5.870967741935484,0.8991352851612903
Kalaburagi,2009,1,17.33,76.83,0.0,0.031,-0.85,5.258064516129032,1.3644628538709678
Kalaburagi,2009,2,17.33,76.83,0.0,0.163,-0.79,5.178571428571429,0.9907292532142857
Kalaburagi,2009,3,17.33,76.83,8.989916563034058,0.1,-0.61,6.096774193548387,1.1326078929032257
Kalaburagi,2009,4,17.33,76.83,4.958825349807739,0.126,-0.33,3.9,2.2441025066666667
Kalaburagi,2009,5,17.33,76.83,5.014887243509293,0.257,0.01,7.225806451612903,1.0808286461290324
Kalaburagi,2009,6,17.33,76.83,128.03905027359724,0.1,0.28,5.866666666666666,1.4584701413333332
Kalaburagi,2009,7,17.33,76.83,61.719625145196915,-0.192,0.45,3.838709677419355,0.6150665787096774
Kalaburagi,2009,8,17.33,76.83,194.53731021285057,-0.104,0.58,2.935483870967742,1.12875141
Kalaburagi,2009,9,17.33,76.83,216.9787421375513,-0.103,0.71,4.033333333333333,1.6812911126666668
Kalaburagi,2009,10,17.33,76.83,75.23539513349533,-0.013,1.01,5.225806451612903,0.9675306593548387
Kalaburagi,2009,11,17.33,76.83,39.057771012187004,-0.067,1.36,3.7666666666666666,1.78102768
Kalaburagi,2009,12,17.33,76.83,2.5682069957256317,0.16,1.56,5.096774193548387,1.2578152232258064
Kalaburagi,2010,1,17.33,76.83,0.0,0.294,1.5,4.967741935483871,1.289910690967742
Kalaburagi,2010,2,17.33,76.83,10.391011238098145,0.023,1.22,7.107142857142857,1.3009368542857143
Kalaburagi,2010,3,17.33,76.83,5.341675281524658,0.458,0.84,2.4516129032258065,1.229541595483871
Kalaburagi,2010,4,17.33,76.83,16.67760667204857,0.37,0.35,4.3,0.970552031
Kalaburagi,2010,5,17.33,76.83,40.20197692513466,-0.029,-0.17,4.032258064516129,1.3091519658064517
Kalaburagi,2010,6,17.33,76.83,139.27281540632248,-0.14,-0.66,1.7666666666666666,1.285590429
Kalaburagi,2010,7,17.33,76.83,254.23110139369965,-0.001,-1.05,2.4193548387096775,1.663601914516129
Kalaburagi,2010,8,17.33,76.83,289.630103290081,-0.061,-1.35,2.967741935483871,0.747917844516129
Kalaburagi,2010,9,17.33,76.83,134.47018793225288,-0.267,-1.56,2.2,0.8091414173333332
Kalaburagi,2010,10,17.33,76.83,84.27797645330429,-0.437,-1.64,5.032258064516129,1.3724983983870966
Kalaburagi,2010,11,17.33,76.83,73.77196080237627,-0.495,-1.64,4.433333333333334,0.7180750344066666
Kalaburagi,2010,12,17.33,76.83,0.12303172051906586,-0.212,-1.54,5.129032258064516,0.9818622567741935
Kalaburagi,2011,1,17.33,76.83,0.0,0.191,-1.31,5.967741935483871,1.5956191370967743
Kalaburagi,2011,2,17.33,76.83,14.462332248687744,0.241,-1.04,5.678571428571429,0.5124724357571429
Kalaburagi,2011,3,17.33,76.83,0.5702285170555115,0.367,-0.8,4.645161290322581,1.117857366129032
Kalaburagi,2011,4,17.33,76.83,38.96182054281235,0.154,-0.62,5.866666666666666,0.9413861176666667
Kalaburagi,2011,5,17.33,76.83,31.38258196413517,-0.089,-0.46,6.129032258064516,1.5436429977419355
Kalaburagi,2011,6,17.33,76.83,85.93085476756096,0.055,-0.37,3.7333333333333334,0.6791252076666666
Kalaburagi,2011,7,17.33,76.83,201.07376695424318,0.223,-0.43,3.7096774193548385,1.0109919648387098
Kalaburagi,2011,8,17.33,76.83,145.38198021054268,0.344,-0.58,2.774193548387097,1.011544473516129
Kalaburagi,2011,9,17.33,76.83,64.57513488829136,0.202,-0.79,3.7,0.9066917783333334
Kalaburagi,2011,10,17.33,76.83,149.7337997481227,0.356,-0.96,4.129032258064516,1.8293501125806453
Kalaburagi,2011,11,17.33,76.83,0.0,0.336,-1.02,4.033333333333333,1.4278005003333334
Kalaburagi,2011,12,17.33,76.83,0.0,-0.128,-0.92,4.483870967741935,1.388414425483871
Kalaburagi,2012,1,17.33,76.83,0.0,0.046,-0.72,5.774193548387097,1.0838557522580645
Kalaburagi,2012,2,17.33,76.83,0.0,-0.078,-0.57,4.068965517241379,1.9624444827586207
Kalaburagi,2012,3,17.33,76.83,0.0,0.026,-0.46,5.161290322580645,2.275805190322581
Kalaburagi,2012,4,17.33,76.83,17.429436802864075,-0.271,-0.36,4.733333333333333,1.392764723
Kalaburagi,2012,5,17.33,76.83,10.053233206272125,-0.37,-0.17,5.838709677419355,0.508314344516129
Kalaburagi,2012,6,17.33,76.83,99.76579004526138,0.0,0.06,3.933333333333333,1.5851710730000002
Kalaburagi,2012,7,17.33,76.83,158.36543783545494,0.546,0.3,3.2580645161290325,1.0006735025806452
Kalaburagi,2012,8,17.33,76.83,180.18556186556816,0.652,0.41,3.3548387096774195,1.4237936377419356
Kalaburagi,2012,9,17.33,76.83,93.57535091042519,0.453,0.41,4.366666666666666,1.1895103533333333
Kalaburagi,2012,10,17.33,76.83,50.87000900506973,0.11,0.31,3.064516129032258,1.05932045
Kalaburagi,2012,11,17.33,76.83,12.311817169189453,-0.099,0.13,4.6,0.7542804866666667
Kalaburagi,2012,12,17.33,76.83,0.0,0.267,-0.1,2.4516129032258065,0.8817284803225806
Kalaburagi,2013,1,17.33,76.83,0.0,-0.065,-0.29,6.064516129032258,1.989185853870968
Kalaburagi,2013,2,17.33,76.83,33.60975921154022,0.189,-0.29,3.392857142857143,1.6343154739285715
Kalaburagi,2013,3,17.33,76.83,1.3049365282058716,0.083,-0.21,5.225806451612903,1.208878878064516
Kalaburagi,2013,4,17.33,76.83,28.781063854694366,-0.297,-0.19,5.133333333333334,0.9100850366666666
Kalaburagi,2013,5,17.33,76.83,58.746139138937,-0.506,-0.27,3.935483870967742,1.196817595483871
Kalaburagi,2013,6,17.33,76.83,108.29836486279964,-0.497,-0.34,4.366666666666666,1.2253081406666666
Kalaburagi,2013,7,17.33,76.83,209.2570884823799,-0.181,-0.35,3.5806451612903225,0.8870305335483871
Kalaburagi,2013,8,17.33,76.83,76.98694133758545,-0.194,-0.28,5.806451612903226,0.912353013548387
Kalaburagi,2013,9,17.33,76.83,251.37018144130707,-0.31,-0.21,3.7666666666666666,1.5937026506666667
Kalaburagi,2013,10,17.33,76.83,54.144986510276794,-0.168,-0.13,5.161290322580645,0.8202488128741936
Kalaburagi,2013,11,17.33,76.83,4.547251641750336,0.199,-0.1,3.2,0.6853039573333334
Kalaburagi,2013,12,17.33,76.83,0.0,0.141,-0.15,3.870967741935484,1.0410569158064515
Kalaburagi,2014,1,17.33,76.83,0.0,-0.101,-0.28,5.741935483870968,1.1766352048387096
Kalaburagi,2014,2,17.33,76.83,6.089824467897415,-0.089,-0.32,5.857142857142857,1.4348881625
Kalaburagi,2014,3,17.33,76.83,29.463651418685913,-0.151,-0.14,3.6129032258064515,1.5816916796774194
Kalaburagi,2014,4,17.33,76.83,42.885036289691925,-0.058,0.15,5.533333333333333,1.3192271676666667
Kalaburagi,2014,5,17.33,76.83,82.52915269136429,-0.092,0.31,2.3225806451612905,1.4339224977419354
Kalaburagi,2014,6,17.33,76.83,59.00454816222191,-0.028,0.23,4.433333333333334,1.108679051
Kalaburagi,2014,7,17.33,76.83,94.11177903413773,-0.363,0.1,5.806451612903226,1.1528067432258065
Kalaburagi,2014,8,17.33,76.83,237.78462064266205,-0.372,0.11,1.7096774193548387,1.2150309538709676
Kalaburagi,2014,9,17.33,76.83,104.81115013360977,-0.145,0.28,4.333333333333333,0.649377995
Kalaburagi,2014,10,17.33,76.83,46.259593948721886,0.141,0.54,3.7096774193548385,0.9880874900000001
Kalaburagi,2014,11,17.33,76.83,25.047550320625305,0.009,0.71,2.933333333333333,1.4682012086666667
Kalaburagi,2014,12,17.33,76.83,19.410281658172607,0.046,0.77,4.741935483870968,1.3856411206451613
Kalaburagi,2015,1,17.33,76.83,6.149675369262695,-0.1,0.69,6.193548387096774,1.595519382903226
Kalaburagi,2015,2,17.33,76.83,0.0,-0.345,0.61,6.464285714285714,0.8730502682142857
Kalaburagi,2015,3,17.33,76.83,44.51067562401295,-0.241,0.65,5.161290322580645,2.5235438870967744
Kalaburagi,2015,4,17.33,76.83,73.99150878190994,-0.008,0.81,3.466666666666667,0.9544394936666667
Kalaburagi,2015,5,17.33,76.83,7.542219817638397,0.24,1.02,5.096774193548387,0.7510026245161291
Kalaburagi,2015,6,17.33,76.83,104.41768988966942,0.296,1.25,3.433333333333333,1.9929203833333333
Kalaburagi,2015,7,17.33,76.83,66.86529590189457,0.225,1.57,4.451612903225806,1.837990334516129
Kalaburagi,2015,8,17.33,76.83,133.72669032216072,0.568,1.91,5.870967741935484,0.8428048241935484
Kalaburagi,2015,9,17.33,76.83,243.64362359046936,0.294,2.21,4.7,0.62977513528
Kalaburagi,2015,10,17.33,76.83,27.775789722800255,0.482,2.47,4.935483870967742,1.5348366948387098
Kalaburagi,2015,11,17.33,76.83,0.0,0.347,2.64,2.6666666666666665,1.8664467500000002
Kalaburagi,2015,12,17.33,76.83,3.0848717093467712,0.272,2.75,4.419354838709677,1.905701525483871
Kalaburagi,2016,1,17.33,76.83,0.0,0.265,2.63,4.548387096774194,1.397440465735484
Kalaburagi,2016,2,17.33,76.83,0.0,-0.11,2.28,5.586206896551724,2.0595920172413793
Kalaburagi,2016,3,17.33,76.83,7.20931401848793,-0.008,1.71,5.387096774193548,1.2421979758064514
Kalaburagi,2016,4,17.33,76.83,20.944985166192055,0.146,1.05,3.433333333333333,0.6606036036666667
Kalaburagi,2016,5,17.33,76.83,22.968844890594482,-0.113,0.49,2.935483870967742,1.3503781812903226
Kalaburagi,2016,6,17.33,76.83,222.52516755461693,-0.443,0.0,4.166666666666667,1.5598082686666668
Kalaburagi,2016,7,17.33,76.83,273.853079713881,-0.757,-0.31,3.129032258064516,1.0086871877419354
Kalaburagi,2016,8,17.33,76.83,42.74867296218872,-0.443,-0.5,5.709677419354839,1.3634238690322582
Kalaburagi,2016,9,17.33,76.83,355.10038793087006,-0.437,-0.58,4.233333333333333,0.9987363606666667
Kalaburagi,2016,10,17.33,76.83,47.37973892688751,-0.371,-0.64,5.645161290322581,0.6798959190322581
Kalaburagi,2016,11,17.33,76.83,0.0,-0.382,-0.6,4.366666666666666,1.4056047909999998
Kalaburagi,2016,12,17.33,76.83,0.1267968863248825,-0.31,-0.45,4.451612903225806,0.6025583080645162
Kalaburagi,2017,1,17.33,76.83,0.0,-0.086,-0.19,3.7096774193548385,1.2075865980645162
Kalaburagi,2017,2,17.33,76.83,0.0,0.101,-0.02,4.607142857142857,2.432161792857143
Kalaburagi,2017,3,17.33,76.83,22.024130702018738,0.357,0.18,3.6774193548387095,0.7525501162903225
Kalaburagi,2017,4,17.33,76.83,9.526542723178864,0.498,0.31,6.7,0.7843319514433333
Kalaburagi,2017,5,17.33,76.83,19.31417927145958,0.536,0.4,4.193548387096774,1.3503042366709677
Kalaburagi,2017,6,17.33,76.83,199.98602467775345,0.424,0.39,2.433333333333333,1.010765505
Kalaburagi,2017,7,17.33,76.83,82.81902807950974,0.52,0.19,3.6774193548387095,1.0194311058064516
Kalaburagi,2017,8,17.33,76.83,121.53127944469452,0.349,-0.07,4.193548387096774,0.560064344016129
Kalaburagi,2017,9,17.33,76.83,249.84762643277645,0.035,-0.34,4.233333333333333,0.5864452456666667
Kalaburagi,2017,10,17.33,76.83,144.6119083762169,0.015,-0.6,5.354838709677419,2.0237151622580645
Kalaburagi,2017,11,17.33,76.83,0.30357715487480164,0.289,-0.77,4.166666666666667,0.8390316453333334
Kalaburagi,2017,12,17.33,76.83,0.0,0.11,-0.86,5.258064516129032,1.455329965483871
Kalaburagi,2018,1,17.33,76.83,0.0,-0.2,-0.77,3.5806451612903225,2.2438225967741934
Kalaburagi,2018,2,17.33,76.83,0.0,0.216,-0.71,5.5,2.449217742857143
Kalaburagi,2018,3,17.33,76.83,0.14259850978851318,-0.12,-0.57,4.161290322580645,1.1359975419354837
Kalaburagi,2018,4,17.33,76.83,47.012019604444504,-0.083,-0.39,4.433333333333334,1.4919827436666668
Kalaburagi,2018,5,17.33,76.83,45.55587875843048,0.122,-0.13,3.096774193548387,1.7735262777419354
Kalaburagi,2018,6,17.33,76.83,76.63391554355621,0.155,0.06,3.433333333333333,1.099695321
Kalaburagi,2018,7,17.33,76.83,65.1509216427803,0.053,0.14,4.967741935483871,1.4670566325806451
Kalaburagi,2018,8,17.33,76.83,104.51189860701561,0.121,0.27,5.419354838709677,1.1604823280645162
Kalaburagi,2018,9,17.33,76.83,73.12510374188423,0.604,0.53,6.6,1.0746740603333333
Kalaburagi,2018,10,17.33,76.83,63.57932794094086,0.684,0.81,4.129032258064516,1.372201460967742
Kalaburagi,2018,11,17.33,76.83,0.24991361796855927,0.5,0.97,4.666666666666667,1.3713922473333333
Kalaburagi,2018,12,17.33,76.83,36.04528570175171,0.309,0.92,3.838709677419355,2.266200470967742
Kalaburagi,2019,1,17.33,76.83,0.0,0.387,0.89,5.709677419354839,1.75703085
Kalaburagi,2019,2,17.33,76.83,0.0,0.416,0.86,6.142857142857143,1.7487797142857142
Kalaburagi,2019,3,17.33,76.83,7.851329803466797,0.225,0.84,4.064516129032258,1.1146516216129032
Kalaburagi,2019,4,17.33,76.83,8.783084511756897,0.258,0.77,3.7333333333333334,1.0698441273333332
Kalaburagi,2019,5,17.33,76.83,11.631739862263203,0.54,0.64,6.096774193548387,1.854505129032258
Kalaburagi,2019,6,17.33,76.83,103.26225043833256,0.605,0.52,4.566666666666666,1.3048570076666666
Kalaburagi,2019,7,17.33,76.83,86.94888219237328,0.597,0.33,2.3548387096774195,0.8737279109677419
Kalaburagi,2019,8,17.33,76.83,157.3456888794899,0.436,0.19,4.129032258064516,0.9542141777419355
Kalaburagi,2019,9,17.33,76.83,210.50051555037498,0.892,0.23,4.5,1.6799940163333333
Kalaburagi,2019,10,17.33,76.83,84.94445076584816,0.964,0.39,2.6774193548387095,1.5321089774193548
Kalaburagi,2019,11,17.33,76.83,4.616088688373566,0.835,0.58,4.7,1.5540973666666666
Kalaburagi,2019,12,17.33,76.83,9.12557315826416,0.243,0.66,3.7096774193548385,0.9795201067741935
Kalaburagi,2020,1,17.33,76.83,2.562973976135254,0.173,0.64,5.516129032258065,2.0013102467741937
Kalaburagi,2020,2,17.33,76.83,0.0,0.054,0.63,5.551724137931035,1.19141821
Kalaburagi,2020,3,17.33,76.83,17.534150004386902,0.019,0.53,3.7419354838709675,1.516898370967742
Kalaburagi,2020,4,17.33,76.83,10.763026893138885,-0.011,0.3,3.6666666666666665,1.6374265986666667
Kalaburagi,2020,5,17.33,76.83,54.56846043467522,0.298,0.01,4.451612903225806,1.1646890893548387
Kalaburagi,2020,6,17.33,76.83,223.2714590728283,0.455,-0.23,1.6,1.3547168013333333
Kalaburagi,2020,7,17.33,76.83,320.47662657499313,0.319,-0.36,2.0,1.5012130690322583
Kalaburagi,2020,8,17.33,76.83,174.20948316156864,-0.183,-0.53,4.516129032258065,1.5708076487096774
Kalaburagi,2020,9,17.33,76.83,328.1814274787903,-0.189,-0.85,4.166666666666667,1.1078213236666665
Kalaburagi,2020,10,17.33,76.83,241.6652010679245,0.074,-1.12,5.032258064516129,1.8443815480645163
Kalaburagi,2020,11,17.33,76.83,2.8487798869609833,0.02,-1.2,4.533333333333333,1.0659901883333334
Kalaburagi,2020,12,17.33,76.83,0.0,0.031,-1.08,4.709677419354839,0.8462182629741936
Kalaburagi,2021,1,17.33,76.83,0.8395968079566956,0.051,-0.91,4.483870967741935,1.3812992767741936
Kalaburagi,2021,2,17.33,76.83,0.6646246910095215,0.243,-0.79,6.357142857142857,1.7109776275000002
Kalaburagi,2021,3,17.33,76.83,0.0,0.267,-0.71,4.032258064516129,1.1486161170967741
Kalaburagi,2021,4,17.33,76.83,49.52818587422371,0.25,-0.55,6.7,2.1312086966666666
Kalaburagi,2021,5,17.33,76.83,82.57510606944561,0.009,-0.39,3.6451612903225805,1.6188268058064517
Kalaburagi,2021,6,17.33,76.83,116.15482544898987,-0.002,-0.3,3.033333333333333,1.2543668813333333
Kalaburagi,2021,7,17.33,76.83,287.95758032798767,-0.229,-0.35,4.193548387096774,1.2697446645161292
Kalaburagi,2021,8,17.33,76.83,208.9323363006115,-0.099,-0.45,3.0,1.3328496390322582
Kalaburagi,2021,9,17.33,76.83,257.29017278552055,-0.058,-0.63,3.4,1.16716908
Kalaburagi,2021,10,17.33,76.83,93.59812027215958,-0.091,-0.76,3.5161290322580645,1.1958632022580646
Kalaburagi,2021,11,17.33,76.83,63.90510609745979,0.069,-0.91,3.7333333333333334,1.0642061103333333
Kalaburagi,2021,12,17.33,76.83,4.236462727189064,-0.12,-0.87,6.451612903225806,2.068191648387097
Kalaburagi,2022,1,17.33,76.83,0.4889446720480919,-0.056,-0.82,6.838709677419355,1.1541269361290323
Kalaburagi,2022,2,17.33,76.83,0.0,-0.082,-0.79,3.142857142857143,1.2939472457142858
Kalaburagi,2022,3,17.33,76.83,0.0,-0.093,-0.86,3.064516129032258,1.0719917463806452
Kalaburagi,2022,4,17.33,76.83,20.193481385707855,-0.068,-0.95,3.5,0.6809799073333332
Kalaburagi,2022,5,17.33,76.83,65.18590073287487,-0.122,-0.9,4.67741935483871,1.2369349422580647
Kalaburagi,2022,6,17.33,76.83,54.126229614019394,-0.335,-0.78,2.7333333333333334,1.7460144566666667
Kalaburagi,2022,7,17.33,76.83,340.2797923386097,-0.195,-0.76,3.096774193548387,0.9906527754838709
Kalaburagi,2022,8,17.33,76.83,178.54099708795547,-0.246,-0.87,3.3870967741935485,0.9623516609677419
Kalaburagi,2022,9,17.33,76.83,115.3728364109993,-0.322,-0.97,4.566666666666666,0.45954351401
Kalaburagi,2022,10,17.33,76.83,125.29130029678345,-0.691,-0.94,5.387096774193548,1.5040083503225805
Kalaburagi,2022,11,17.33,76.83,0.9825466275215149,-0.269,-0.85,5.966666666666667,1.2876559716666667
Kalaburagi,2022,12,17.33,76.83,1.2616068124771118,-0.091,-0.71,4.161290322580645,1.0273198254935483
Kalaburagi,2023,1,17.33,76.83,0.0,0.11,-0.54,5.32258064516129,1.3139867793548388
Kalaburagi,2023,2,17.33,76.83,0.0,0.157,-0.29,5.571428571428571,1.642928577857143
Kalaburagi,2023,3,17.33,76.83,8.033186435699463,0.414,-0.02,4.548387096774194,2.51316421
Kalaburagi,2023,4,17.33,76.83,80.31837032735348,0.56,0.27,5.133333333333334,1.690960304
Kalaburagi,2023,5,17.33,76.83,76.20081731677055,0.443,0.57,6.064516129032258,1.6563232422580645
Kalaburagi,2023,6,17.33,76.83,30.70741967856884,0.665,0.84,3.066666666666667,1.1452140906
Kalaburagi,2023,7,17.33,76.83,333.641851991415,0.498,1.12,4.225806451612903,0.7976125261290323
Kalaburagi,2023,8,17.33,76.83,26.390024587512016,0.826,1.37,6.32258064516129,0.9138732870967742
Kalaburagi,2023,9,17.33,76.83,206.6211573332548,0.946,1.6,3.533333333333333,0.8482362092433333
Kalaburagi,2023,10,17.33,76.83,27.524009123444557,0.804,1.83,4.419354838709677,1.3481443029032258
Kalaburagi,2023,11,17.33,76.83,15.846279233694077,0.92,1.99,3.3,1.3793660156666665
Kalaburagi,2023,12,17.33,76.83,0.0,0.852,2.06,4.193548387096774,1.5088745183870966
Vijayapura,2000,1,16.83,75.71,0.0,-0.125,-1.66,3.7096774193548385,0.6000893251612903
Vijayapura,2000,2,16.83,75.71,0.2833259701728821,-0.009,-1.41,3.793103448275862,1.1428570703448275
Vijayapura,2000,3,16.83,75.71,0.0,0.141,-1.07,3.3870967741935485,0.9157557180645162
Vijayapura,2000,4,16.83,75.71,0.0,0.141,-0.81,4.533333333333333,0.9053602656666667
Vijayapura,2000,5,16.83,75.71,25.05817276239395,0.113,-0.71,5.483870967741935,0.9960924206451613
Vijayapura,2000,6,16.83,75.71,42.52182246744633,-0.022,-0.64,4.1,0.7017651786833333
Vijayapura,2000,7,16.83,75.71,17.889047741889954,0.077,-0.55,5.548387096774194,1.5948303687096774
Vijayapura,2000,8,16.83,75.71,90.85085219144821,0.131,-0.51,3.838709677419355,1.62711539
Vijayapura,2000,9,16.83,75.71,104.30408079922199,-0.096,-0.55,4.1,1.278711512
Vijayapura,2000,10,16.83,75.71,62.201087951660156,-0.142,-0.63,4.806451612903226,1.5696261258064517
Vijayapura,2000,11,16.83,75.71,0.0,-0.306,-0.75,4.266666666666667,1.6378827666666667
Vijayapura,2000,12,16.83,75.71,0.0,-0.248,-0.74,4.806451612903226,1.1626311996774195
Vijayapura,2001,1,16.83,75.71,0.2833259701728821,-0.431,-0.68,2.5483870967741935,1.8043092477419354
Vijayapura,2001,2,16.83,75.71,0.0,-0.016,-0.52,5.25,2.3275103500000003
Vijayapura,2001,3,16.83,75.71,0.0,-0.01,-0.44,5.258064516129032,0.6080977735483871
Vijayapura,2001,4,16.83,75.71,4.339430332183838,0.136,-0.34,4.533333333333333,0.6858787033333333
Vijayapura,2001,5,16.83,75.71,0.0,0.137,-0.25,5.451612903225806,1.5366611332258064
Vijayapura,2001,6,16.83,75.71,1.0860829129815102,0.127,-0.12,4.033333333333333,0.8460881063833334
Vijayapura,2001,7,16.83,75.71,5.327159143984318,-0.14,-0.08,4.258064516129032,1.4921871870967742
Vijayapura,2001,8,16.83,75.71,56.86814698576927,-0.301,-0.13,5.419354838709677,1.397106648064516
Vijayapura,2001,9,16.83,75.71,298.9122329354286,-0.223,-0.19,3.0,1.2181324733333334
Vijayapura,2001,10,16.83,75.71,207.67528066039085,-0.451,-0.29,5.387096774193548,1.3723289300000001
Vijayapura,2001,11,16.83,75.71,0.0,-0.245,-0.35,4.4,0.9614376696666667
Vijayapura,2001,12,16.83,75.71,0.0,-0.051,-0.31,6.580645161290323,1.7203842838709678
Vijayapura,2002,1,16.83,75.71,0.4298722445964813,-0.142,-0.15,4.258064516129032,1.6998524758064517
Vijayapura,2002,2,16.83,75.71,2.3838367462158203,-0.098,0.03,5.714285714285714,1.0814431442857144
Vijayapura,2002,3,16.83,75.71,0.0,0.008,0.09,3.5483870967741935,1.3025143731387099
Vijayapura,2002,4,16.83,75.71,1.1994133591651917,-0.352,0.2,2.533333333333333,0.8904978936033333
Vijayapura,2002,5,16.83,75.71,11.191507130861282,-0.329,0.43,5.903225806451613,2.409133551612903
Vijayapura,2002,6,16.83,75.71,63.71950773894787,-0.189,0.65,3.566666666666667,1.8803833166666666
Vijayapura,2002,7,16.83,75.71,59.35416875779629,-0.261,0.79,6.387096774193548,1.7221574980645162
Vijayapura,2002,8,16.83,75.71,34.81836213171482,-0.208,0.86,5.67741935483871,1.4202360319354839
Vijayapura,2002,9,16.83,75.71,33.07517756521702,0.286,1.01,4.433333333333334,0.7018471730000001
Vijayapura,2002,10,16.83,75.71,204.5651934146881,0.405,1.21,4.129032258064516,0.8933860990322581
Vijayapura,2002,11,16.83,75.71,4.049856185913086,0.096,1.31,3.566666666666667,2.25046865
Vijayapura,2002,12,16.83,75.71,0.0,-0.158,1.14,3.7096774193548385,1.8575260422580646
Vijayapura,2003,1,16.83,75.71,0.0,-0.239,0.92,5.354838709677419,0.8134987815870968
Vijayapura,2003,2,16.83,75.71,0.0,0.017,0.63,4.178571428571429,0.7148255028571429
Vijayapura,2003,3,16.83,75.71,5.0803080052137375,-0.039,0.38,3.903225806451613,1.4626752464516128
Vijayapura,2003,4,16.83,75.71,1.4098132252693176,-0.099,-0.04,3.8666666666666667,1.1874197433333333
Vijayapura,2003,5,16.83,75.71,0.0,-0.164,-0.26,5.258064516129032,2.245336555483871
Vijayapura,2003,6,16.83,75.71,7.844406828284264,0.139,-0.16,3.2666666666666666,1.65106069
Vijayapura,2003,7,16.83,75.71,38.790884628891945,0.131,0.08,3.6129032258064515,0.9928557990322581
Vijayapura,2003,8,16.83,75.71,63.042321398854256,0.108,0.21,3.870967741935484,0.6039936987096773
Vijayapura,2003,9,16.83,75.71,170.3798802793026,-0.06,0.26,4.266666666666667,0.7902776976666667
Vijayapura,2003,10,16.83,75.71,71.97580152750015,-0.243,0.29,5.419354838709677,1.2216482238709676
Vijayapura,2003,11,16.83,75.71,0.0,-0.159,0.35,4.3,0.49874167021000004
Vijayapura,2003,12,16.83,75.71,0.2849963307380676,0.189,0.35,4.258064516129032,1.8000867477419356
Vijayapura,2004,1,16.83,75.71,0.10318783670663834,0.044,0.37,4.709677419354839,2.246038609677419
Vijayapura,2004,2,16.83,75.71,0.0,0.114,0.31,5.517241379310345,1.4791189124137931
Vijayapura,2004,3,16.83,75.71,0.0,0.077,0.23,5.064516129032258,2.1767354612903227
Vijayapura,2004,4,16.83,75.71,4.44916957616806,-0.079,0.17,3.6,1.2874256193333333
Vijayapura,2004,5,16.83,75.71,109.19723373651505,-0.565,0.17,3.838709677419355,1.4382904767741935
Vijayapura,2004,6,16.83,75.71,69.51725739240646,-0.384,0.28,4.533333333333333,1.0188708323333333
Vijayapura,2004,7,16.83,75.71,109.38876703381538,-0.301,0.47,2.6129032258064515,1.6112249593548387
Vijayapura,2004,8,16.83,75.71,28.62537717819214,-0.133,0.64,6.612903225806452,1.2484562670967743
Vijayapura,2004,9,16.83,75.71,135.0131726861,-0.106,0.7,2.1,1.4384542359999999
Vijayapura,2004,10,16.83,75.71,57.207385927438736,-0.004,0.67,4.32258064516129,1.54811694
Vijayapura,2004,11,16.83,75.71,1.3433481454849243,-0.153,0.66,3.8666666666666667,0.558687573
Vijayapura,2004,12,16.83,75.71,0.0,-0.132,0.69,4.354838709677419,0.7194164974193549
Vijayapura,2005,1,16.83,75.71,1.7585680484771729,-0.124,0.64,5.67741935483871,1.203385613832258
Vijayapura,2005,2,16.83,75.71,0.0,-0.56,0.58,6.821428571428571,1.5145378439285715
Vijayapura,2005,3,16.83,75.71,0.0,-0.433,0.45,4.290322580645161,1.7757296806451612
Vijayapura,2005,4,16.83,75.71,98.87796688079834,0.084,0.43,4.966666666666667,2.6446991
Vijayapura,2005,5,16.83,75.71,92.16197992861271,-0.033,0.29,4.548387096774194,1.8156324893548388
Vijayapura,2005,6,16.83,75.71,12.062796473503113,-0.176,0.11,2.966666666666667,0.7345759723333334
Vijayapura,2005,7,16.83,75.71,50.574604496359825,-0.384,-0.06,2.6451612903225805,1.0290815029032259
Vijayapura,2005,8,16.83,75.71,49.30462010204792,-0.345,-0.14,3.6129032258064515,0.939736100967742
Vijayapura,2005,9,16.83,75.71,127.91148689389229,-0.534,-0.11,5.8,1.522602815
Vijayapura,2005,10,16.83,75.71,64.87998574972153,-0.436,-0.29,3.5483870967741935,1.0373357177419353
Vijayapura,2005,11,16.83,75.71,0.0,-0.272,-0.57,5.7,1.0062126816666666
Vijayapura,2005,12,16.83,75.71,0.0,-0.3,-0.84,3.7419354838709675,0.6440208229032258
Vijayapura,2006,1,16.83,75.71,0.0,-0.135,-0.85,4.258064516129032,1.7294375064516128
Vijayapura,2006,2,16.83,75.71,0.0,-0.306,-0.77,5.428571428571429,1.6995880442857143
Vijayapura,2006,3,16.83,75.71,5.767424494028091,-0.226,-0.57,4.419354838709677,0.8061425020580646
Vijayapura,2006,4,16.83,75.71,22.42279726266861,-0.015,-0.37,4.833333333333333,0.9840533986666666
Vijayapura,2006,5,16.83,75.71,97.8316721022129,-0.208,-0.14,5.161290322580645,1.1181375867741936
Vijayapura,2006,6,16.83,75.71,143.09644123911858,-0.059,-0.03,2.433333333333333,1.1171617263333333
Vijayapura,2006,7,16.83,75.71,20.964648246765137,0.04,0.1,6.096774193548387,1.0984740158064517
Vijayapura,2006,8,16.83,75.71,25.55093801021576,0.229,0.3,3.838709677419355,0.9450053216129032
Vijayapura,2006,9,16.83,75.71,166.63101971149445,0.428,0.54,2.9,1.5086187580000001
Vijayapura,2006,10,16.83,75.71,45.01286272704601,0.577,0.77,4.645161290322581,1.7489779667580645
Vijayapura,2006,11,16.83,75.71,44.114336147904396,0.501,0.94,3.6333333333333333,1.1893461453333332
Vijayapura,2006,12,16.83,75.71,0.0,0.172,0.94,3.2903225806451615,1.4631380310096773
Vijayapura,2007,1,16.83,75.71,0.0,0.225,0.66,5.935483870967742,1.2701261521580645
Vijayapura,2007,2,16.83,75.71,0.0,0.15,0.22,4.357142857142857,1.1186876339285714
Vijayapura,2007,3,16.83,75.71,0.0,0.115,-0.12,5.645161290322581,1.321150566451613
Vijayapura,2007,4,16.83,75.71,0.2172165811061859,0.1,-0.32,5.133333333333334,0.8067391546666667
Vijayapura,2007,5,16.83,75.71,18.63366210460663,0.27,-0.38,4.741935483870968,1.2340057027322582
Vijayapura,2007,6,16.83,75.71,221.6795478463173,0.031,-0.47,3.1333333333333333,1.3529915246666666
Vijayapura,2007,7,16.83,75.71,31.58858160674572,0.045,-0.56,4.193548387096774,1.3795319935483872
Vijayapura,2007,8,16.83,75.71,80.9341252297163,0.237,-0.81,2.5483870967741935,0.8762567774193548
Vijayapura,2007,9,16.83,75.71,118.54319843649864,0.235,-1.07,4.533333333333333,1.1761283893333332
Vijayapura,2007,10,16.83,75.71,12.596160262823105,0.068,-1.34,5.419354838709677,1.2009301141935484
Vijayapura,2007,11,16.83,75.71,3.0726099014282227,-0.023,-1.5,5.533333333333333,1.588934237
Vijayapura,2007,12,16.83,75.71,0.0,-0.227,-1.6,3.4838709677419355,2.0751771258064515
Vijayapura,2008,1,16.83,75.71,0.0,0.115,-1.64,5.193548387096774,1.8184795248387096
Vijayapura,2008,2,16.83,75.71,18.915931701660156,-0.072,-1.52,3.586206896551724,1.2379733358620688
Vijayapura,2008,3,16.83,75.71,47.853545635938644,0.097,-1.29,2.870967741935484,1.8412203261290323
Vijayapura,2008,4,16.83,75.71,33.81877326965332,-0.153,-1.01,4.966666666666667,0.8616907713333333
Vijayapura,2008,5,16.83,75.71,75.92688274383545,0.179,-0.84,4.967741935483871,1.7237106374193547
Vijayapura,2008,6,16.83,75.71,13.816980123519897,0.215,-0.61,4.666666666666667,0.953116955
Vijayapura,2008,7,16.83,75.71,10.220935359597206,0.246,-0.37,2.3870967741935485,1.2312710548387096
Vijayapura,2008,8,16.83,75.71,87.3664922118187,0.124,-0.23,2.3548387096774195,1.211697393548387
Vijayapura,2008,9,16.83,75.71,141.22595389187336,0.086,-0.24,4.833333333333333,1.4465834003333333
Vijayapura,2008,10,16.83,75.71,51.93313007056713,0.029,-0.35,3.3225806451612905,1.3736839277419355
Vijayapura,2008,11,16.83,75.71,5.408293351531029,-0.128,-0.55,5.033333333333333,1.2276514546666666
Vijayapura,2008,12,16.83,75.71,2.607973337173462,-0.053,-0.73,5.870967741935484,0.8991352851612903
Vijayapura,2009,1,16.83,75.71,0.0,0.031,-0.85,5.258064516129032,1.3644628538709678
Vijayapura,2009,2,16.83,75.71,0.0,0.163,-0.79,5.178571428571429,0.9907292532142857
Vijayapura,2009,3,16.83,75.71,2.706061363220215,0.1,-0.61,6.096774193548387,1.1326078929032257
Vijayapura,2009,4,16.83,75.71,2.3325724601745605,0.126,-0.33,3.9,2.2441025066666667
Vijayapura,2009,5,16.83,75.71,50.54573281854391,0.257,0.01,7.225806451612903,1.0808286461290324
Vijayapura,2009,6,16.83,75.71,148.6990367025137,0.1,0.28,5.866666666666666,1.4584701413333332
Vijayapura,2009,7,16.83,75.71,16.561202704906464,-0.192,0.45,3.838709677419355,0.6150665787096774
Vijayapura,2009,8,16.83,75.71,118.56721787154675,-0.104,0.58,2.935483870967742,1.12875141
Vijayapura,2009,9,16.83,75.71,279.5549855232239,-0.103,0.71,4.033333333333333,1.6812911126666668
Vijayapura,2009,10,16.83,75.71,286.3443508595228,-0.013,1.01,5.225806451612903,0.9675306593548387
Vijayapura,2009,11,16.83,75.71,19.93423229455948,-0.067,1.36,3.7666666666666666,1.78102768
Vijayapura,2009,12,16.83,75.71,0.7089639902114868,0.16,1.56,5.096774193548387,1.2578152232258064
Vijayapura,2010,1,16.83,75.71,0.38180428743362427,0.294,1.5,4.967741935483871,1.289910690967742
Vijayapura,2010,2,16.83,75.71,4.494467467069626,0.023,1.22,7.107142857142857,1.3009368542857143
Vijayapura,2010,3,16.83,75.71,0.0,0.458,0.84,2.4516129032258065,1.229541595483871
Vijayapura,2010,4,16.83,75.71,8.42418771982193,0.37,0.35,4.3,0.970552031
Vijayapura,2010,5,16.83,75.71,28.984779611229897,-0.029,-0.17,4.032258064516129,1.3091519658064517
Vijayapura,2010,6,16.83,75.71,96.23094820976257,-0.14,-0.66,1.7666666666666666,1.285590429
Vijayapura,2010,7,16.83,75.71,100.73745585978031,-0.001,-1.05,2.4193548387096775,1.663601914516129
Vijayapura,2010,8,16.83,75.71,202.02364110946655,-0.061,-1.35,2.967741935483871,0.747917844516129
Vijayapura,2010,9,16.83,75.71,141.5633038803935,-0.267,-1.56,2.2,0.8091414173333332
Vijayapura,2010,10,16.83,75.71,50.876921623945236,-0.437,-1.64,5.032258064516129,1.3724983983870966
Vijayapura,2010,11,16.83,75.71,98.49492101371288,-0.495,-1.64,4.433333333333334,0.7180750344066666
Vijayapura,2010,12,16.83,75.71,3.559669256210327,-0.212,-1.54,5.129032258064516,0.9818622567741935
Vijayapura,2011,1,16.83,75.71,0.0,0.191,-1.31,5.967741935483871,1.5956191370967743
Vijayapura,2011,2,16.83,75.71,0.35340455174446106,0.241,-1.04,5.678571428571429,0.5124724357571429
Vijayapura,2011,3,16.83,75.71,0.0,0.367,-0.8,4.645161290322581,1.117857366129032
Vijayapura,2011,4,16.83,75.71,16.539329528808594,0.154,-0.62,5.866666666666666,0.9413861176666667
Vijayapura,2011,5,16.83,75.71,90.96427217125893,-0.089,-0.46,6.129032258064516,1.5436429977419355
Vijayapura,2011,6,16.83,75.71,49.1900564879179,0.055,-0.37,3.7333333333333334,0.6791252076666666
Vijayapura,2011,7,16.83,75.71,143.85811810940504,0.223,-0.43,3.7096774193548385,1.0109919648387098
Vijayapura,2011,8,16.83,75.71,121.9390107691288,0.344,-0.58,2.774193548387097,1.011544473516129
Vijayapura,2011,9,16.83,75.71,69.65461008250713,0.202,-0.79,3.7,0.9066917783333334
Vijayapura,2011,10,16.83,75.71,74.5933368653059,0.356,-0.96,4.129032258064516,1.8293501125806453
Vijayapura,2011,11,16.83,75.71,0.0,0.336,-1.02,4.033333333333333,1.4278005003333334
Vijayapura,2011,12,16.83,75.71,0.0,-0.128,-0.92,4.483870967741935,1.388414425483871
Vijayapura,2012,1,16.83,75.71,0.0,0.046,-0.72,5.774193548387097,1.0838557522580645
Vijayapura,2012,2,16.83,75.71,0.0,-0.078,-0.57,4.068965517241379,1.9624444827586207
Vijayapura,2012,3,16.83,75.71,0.0,0.026,-0.46,5.161290322580645,2.275805190322581
Vijayapura,2012,4,16.83,75.71,0.0,-0.271,-0.36,4.733333333333333,1.392764723
Vijayapura,2012,5,16.83,75.71,0.0,-0.37,-0.17,5.838709677419355,0.508314344516129
Vijayapura,2012,6,16.83,75.71,41.671421110630035,0.0,0.06,3.933333333333333,1.5851710730000002
Vijayapura,2012,7,16.83,75.71,70.73849545419216,0.546,0.3,3.2580645161290325,1.0006735025806452
Vijayapura,2012,8,16.83,75.71,58.43512970209122,0.652,0.41,3.3548387096774195,1.4237936377419356
Vijayapura,2012,9,16.83,75.71,87.17784881591797,0.453,0.41,4.366666666666666,1.1895103533333333
Vijayapura,2012,10,16.83,75.71,177.05925965309143,0.11,0.31,3.064516129032258,1.05932045
Vijayapura,2012,11,16.83,75.71,22.768620491027832,-0.099,0.13,4.6,0.7542804866666667
Vijayapura,2012,12,16.83,75.71,0.0,0.267,-0.1,2.4516129032258065,0.8817284803225806
Vijayapura,2013,1,16.83,75.71,1.1895005702972412,-0.065,-0.29,6.064516129032258,1.989185853870968
Vijayapura,2013,2,16.83,75.71,3.0530814230442047,0.189,-0.29,3.392857142857143,1.6343154739285715
Vijayapura,2013,3,16.83,75.71,2.851496934890747,0.083,-0.21,5.225806451612903,1.208878878064516
Vijayapura,2013,4,16.83,75.71,27.74507236480713,-0.297,-0.19,5.133333333333334,0.9100850366666666
Vijayapura,2013,5,16.83,75.71,27.670980602502823,-0.506,-0.27,3.935483870967742,1.196817595483871
Vijayapura,2013,6,16.83,75.71,77.31053476780653,-0.497,-0.34,4.366666666666666,1.2253081406666666
Vijayapura,2013,7,16.83,75.71,135.92726200073957,-0.181,-0.35,3.5806451612903225,0.8870305335483871
Vijayapura,2013,8,16.83,75.71,56.9741782695055,-0.194,-0.28,5.806451612903226,0.912353013548387
Vijayapura,2013,9,16.83,75.71,175.87161453068256,-0.31,-0.21,3.7666666666666666,1.5937026506666667
Vijayapura,2013,10,16.83,75.71,79.87433806061745,-0.168,-0.13,5.161290322580645,0.8202488128741936
Vijayapura,2013,11,16.83,75.71,0.0,0.199,-0.1,3.2,0.6853039573333334
Vijayapura,2013,12,16.83,75.71,0.0,0.141,-0.15,3.870967741935484,1.0410569158064515
Vijayapura,2014,1,16.83,75.71,0.0,-0.101,-0.28,5.741935483870968,1.1766352048387096
Vijayapura,2014,2,16.83,75.71,3.328344404697418,-0.089,-0.32,5.857142857142857,1.4348881625
Vijayapura,2014,3,16.83,75.71,33.049629271030426,-0.151,-0.14,3.6129032258064515,1.5816916796774194
Vijayapura,2014,4,16.83,75.71,24.61755383014679,-0.058,0.15,5.533333333333333,1.3192271676666667
Vijayapura,2014,5,16.83,75.71,77.30093292891979,-0.092,0.31,2.3225806451612905,1.4339224977419354
Vijayapura,2014,6,16.83,75.71,20.497836112976074,-0.028,0.23,4.433333333333334,1.108679051
Vijayapura,2014,7,16.83,75.71,107.36238157004118,-0.363,0.1,5.806451612903226,1.1528067432258065
Vijayapura,2014,8,16.83,75.71,209.24958532303572,-0.372,0.11,1.7096774193548387,1.2150309538709676
Vijayapura,2014,9,16.83,75.71,70.73774448037148,-0.145,0.28,4.333333333333333,0.649377995
Vijayapura,2014,10,16.83,75.71,45.015041179955006,0.141,0.54,3.7096774193548385,0.9880874900000001
Vijayapura,2014,11,16.83,75.71,9.959965944290161,0.009,0.71,2.933333333333333,1.4682012086666667
Vijayapura,2014,12,16.83,75.71,13.363452911376953,0.046,0.77,4.741935483870968,1.3856411206451613
Vijayapura,2015,1,16.83,75.71,2.3228912353515625,-0.1,0.69,6.193548387096774,1.595519382903226
Vijayapura,2015,2,16.83,75.71,0.0,-0.345,0.61,6.464285714285714,0.8730502682142857
Vijayapura,2015,3,16.83,75.71,15.365597397089005,-0.241,0.65,5.161290322580645,2.5235438870967744
Vijayapura,2015,4,16.83,75.71,59.025266379117966,-0.008,0.81,3.466666666666667,0.9544394936666667
Vijayapura,2015,5,16.83,75.71,22.3836972117424,0.24,1.02,5.096774193548387,0.7510026245161291
Vijayapura,2015,6,16.83,75.71,41.2019395083189,0.296,1.25,3.433333333333333,1.9929203833333333
Vijayapura,2015,7,16.83,75.71,1.0092479884624481,0.225,1.57,4.451612903225806,1.837990334516129
Vijayapura,2015,8,16.83,75.71,74.91389385610819,0.568,1.91,5.870967741935484,0.8428048241935484
Vijayapura,2015,9,16.83,75.71,266.8350042104721,0.294,2.21,4.7,0.62977513528
Vijayapura,2015,10,16.83,75.71,76.40187394618988,0.482,2.47,4.935483870967742,1.5348366948387098
Vijayapura,2015,11,16.83,75.71,5.845677852630615,0.347,2.64,2.6666666666666665,1.8664467500000002
Vijayapura,2015,12,16.83,75.71,0.0,0.272,2.75,4.419354838709677,1.905701525483871
Vijayapura,2016,1,16.83,75.71,0.0,0.265,2.63,4.548387096774194,1.397440465735484
Vijayapura,2016,2,16.83,75.71,0.0,-0.11,2.28,5.586206896551724,2.0595920172413793
Vijayapura,2016,3,16.83,75.71,23.427464485168457,-0.008,1.71,5.387096774193548,1.2421979758064514
Vijayapura,2016,4,16.83,75.71,12.184555917978287,0.146,1.05,3.433333333333333,0.6606036036666667
Vijayapura,2016,5,16.83,75.71,33.5348924100399,-0.113,0.49,2.935483870967742,1.3503781812903226
Vijayapura,2016,6,16.83,75.71,81.27209815382957,-0.443,0.0,4.166666666666667,1.5598082686666668
Vijayapura,2016,7,16.83,75.71,148.53994008898735,-0.757,-0.31,3.129032258064516,1.0086871877419354
Vijayapura,2016,8,16.83,75.71,55.68127213418484,-0.443,-0.5,5.709677419354839,1.3634238690322582
Vijayapura,2016,9,16.83,75.71,156.33736863732338,-0.437,-0.58,4.233333333333333,0.9987363606666667
Vijayapura,2016,10,16.83,75.71,10.940294355154037,-0.371,-0.64,5.645161290322581,0.6798959190322581
Vijayapura,2016,11,16.83,75.71,0.0,-0.382,-0.6,4.366666666666666,1.4056047909999998
Vijayapura,2016,12,16.83,75.71,0.0,-0.31,-0.45,4.451612903225806,0.6025583080645162
Vijayapura,2017,1,16.83,75.71,0.0,-0.086,-0.19,3.7096774193548385,1.2075865980645162
Vijayapura,2017,2,16.83,75.71,0.0,0.101,-0.02,4.607142857142857,2.432161792857143
Vijayapura,2017,3,16.83,75.71,0.11574039608240128,0.357,0.18,3.6774193548387095,0.7525501162903225
Vijayapura,2017,4,16.83,75.71,8.868311166763306,0.498,0.31,6.7,0.7843319514433333
Vijayapura,2017,5,16.83,75.71,19.307857513427734,0.536,0.4,4.193548387096774,1.3503042366709677
Vijayapura,2017,6,16.83,75.71,140.73182454705238,0.424,0.39,2.433333333333333,1.010765505
Vijayapura,2017,7,16.83,75.71,63.851697370409966,0.52,0.19,3.6774193548387095,1.0194311058064516
Vijayapura,2017,8,16.83,75.71,162.41518527269363,0.349,-0.07,4.193548387096774,0.560064344016129
Vijayapura,2017,9,16.83,75.71,158.52619288861752,0.035,-0.34,4.233333333333333,0.5864452456666667
Vijayapura,2017,10,16.83,75.71,123.84070405364037,0.015,-0.6,5.354838709677419,2.0237151622580645
Vijayapura,2017,11,16.83,75.71,0.0,0.289,-0.77,4.166666666666667,0.8390316453333334
Vijayapura,2017,12,16.83,75.71,5.7332945466041565,0.11,-0.86,5.258064516129032,1.455329965483871
Vijayapura,2018,1,16.83,75.71,0.0,-0.2,-0.77,3.5806451612903225,2.2438225967741934
Vijayapura,2018,2,16.83,75.71,1.0608241558074951,0.216,-0.71,5.5,2.449217742857143
Vijayapura,2018,3,16.83,75.71,3.28799806535244,-0.12,-0.57,4.161290322580645,1.1359975419354837
Vijayapura,2018,4,16.83,75.71,44.48138898611069,-0.083,-0.39,4.433333333333334,1.4919827436666668
Vijayapura,2018,5,16.83,75.71,83.19188271462917,0.122,-0.13,3.096774193548387,1.7735262777419354
Vijayapura,2018,6,16.83,75.71,87.65798908472061,0.155,0.06,3.433333333333333,1.099695321
Vijayapura,2018,7,16.83,75.71,19.399189367890358,0.053,0.14,4.967741935483871,1.4670566325806451
Vijayapura,2018,8,16.83,75.71,41.97391539812088,0.121,0.27,5.419354838709677,1.1604823280645162
Vijayapura,2018,9,16.83,75.71,69.39806634932756,0.604,0.53,6.6,1.0746740603333333
Vijayapura,2018,10,16.83,75.71,15.170297414064407,0.684,0.81,4.129032258064516,1.372201460967742
Vijayapura,2018,11,16.83,75.71,14.35434776544571,0.5,0.97,4.666666666666667,1.3713922473333333
Vijayapura,2018,12,16.83,75.71,0.0,0.309,0.92,3.838709677419355,2.266200470967742
Vijayapura,2019,1,16.83,75.71,0.0,0.387,0.89,5.709677419354839,1.75703085
Vijayapura,2019,2,16.83,75.71,0.0,0.416,0.86,6.142857142857143,1.7487797142857142
Vijayapura,2019,3,16.83,75.71,0.0,0.225,0.84,4.064516129032258,1.1146516216129032
Vijayapura,2019,4,16.83,75.71,26.521456196904182,0.258,0.77,3.7333333333333334,1.0698441273333332
Vijayapura,2019,5,16.83,75.71,20.949882209300995,0.54,0.64,6.096774193548387,1.854505129032258
Vijayapura,2019,6,16.83,75.71,67.68641021847725,0.605,0.52,4.566666666666666,1.3048570076666666
Vijayapura,2019,7,16.83,75.71,44.8961968421936,0.597,0.33,2.3548387096774195,0.8737279109677419
Vijayapura,2019,8,16.83,75.71,37.433505803346634,0.436,0.19,4.129032258064516,0.9542141777419355
Vijayapura,2019,9,16.83,75.71,138.29837973415852,0.892,0.23,4.5,1.6799940163333333
Vijayapura,2019,10,16.83,75.71,155.27604623138905,0.964,0.39,2.6774193548387095,1.5321089774193548
Vijayapura,2019,11,16.83,75.71,13.217280328273773,0.835,0.58,4.7,1.5540973666666666
Vijayapura,2019,12,16.83,75.71,2.4090708047151566,0.243,0.66,3.7096774193548385,0.9795201067741935
Vijayapura,2020,1,16.83,75.71,0.0,0.173,0.64,5.516129032258065,2.0013102467741937
Vijayapura,2020,2,16.83,75.71,0.0,0.054,0.63,5.551724137931035,1.19141821
Vijayapura,2020,3,16.83,75.71,7.192488498985767,0.019,0.53,3.7419354838709675,1.516898370967742
Vijayapura,2020,4,16.83,75.71,24.696636885404587,-0.011,0.3,3.6666666666666665,1.6374265986666667
Vijayapura,2020,5,16.83,75.71,75.07903628051281,0.298,0.01,4.451612903225806,1.1646890893548387
Vijayapura,2020,6,16.83,75.71,88.96784326434135,0.455,-0.23,1.6,1.3547168013333333
Vijayapura,2020,7,16.83,75.71,167.07337296009064,0.319,-0.36,2.0,1.5012130690322583
Vijayapura,2020,8,16.83,75.71,68.76233887672424,-0.183,-0.53,4.516129032258065,1.5708076487096774
Vijayapura,2020,9,16.83,75.71,197.44417262077332,-0.189,-0.85,4.166666666666667,1.1078213236666665
Vijayapura,2020,10,16.83,75.71,148.7135023623705,0.074,-1.12,5.032258064516129,1.8443815480645163
Vijayapura,2020,11,16.83,75.71,2.1712491661310196,0.02,-1.2,4.533333333333333,1.0659901883333334
Vijayapura,2020,12,16.83,75.71,0.0,0.031,-1.08,4.709677419354839,0.8462182629741936
Vijayapura,2021,1,16.83,75.71,7.530535936355591,0.051,-0.91,4.483870967741935,1.3812992767741936
Vijayapura,2021,2,16.83,75.71,0.0,0.243,-0.79,6.357142857142857,1.7109776275000002
Vijayapura,2021,3,16.83,75.71,0.0,0.267,-0.71,4.032258064516129,1.1486161170967741
Vijayapura,2021,4,16.83,75.71,36.702756464481354,0.25,-0.55,6.7,2.1312086966666666
Vijayapura,2021,5,16.83,75.71,112.64540825039148,0.009,-0.39,3.6451612903225805,1.6188268058064517
Vijayapura,2021,6,16.83,75.71,106.94303205609322,-0.002,-0.3,3.033333333333333,1.2543668813333333
Vijayapura,2021,7,16.83,75.71,108.50400391221046,-0.229,-0.35,4.193548387096774,1.2697446645161292
Vijayapura,2021,8,16.83,75.71,115.74695485830307,-0.099,-0.45,3.0,1.3328496390322582
Vijayapura,2021,9,16.83,75.71,166.3765732795,-0.058,-0.63,3.4,1.16716908
Vijayapura,2021,10,16.83,75.71,42.4806699603796,-0.091,-0.76,3.5161290322580645,1.1958632022580646
Vijayapura,2021,11,16.83,75.71,41.01849527657032,0.069,-0.91,3.7333333333333334,1.0642061103333333
Vijayapura,2021,12,16.83,75.71,11.362434804439545,-0.12,-0.87,6.451612903225806,2.068191648387097
Vijayapura,2022,1,16.83,75.71,0.0,-0.056,-0.82,6.838709677419355,1.1541269361290323
Vijayapura,2022,2,16.83,75.71,0.0,-0.082,-0.79,3.142857142857143,1.2939472457142858
Vijayapura,2022,3,16.83,75.71,1.1767398118972778,-0.093,-0.86,3.064516129032258,1.0719917463806452
Vijayapura,2022,4,16.83,75.71,60.87324537336826,-0.068,-0.95,3.5,0.6809799073333332
Vijayapura,2022,5,16.83,75.71,90.179203748703,-0.122,-0.9,4.67741935483871,1.2369349422580647
Vijayapura,2022,6,16.83,75.71,102.90946996212006,-0.335,-0.78,2.7333333333333334,1.7460144566666667
Vijayapura,2022,7,16.83,75.71,152.80241972208023,-0.195,-0.76,3.096774193548387,0.9906527754838709
Vijayapura,2022,8,16.83,75.71,178.14071371406317,-0.246,-0.87,3.3870967741935485,0.9623516609677419
Vijayapura,2022,9,16.83,75.71,145.59618431329727,-0.322,-0.97,4.566666666666666,0.45954351401
Vijayapura,2022,10,16.83,75.71,196.54995694756508,-0.691,-0.94,5.387096774193548,1.5040083503225805
Vijayapura,2022,11,16.83,75.71,0.0,-0.269,-0.85,5.966666666666667,1.2876559716666667
Vijayapura,2022,12,16.83,75.71,1.0615048110485077,-0.091,-0.71,4.161290322580645,1.0273198254935483
Vijayapura,2023,1,16.83,75.71,0.0,0.11,-0.54,5.32258064516129,1.3139867793548388
Vijayapura,2023,2,16.83,75.71,0.0,0.157,-0.29,5.571428571428571,1.642928577857143
Vijayapura,2023,3,16.83,75.71,0.4869931638240814,0.414,-0.02,4.548387096774194,2.51316421
Vijayapura,2023,4,16.83,75.71,24.480109963566065,0.56,0.27,5.133333333333334,1.690960304
Vijayapura,2023,5,16.83,75.71,34.93631262332201,0.443,0.57,6.064516129032258,1.6563232422580645
Vijayapura,2023,6,16.83,75.71,14.520346522331238,0.665,0.84,3.066666666666667,1.1452140906
Vijayapura,2023,7,16.83,75.71,128.96769876778126,0.498,1.12,4.225806451612903,0.7976125261290323
Vijayapura,2023,8,16.83,75.71,37.164862379431725,0.826,1.37,6.32258064516129,0.9138732870967742
Vijayapura,2023,9,16.83,75.71,97.9966396689415,0.946,1.6,3.533333333333333,0.8482362092433333
Vijayapura,2023,10,16.83,75.71,0.7086523026227951,0.804,1.83,4.419354838709677,1.3481443029032258
Vijayapura,2023,11,16.83,75.71,12.702675461769104,0.92,1.99,3.3,1.3793660156666665
Vijayapura,2023,12,16.83,75.71,0.4023285210132599,0.852,2.06,4.193548387096774,1.5088745183870966
Ballari,2000,1,15.13,76.92,0.0,-0.125,-1.66,3.7096774193548385,0.6000893251612903
Ballari,2000,2,15.13,76.92,33.67638874053955,-0.009,-1.41,3.793103448275862,1.1428570703448275
Ballari,2000,3,15.13,76.92,0.0,0.141,-1.07,3.3870967741935485,0.9157557180645162
Ballari,2000,4,15.13,76.92,7.103615760803223,0.141,-0.81,4.533333333333333,0.9053602656666667
Ballari,2000,5,15.13,76.92,35.73336860537529,0.113,-0.71,5.483870967741935,0.9960924206451613
Ballari,2000,6,15.13,76.92,59.449682250618935,-0.022,-0.64,4.1,0.7017651786833333
Ballari,2000,7,15.13,76.92,103.71890810132027,0.077,-0.55,5.548387096774194,1.5948303687096774
Ballari,2000,8,15.13,76.92,131.90494513511658,0.131,-0.51,3.838709677419355,1.62711539
Ballari,2000,9,15.13,76.92,56.602603793144226,-0.096,-0.55,4.1,1.278711512
Ballari,2000,10,15.13,76.92,184.39793050289154,-0.142,-0.63,4.806451612903226,1.5696261258064517
Ballari,2000,11,15.13,76.92,0.0,-0.306,-0.75,4.266666666666667,1.6378827666666667
Ballari,2000,12,15.13,76.92,0.0,-0.248,-0.74,4.806451612903226,1.1626311996774195
Ballari,2001,1,15.13,76.92,2.685721755027771,-0.431,-0.68,2.5483870967741935,1.8043092477419354
Ballari,2001,2,15.13,76.92,0.0,-0.016,-0.52,5.25,2.3275103500000003
Ballari,2001,3,15.13,76.92,5.002270221710205,-0.01,-0.44,5.258064516129032,0.6080977735483871
Ballari,2001,4,15.13,76.92,39.97230339050293,0.136,-0.34,4.533333333333333,0.6858787033333333
Ballari,2001,5,15.13,76.92,0.9026665687561035,0.137,-0.25,5.451612903225806,1.5366611332258064
Ballari,2001,6,15.13,76.92,8.940010637044907,0.127,-0.12,4.033333333333333,0.8460881063833334
Ballari,2001,7,15.13,76.92,8.760080337524414,-0.14,-0.08,4.258064516129032,1.4921871870967742
Ballari,2001,8,15.13,76.92,51.73555123806,-0.301,-0.13,5.419354838709677,1.397106648064516
Ballari,2001,9,15.13,76.92,258.51211777329445,-0.223,-0.19,3.0,1.2181324733333334
Ballari,2001,10,15.13,76.92,221.5571674257517,-0.451,-0.29,5.387096774193548,1.3723289300000001
Ballari,2001,11,15.13,76.92,13.308078289031982,-0.245,-0.35,4.4,0.9614376696666667
Ballari,2001,12,15.13,76.92,0.0,-0.051,-0.31,6.580645161290323,1.7203842838709678
Ballari,2002,1,15.13,76.92,29.328397750854492,-0.142,-0.15,4.258064516129032,1.6998524758064517
Ballari,2002,2,15.13,76.92,3.7571301460266113,-0.098,0.03,5.714285714285714,1.0814431442857144
Ballari,2002,3,15.13,76.92,0.0,0.008,0.09,3.5483870967741935,1.3025143731387099
Ballari,2002,4,15.13,76.92,8.137776136398315,-0.352,0.2,2.533333333333333,0.8904978936033333
Ballari,2002,5,15.13,76.92,57.80545184016228,-0.329,0.43,5.903225806451613,2.409133551612903
Ballari,2002,6,15.13,76.92,57.093339800834656,-0.189,0.65,3.566666666666667,1.8803833166666666
Ballari,2002,7,15.13,76.92,24.449845910072327,-0.261,0.79,6.387096774193548,1.7221574980645162
Ballari,2002,8,15.13,76.92,47.71661555767059,-0.208,0.86,5.67741935483871,1.4202360319354839
Ballari,2002,9,15.13,76.92,11.976539015769958,0.286,1.01,4.433333333333334,0.7018471730000001
Ballari,2002,10,15.13,76.92,134.30646070837975,0.405,1.21,4.129032258064516,0.8933860990322581
Ballari,2002,11,15.13,76.92,1.6323838233947754,0.096,1.31,3.566666666666667,2.25046865
Ballari,2002,12,15.13,76.92,0.0,-0.158,1.14,3.7096774193548385,1.8575260422580646
Ballari,2003,1,15.13,76.92,0.0,-0.239,0.92,5.354838709677419,0.8134987815870968
Ballari,2003,2,15.13,76.92,0.0,0.017,0.63,4.178571428571429,0.7148255028571429
Ballari,2003,3,15.13,76.92,15.337971657514572,-0.039,0.38,3.903225806451613,1.4626752464516128
Ballari,2003,4,15.13,76.92,12.154921531677246,-0.099,-0.04,3.8666666666666667,1.1874197433333333
Ballari,2003,5,15.13,76.92,0.0,-0.164,-0.26,5.258064516129032,2.245336555483871
Ballari,2003,6,15.13,76.92,35.92231237888336,0.139,-0.16,3.2666666666666666,1.65106069
Ballari,2003,7,15.13,76.92,67.18505361676216,0.131,0.08,3.6129032258064515,0.9928557990322581
Ballari,2003,8,15.13,76.92,70.46996495872736,0.108,0.21,3.870967741935484,0.6039936987096773
Ballari,2003,9,15.13,76.92,63.95114143192768,-0.06,0.26,4.266666666666667,0.7902776976666667
Ballari,2003,10,15.13,76.92,129.63723492622375,-0.243,0.29,5.419354838709677,1.2216482238709676
Ballari,2003,11,15.13,76.92,5.717861175537109,-0.159,0.35,4.3,0.49874167021000004
Ballari,2003,12,15.13,76.92,0.0,0.189,0.35,4.258064516129032,1.8000867477419356
Ballari,2004,1,15.13,76.92,2.5249533653259277,0.044,0.37,4.709677419354839,2.246038609677419
Ballari,2004,2,15.13,76.92,0.0,0.114,0.31,5.517241379310345,1.4791189124137931
Ballari,2004,3,15.13,76.92,2.823508620262146,0.077,0.23,5.064516129032258,2.1767354612903227
Ballari,2004,4,15.13,76.92,42.25539439916611,-0.079,0.17,3.6,1.2874256193333333
Ballari,2004,5,15.13,76.92,78.93695244193077,-0.565,0.17,3.838709677419355,1.4382904767741935
Ballari,2004,6,15.13,76.92,67.96747368574142,-0.384,0.28,4.533333333333333,1.0188708323333333
Ballari,2004,7,15.13,76.92,44.52048736810684,-0.301,0.47,2.6129032258064515,1.6112249593548387
Ballari,2004,8,15.13,76.92,19.349628895521164,-0.133,0.64,6.612903225806452,1.2484562670967743
Ballari,2004,9,15.13,76.92,122.6303893327713,-0.106,0.7,2.1,1.4384542359999999
Ballari,2004,10,15.13,76.92,49.42254292964935,-0.004,0.67,4.32258064516129,1.54811694
Ballari,2004,11,15.13,76.92,7.715125739574432,-0.153,0.66,3.8666666666666667,0.558687573
Ballari,2004,12,15.13,76.92,0.0,-0.132,0.69,4.354838709677419,0.7194164974193549
Ballari,2005,1,15.13,76.92,1.3634965419769287,-0.124,0.64,5.67741935483871,1.203385613832258
Ballari,2005,2,15.13,76.92,0.0,-0.56,0.58,6.821428571428571,1.5145378439285715
Ballari,2005,3,15.13,76.92,10.629410743713379,-0.433,0.45,4.290322580645161,1.7757296806451612
Ballari,2005,4,15.13,76.92,14.141589805483818,0.084,0.43,4.966666666666667,2.6446991
Ballari,2005,5,15.13,76.92,45.76580852270126,-0.033,0.29,4.548387096774194,1.8156324893548388
Ballari,2005,6,15.13,76.92,42.90081584453583,-0.176,0.11,2.966666666666667,0.7345759723333334
Ballari,2005,7,15.13,76.92,94.39833360910416,-0.384,-0.06,2.6451612903225805,1.0290815029032259
Ballari,2005,8,15.13,76.92,73.91626800596714,-0.345,-0.14,3.6129032258064515,0.939736100967742
Ballari,2005,9,15.13,76.92,111.24826902151108,-0.534,-0.11,5.8,1.522602815
Ballari,2005,10,15.13,76.92,149.31573539972305,-0.436,-0.29,3.5483870967741935,1.0373357177419353
Ballari,2005,11,15.13,76.92,10.015027940273285,-0.272,-0.57,5.7,1.0062126816666666
Ballari,2005,12,15.13,76.92,0.0,-0.3,-0.84,3.7419354838709675,0.6440208229032258
Ballari,2006,1,15.13,76.92,0.0,-0.135,-0.85,4.258064516129032,1.7294375064516128
Ballari,2006,2,15.13,76.92,0.0,-0.306,-0.77,5.428571428571429,1.6995880442857143
Ballari,2006,3,15.13,76.92,18.55336332321167,-0.226,-0.57,4.419354838709677,0.8061425020580646
Ballari,2006,4,15.13,76.92,7.072432041168213,-0.015,-0.37,4.833333333333333,0.9840533986666666
Ballari,2006,5,15.13,76.92,29.80574530363083,-0.208,-0.14,5.161290322580645,1.1181375867741936
Ballari,2006,6,15.13,76.92,25.039340376853943,-0.059,-0.03,2.433333333333333,1.1171617263333333
Ballari,2006,7,15.13,76.92,4.086412072181702,0.04,0.1,6.096774193548387,1.0984740158064517
Ballari,2006,8,15.13,76.92,6.882869362831116,0.229,0.3,3.838709677419355,0.9450053216129032
Ballari,2006,9,15.13,76.92,58.597897469997406,0.428,0.54,2.9,1.5086187580000001
Ballari,2006,10,15.13,76.92,18.351490139961243,0.577,0.77,4.645161290322581,1.7489779667580645
Ballari,2006,11,15.13,76.92,54.87298947572708,0.501,0.94,3.6333333333333333,1.1893461453333332
Ballari,2006,12,15.13,76.92,0.0,0.172,0.94,3.2903225806451615,1.4631380310096773
Ballari,2007,1,15.13,76.92,0.0,0.225,0.66,5.935483870967742,1.2701261521580645
Ballari,2007,2,15.13,76.92,0.0,0.15,0.22,4.357142857142857,1.1186876339285714
Ballari,2007,3,15.13,76.92,0.0,0.115,-0.12,5.645161290322581,1.321150566451613
Ballari,2007,4,15.13,76.92,8.745075821876526,0.1,-0.32,5.133333333333334,0.8067391546666667
Ballari,2007,5,15.13,76.92,36.302267611026764,0.27,-0.38,4.741935483870968,1.2340057027322582
Ballari,2007,6,15.13,76.92,89.70568042993546,0.031,-0.47,3.1333333333333333,1.3529915246666666
Ballari,2007,7,15.13,76.92,36.71625006198883,0.045,-0.56,4.193548387096774,1.3795319935483872
Ballari,2007,8,15.13,76.92,9.691925466060638,0.237,-0.81,2.5483870967741935,0.8762567774193548
Ballari,2007,9,15.13,76.92,156.37242007255554,0.235,-1.07,4.533333333333333,1.1761283893333332
Ballari,2007,10,15.13,76.92,53.358353316783905,0.068,-1.34,5.419354838709677,1.2009301141935484
Ballari,2007,11,15.13,76.92,0.0,-0.023,-1.5,5.533333333333333,1.588934237
Ballari,2007,12,15.13,76.92,0.0,-0.227,-1.6,3.4838709677419355,2.0751771258064515
Ballari,2008,1,15.13,76.92,0.0,0.115,-1.64,5.193548387096774,1.8184795248387096
Ballari,2008,2,15.13,76.92,13.936598539352417,-0.072,-1.52,3.586206896551724,1.2379733358620688
Ballari,2008,3,15.13,76.92,79.43973022699356,0.097,-1.29,2.870967741935484,1.8412203261290323
Ballari,2008,4,15.13,76.92,7.596829295158386,-0.153,-1.01,4.966666666666667,0.8616907713333333
Ballari,2008,5,15.13,76.92,43.53383907675743,0.179,-0.84,4.967741935483871,1.7237106374193547
Ballari,2008,6,15.13,76.92,47.764594823122025,0.215,-0.61,4.666666666666667,0.953116955
Ballari,2008,7,15.13,76.92,15.193620413541794,0.246,-0.37,2.3870967741935485,1.2312710548387096
Ballari,2008,8,15.13,76.92,156.94833025336266,0.124,-0.23,2.3548387096774195,1.211697393548387
Ballari,2008,9,15.13,76.92,197.45450496673584,0.086,-0.24,4.833333333333333,1.4465834003333333
Ballari,2008,10,15.13,76.92,84.15092021226883,0.029,-0.35,3.3225806451612905,1.3736839277419355
Ballari,2008,11,15.13,76.92,41.647846192121506,-0.128,-0.55,5.033333333333333,1.2276514546666666
Ballari,2008,12,15.13,76.92,2.2807633876800537,-0.053,-0.73,5.870967741935484,0.8991352851612903
Ballari,2009,1,15.13,76.92,0.0,0.031,-0.85,5.258064516129032,1.3644628538709678
Ballari,2009,2,15.13,76.92,0.0,0.163,-0.79,5.178571428571429,0.9907292532142857
Ballari,2009,3,15.13,76.92,0.0,0.1,-0.61,6.096774193548387,1.1326078929032257
Ballari,2009,4,15.13,76.92,0.0,0.126,-0.33,3.9,2.2441025066666667
Ballari,2009,5,15.13,76.92,95.34837609529495,0.257,0.01,7.225806451612903,1.0808286461290324
Ballari,2009,6,15.13,76.92,85.32967084646225,0.1,0.28,5.866666666666666,1.4584701413333332
Ballari,2009,7,15.13,76.92,11.946545839309692,-0.192,0.45,3.838709677419355,0.6150665787096774
Ballari,2009,8,15.13,76.92,102.51653528213501,-0.104,0.58,2.935483870967742,1.12875141
Ballari,2009,9,15.13,76.92,361.8398510813713,-0.103,0.71,4.033333333333333,1.6812911126666668
Ballari,2009,10,15.13,76.92,176.06115236878395,-0.013,1.01,5.225806451612903,0.9675306593548387
Ballari,2009,11,15.13,76.92,59.07850134372711,-0.067,1.36,3.7666666666666666,1.78102768
Ballari,2009,12,15.13,76.92,0.17791533470153809,0.16,1.56,5.096774193548387,1.2578152232258064
Ballari,2010,1,15.13,76.92,39.022297382354736,0.294,1.5,4.967741935483871,1.289910690967742
Ballari,2010,2,15.13,76.92,0.0,0.023,1.22,7.107142857142857,1.3009368542857143
Ballari,2010,3,15.13,76.92,0.0,0.458,0.84,2.4516129032258065,1.229541595483871
Ballari,2010,4,15.13,76.92,1.8608211278915405,0.37,0.35,4.3,0.970552031
Ballari,2010,5,15.13,76.92,103.70831441879272,-0.029,-0.17,4.032258064516129,1.3091519658064517
Ballari,2010,6,15.13,76.92,97.30748347193003,-0.14,-0.66,1.7666666666666666,1.285590429
Ballari,2010,7,15.13,76.92,72.81616054475307,-0.001,-1.05,2.4193548387096775,1.663601914516129
Ballari,2010,8,15.13,76.92,270.24918153882027,-0.061,-1.35,2.967741935483871,0.747917844516129
Ballari,2010,9,15.13,76.92,120.93890787661076,-0.267,-1.56,2.2,0.8091414173333332
Ballari,2010,10,15.13,76.92,95.14061385393143,-0.437,-1.64,5.032258064516129,1.3724983983870966
Ballari,2010,11,15.13,76.92,64.73717384040356,-0.495,-1.64,4.433333333333334,0.7180750344066666
Ballari,2010,12,15.13,76.92,5.854264736175537,-0.212,-1.54,5.129032258064516,0.9818622567741935
Ballari,2011,1,15.13,76.92,0.0,0.191,-1.31,5.967741935483871,1.5956191370967743
Ballari,2011,2,15.13,76.92,3.180509924888611,0.241,-1.04,5.678571428571429,0.5124724357571429
Ballari,2011,3,15.13,76.92,0.0,0.367,-0.8,4.645161290322581,1.117857366129032
Ballari,2011,4,15.13,76.92,30.986603289842606,0.154,-0.62,5.866666666666666,0.9413861176666667
Ballari,2011,5,15.13,76.92,23.141110807657242,-0.089,-0.46,6.129032258064516,1.5436429977419355
Ballari,2011,6,15.13,76.92,71.43090456724167,0.055,-0.37,3.7333333333333334,0.6791252076666666
Ballari,2011,7,15.13,76.92,103.48584789037704,0.223,-0.43,3.7096774193548385,1.0109919648387098
Ballari,2011,8,15.13,76.92,90.11814853549004,0.344,-0.58,2.774193548387097,1.011544473516129
Ballari,2011,9,15.13,76.92,14.349893108010292,0.202,-0.79,3.7,0.9066917783333334
Ballari,2011,10,15.13,76.92,73.22330330312252,0.356,-0.96,4.129032258064516,1.8293501125806453
Ballari,2011,11,15.13,76.92,20.2960764169693,0.336,-1.02,4.033333333333333,1.4278005003333334
Ballari,2011,12,15.13,76.92,0.0,-0.128,-0.92,4.483870967741935,1.388414425483871
Ballari,2012,1,15.13,76.92,0.0,0.046,-0.72,5.774193548387097,1.0838557522580645
Ballari,2012,2,15.13,76.92,0.0,-0.078,-0.57,4.068965517241379,1.9624444827586207
Ballari,2012,3,15.13,76.92,6.100123882293701,0.026,-0.46,5.161290322580645,2.275805190322581
Ballari,2012,4,15.13,76.92,60.07677420973778,-0.271,-0.36,4.733333333333333,1.392764723
Ballari,2012,5,15.13,76.92,60.81889188289642,-0.37,-0.17,5.838709677419355,0.508314344516129
Ballari,2012,6,15.13,76.92,40.939229533076286,0.0,0.06,3.933333333333333,1.5851710730000002
Ballari,2012,7,15.13,76.92,147.17928068339825,0.546,0.3,3.2580645161290325,1.0006735025806452
Ballari,2012,8,15.13,76.92,126.25038244575262,0.652,0.41,3.3548387096774195,1.4237936377419356
Ballari,2012,9,15.13,76.92,91.10315196216106,0.453,0.41,4.366666666666666,1.1895103533333333
Ballari,2012,10,15.13,76.92,33.01718586683273,0.11,0.31,3.064516129032258,1.05932045
Ballari,2012,11,15.13,76.92,65.52050423622131,-0.099,0.13,4.6,0.7542804866666667
Ballari,2012,12,15.13,76.92,1.9397634267807007,0.267,-0.1,2.4516129032258065,0.8817284803225806
Ballari,2013,1,15.13,76.92,0.0,-0.065,-0.29,6.064516129032258,1.989185853870968
Ballari,2013,2,15.13,76.92,1.8005545139312744,0.189,-0.29,3.392857142857143,1.6343154739285715
Ballari,2013,3,15.13,76.92,0.21136504411697388,0.083,-0.21,5.225806451612903,1.208878878064516
Ballari,2013,4,15.13,76.92,32.3931822180748,-0.297,-0.19,5.133333333333334,0.9100850366666666
Ballari,2013,5,15.13,76.92,83.29291951656342,-0.506,-0.27,3.935483870967742,1.196817595483871
Ballari,2013,6,15.13,76.92,31.913789212703705,-0.497,-0.34,4.366666666666666,1.2253081406666666
Ballari,2013,7,15.13,76.92,84.5511224269867,-0.181,-0.35,3.5806451612903225,0.8870305335483871
Ballari,2013,8,15.13,76.92,117.26722276210785,-0.194,-0.28,5.806451612903226,0.912353013548387
Ballari,2013,9,15.13,76.92,212.38975888490677,-0.31,-0.21,3.7666666666666666,1.5937026506666667
Ballari,2013,10,15.13,76.92,73.39071854948997,-0.168,-0.13,5.161290322580645,0.8202488128741936
Ballari,2013,11,15.13,76.92,2.364176034927368,0.199,-0.1,3.2,0.6853039573333334
Ballari,2013,12,15.13,76.92,0.0,0.141,-0.15,3.870967741935484,1.0410569158064515
Ballari,2014,1,15.13,76.92,0.0,-0.101,-0.28,5.741935483870968,1.1766352048387096
Ballari,2014,2,15.13,76.92,1.6628835201263428,-0.089,-0.32,5.857142857142857,1.4348881625
Ballari,2014,3,15.13,76.92,24.210933685302734,-0.151,-0.14,3.6129032258064515,1.5816916796774194
Ballari,2014,4,15.13,76.92,24.129664719104767,-0.058,0.15,5.533333333333333,1.3192271676666667
Ballari,2014,5,15.13,76.92,67.96848936378956,-0.092,0.31,2.3225806451612905,1.4339224977419354
Ballari,2014,6,15.13,76.92,64.30168350040913,-0.028,0.23,4.433333333333334,1.108679051
Ballari,2014,7,15.13,76.92,110.01289488375187,-0.363,0.1,5.806451612903226,1.1528067432258065
Ballari,2014,8,15.13,76.92,134.08224612474442,-0.372,0.11,1.7096774193548387,1.2150309538709676
Ballari,2014,9,15.13,76.92,45.066306874156,-0.145,0.28,4.333333333333333,0.649377995
Ballari,2014,10,15.13,76.92,93.64889848232269,0.141,0.54,3.7096774193548385,0.9880874900000001
Ballari,2014,11,15.13,76.92,3.0720237493515015,0.009,0.71,2.933333333333333,1.4682012086666667
Ballari,2014,12,15.13,76.92,3.414745330810547,0.046,0.77,4.741935483870968,1.3856411206451613
Ballari,2015,1,15.13,76.92,0.754454493522644,-0.1,0.69,6.193548387096774,1.595519382903226
Ballari,2015,2,15.13,76.92,0.0,-0.345,0.61,6.464285714285714,0.8730502682142857
Ballari,2015,3,15.13,76.92,10.7687246799469,-0.241,0.65,5.161290322580645,2.5235438870967744
Ballari,2015,4,15.13,76.92,35.09901973605156,-0.008,0.81,3.466666666666667,0.9544394936666667
Ballari,2015,5,15.13,76.92,42.59197652339935,0.24,1.02,5.096774193548387,0.7510026245161291
Ballari,2015,6,15.13,76.92,19.136531099677086,0.296,1.25,3.433333333333333,1.9929203833333333
Ballari,2015,7,15.13,76.92,61.751125544309616,0.225,1.57,4.451612903225806,1.837990334516129
Ballari,2015,8,15.13,76.92,64.23506945371628,0.568,1.91,5.870967741935484,0.8428048241935484
Ballari,2015,9,15.13,76.92,161.91162306070328,0.294,2.21,4.7,0.62977513528
Ballari,2015,10,15.13,76.92,98.8638205230236,0.482,2.47,4.935483870967742,1.5348366948387098
Ballari,2015,11,15.13,76.92,3.639452800154686,0.347,2.64,2.6666666666666665,1.8664467500000002
Ballari,2015,12,15.13,76.92,1.046711802482605,0.272,2.75,4.419354838709677,1.905701525483871
Ballari,2016,1,15.13,76.92,8.925171852111816,0.265,2.63,4.548387096774194,1.397440465735484
Ballari,2016,2,15.13,76.92,0.0,-0.11,2.28,5.586206896551724,2.0595920172413793
Ballari,2016,3,15.13,76.92,0.0,-0.008,1.71,5.387096774193548,1.2421979758064514
Ballari,2016,4,15.13,76.92,9.877098381519318,0.146,1.05,3.433333333333333,0.6606036036666667
Ballari,2016,5,15.13,76.92,71.56869316101074,-0.113,0.49,2.935483870967742,1.3503781812903226
Ballari,2016,6,15.13,76.92,116.08286298811436,-0.443,0.0,4.166666666666667,1.5598082686666668
Ballari,2016,7,15.13,76.92,107.26273411512375,-0.757,-0.31,3.129032258064516,1.0086871877419354
Ballari,2016,8,15.13,76.92,20.750139474868774,-0.443,-0.5,5.709677419354839,1.3634238690322582
Ballari,2016,9,15.13,76.92,89.54920643568039,-0.437,-0.58,4.233333333333333,0.9987363606666667
Ballari,2016,10,15.13,76.92,2.1458426415920258,-0.371,-0.64,5.645161290322581,0.6798959190322581
Ballari,2016,11,15.13,76.92,7.8153427839279175,-0.382,-0.6,4.366666666666666,1.4056047909999998
Ballari,2016,12,15.13,76.92,4.854886174201965,-0.31,-0.45,4.451612903225806,0.6025583080645162
Ballari,2017,1,15.13,76.92,0.0,-0.086,-0.19,3.7096774193548385,1.2075865980645162
Ballari,2017,2,15.13,76.92,0.0,0.101,-0.02,4.607142857142857,2.432161792857143
Ballari,2017,3,15.13,76.92,7.955190896987915,0.357,0.18,3.6774193548387095,0.7525501162903225
Ballari,2017,4,15.13,76.92,6.1450804471969604,0.498,0.31,6.7,0.7843319514433333
Ballari,2017,5,15.13,76.92,58.373865842819214,0.536,0.4,4.193548387096774,1.3503042366709677
Ballari,2017,6,15.13,76.92,77.35207882523537,0.424,0.39,2.433333333333333,1.010765505
Ballari,2017,7,15.13,76.92,21.176946088671684,0.52,0.19,3.6774193548387095,1.0194311058064516
Ballari,2017,8,15.13,76.92,117.18592482805252,0.349,-0.07,4.193548387096774,0.560064344016129
Ballari,2017,9,15.13,76.92,225.40485593676567,0.035,-0.34,4.233333333333333,0.5864452456666667
Ballari,2017,10,15.13,76.92,176.83226785063744,0.015,-0.6,5.354838709677419,2.0237151622580645
Ballari,2017,11,15.13,76.92,3.713696599006653,0.289,-0.77,4.166666666666667,0.8390316453333334
Ballari,2017,12,15.13,76.92,0.0,0.11,-0.86,5.258064516129032,1.455329965483871
Ballari,2018,1,15.13,76.92,0.0,-0.2,-0.77,3.5806451612903225,2.2438225967741934
Ballari,2018,2,15.13,76.92,0.0,0.216,-0.71,5.5,2.449217742857143
Ballari,2018,3,15.13,76.92,1.0916310548782349,-0.12,-0.57,4.161290322580645,1.1359975419354837
Ballari,2018,4,15.13,76.92,32.782277941703796,-0.083,-0.39,4.433333333333334,1.4919827436666668
Ballari,2018,5,15.13,76.92,43.35586655139923,0.122,-0.13,3.096774193548387,1.7735262777419354
Ballari,2018,6,15.13,76.92,71.71599590778351,0.155,0.06,3.433333333333333,1.099695321
Ballari,2018,7,15.13,76.92,32.090657472610474,0.053,0.14,4.967741935483871,1.4670566325806451
Ballari,2018,8,15.13,76.92,55.364946246147156,0.121,0.27,5.419354838709677,1.1604823280645162
Ballari,2018,9,15.13,76.92,40.694960951805115,0.604,0.53,6.6,1.0746740603333333
Ballari,2018,10,15.13,76.92,33.73604500293732,0.684,0.81,4.129032258064516,1.372201460967742
Ballari,2018,11,15.13,76.92,1.1477857828140259,0.5,0.97,4.666666666666667,1.3713922473333333
Ballari,2018,12,15.13,76.92,0.0,0.309,0.92,3.838709677419355,2.266200470967742
Ballari,2019,1,15.13,76.92,19.407529830932617,0.387,0.89,5.709677419354839,1.75703085
Ballari,2019,2,15.13,76.92,0.0,0.416,0.86,6.142857142857143,1.7487797142857142
Ballari,2019,3,15.13,76.92,1.5719342231750488,0.225,0.84,4.064516129032258,1.1146516216129032
Ballari,2019,4,15.13,76.92,14.480959057807922,0.258,0.77,3.7333333333333334,1.0698441273333332
Ballari,2019,5,15.13,76.92,39.06532609462738,0.54,0.64,6.096774193548387,1.854505129032258
Ballari,2019,6,15.13,76.92,122.93930172920227,0.605,0.52,4.566666666666666,1.3048570076666666
Ballari,2019,7,15.13,76.92,19.415302455425262,0.597,0.33,2.3548387096774195,0.8737279109677419
Ballari,2019,8,15.13,76.92,39.241130352020264,0.436,0.19,4.129032258064516,0.9542141777419355
Ballari,2019,9,15.13,76.92,238.77623891830444,0.892,0.23,4.5,1.6799940163333333
Ballari,2019,10,15.13,76.92,126.49171727895737,0.964,0.39,2.6774193548387095,1.5321089774193548
Ballari,2019,11,15.13,76.92,1.0081011056900024,0.835,0.58,4.7,1.5540973666666666
Ballari,2019,12,15.13,76.92,1.3360399305820465,0.243,0.66,3.7096774193548385,0.9795201067741935
Ballari,2020,1,15.13,76.92,0.0,0.173,0.64,5.516129032258065,2.0013102467741937
Ballari,2020,2,15.13,76.92,0.0,0.054,0.63,5.551724137931035,1.19141821
Ballari,2020,3,15.13,76.92,0.3849634826183319,0.019,0.53,3.7419354838709675,1.516898370967742
Ballari,2020,4,15.13,76.92,13.7060706615448,-0.011,0.3,3.6666666666666665,1.6374265986666667
Ballari,2020,5,15.13,76.92,26.454853296279907,0.298,0.01,4.451612903225806,1.1646890893548387
Ballari,2020,6,15.13,76.92,118.33277493715286,0.455,-0.23,1.6,1.3547168013333333
Ballari,2020,7,15.13,76.92,345.8099969625473,0.319,-0.36,2.0,1.5012130690322583
Ballari,2020,8,15.13,76.92,108.38465656340122,-0.183,-0.53,4.516129032258065,1.5708076487096774
Ballari,2020,9,15.13,76.92,173.95604646205902,-0.189,-0.85,4.166666666666667,1.1078213236666665
Ballari,2020,10,15.13,76.92,96.08400750160217,0.074,-1.12,5.032258064516129,1.8443815480645163
Ballari,2020,11,15.13,76.92,20.27604842185974,0.02,-1.2,4.533333333333333,1.0659901883333334
Ballari,2020,12,15.13,76.92,2.519803762435913,0.031,-1.08,4.709677419354839,0.8462182629741936
Ballari,2021,1,15.13,76.92,5.558940410614014,0.051,-0.91,4.483870967741935,1.3812992767741936
Ballari,2021,2,15.13,76.92,4.697993814945221,0.243,-0.79,6.357142857142857,1.7109776275000002
Ballari,2021,3,15.13,76.92,0.0,0.267,-0.71,4.032258064516129,1.1486161170967741
Ballari,2021,4,15.13,76.92,24.67011272907257,0.25,-0.55,6.7,2.1312086966666666
Ballari,2021,5,15.13,76.92,88.86911296844482,0.009,-0.39,3.6451612903225805,1.6188268058064517
Ballari,2021,6,15.13,76.92,87.06291210651398,-0.002,-0.3,3.033333333333333,1.2543668813333333
Ballari,2021,7,15.13,76.92,119.79094429314137,-0.229,-0.35,4.193548387096774,1.2697446645161292
Ballari,2021,8,15.13,76.92,57.537646755576134,-0.099,-0.45,3.0,1.3328496390322582
Ballari,2021,9,15.13,76.92,57.35748311877251,-0.058,-0.63,3.4,1.16716908
Ballari,2021,10,15.13,76.92,50.51505696773529,-0.091,-0.76,3.5161290322580645,1.1958632022580646
Ballari,2021,11,15.13,76.92,172.59974597394466,0.069,-0.91,3.7333333333333334,1.0642061103333333
Ballari,2021,12,15.13,76.92,2.309328779578209,-0.12,-0.87,6.451612903225806,2.068191648387097
Ballari,2022,1,15.13,76.92,0.0,-0.056,-0.82,6.838709677419355,1.1541269361290323
Ballari,2022,2,15.13,76.92,0.0,-0.082,-0.79,3.142857142857143,1.2939472457142858
Ballari,2022,3,15.13,76.92,1.0990655571222305,-0.093,-0.86,3.064516129032258,1.0719917463806452
Ballari,2022,4,15.13,76.92,12.045417666435242,-0.068,-0.95,3.5,0.6809799073333332
Ballari,2022,5,15.13,76.92,101.07803837954998,-0.122,-0.9,4.67741935483871,1.2369349422580647
Ballari,2022,6,15.13,76.92,131.03463000059128,-0.335,-0.78,2.7333333333333334,1.7460144566666667
Ballari,2022,7,15.13,76.92,109.03194418549538,-0.195,-0.76,3.096774193548387,0.9906527754838709
Ballari,2022,8,15.13,76.92,125.52156813442707,-0.246,-0.87,3.3870967741935485,0.9623516609677419
Ballari,2022,9,15.13,76.92,129.6018509864807,-0.322,-0.97,4.566666666666666,0.45954351401
Ballari,2022,10,15.13,76.92,179.7386640906334,-0.691,-0.94,5.387096774193548,1.5040083503225805
Ballari,2022,11,15.13,76.92,19.59780779480934,-0.269,-0.85,5.966666666666667,1.2876559716666667
Ballari,2022,12,15.13,76.92,27.979365438222885,-0.091,-0.71,4.161290322580645,1.0273198254935483
Ballari,2023,1,15.13,76.92,0.0,0.11,-0.54,5.32258064516129,1.3139867793548388
Ballari,2023,2,15.13,76.92,0.0,0.157,-0.29,5.571428571428571,1.642928577857143
Ballari,2023,3,15.13,76.92,4.412407875061035,0.414,-0.02,4.548387096774194,2.51316421
Ballari,2023,4,15.13,76.92,17.61915385723114,0.56,0.27,5.133333333333334,1.690960304
Ballari,2023,5,15.13,76.92,105.6254951953888,0.443,0.57,6.064516129032258,1.6563232422580645
Ballari,2023,6,15.13,76.92,63.01710617542267,0.665,0.84,3.066666666666667,1.1452140906
Ballari,2023,7,15.13,76.92,80.73977729678154,0.498,1.12,4.225806451612903,0.7976125261290323
Ballari,2023,8,15.13,76.92,17.370121777057648,0.826,1.37,6.32258064516129,0.9138732870967742
Ballari,2023,9,15.13,76.92,113.69003030657768,0.946,1.6,3.533333333333333,0.8482362092433333
Ballari,2023,10,15.13,76.92,3.8259530067443848,0.804,1.83,4.419354838709677,1.3481443029032258
Ballari,2023,11,15.13,76.92,60.18687558174133,0.92,1.99,3.3,1.3793660156666665
Ballari,2023,12,15.13,76.92,6.465720444917679,0.852,2.06,4.193548387096774,1.5088745183870966
Hubballi-Dharwad,2000,1,15.36,75.12,3.0272196531295776,-0.125,-1.66,3.7096774193548385,0.6000893251612903
Hubballi-Dharwad,2000,2,15.36,75.12,0.0,-0.009,-1.41,3.793103448275862,1.1428570703448275
Hubballi-Dharwad,2000,3,15.36,75.12,0.0,0.141,-1.07,3.3870967741935485,0.9157557180645162
Hubballi-Dharwad,2000,4,15.36,75.12,52.83252912759781,0.141,-0.81,4.533333333333333,0.9053602656666667
Hubballi-Dharwad,2000,5,15.36,75.12,18.764307379722595,0.113,-0.71,5.483870967741935,0.9960924206451613
Hubballi-Dharwad,2000,6,15.36,75.12,47.53085634112358,-0.022,-0.64,4.1,0.7017651786833333
Hubballi-Dharwad,2000,7,15.36,75.12,145.6983496323228,0.077,-0.55,5.548387096774194,1.5948303687096774
Hubballi-Dharwad,2000,8,15.36,75.12,166.36041942238808,0.131,-0.51,3.838709677419355,1.62711539
Hubballi-Dharwad,2000,9,15.36,75.12,150.57058322429657,-0.096,-0.55,4.1,1.278711512
Hubballi-Dharwad,2000,10,15.36,75.12,102.72600030899048,-0.142,-0.63,4.806451612903226,1.5696261258064517
Hubballi-Dharwad,2000,11,15.36,75.12,1.6566970348358154,-0.306,-0.75,4.266666666666667,1.6378827666666667
Hubballi-Dharwad,2000,12,15.36,75.12,0.0,-0.248,-0.74,4.806451612903226,1.1626311996774195
Hubballi-Dharwad,2001,1,15.36,75.12,0.0,-0.431,-0.68,2.5483870967741935,1.8043092477419354
Hubballi-Dharwad,2001,2,15.36,75.12,0.0,-0.016,-0.52,5.25,2.3275103500000003
Hubballi-Dharwad,2001,3,15.36,75.12,0.0,-0.01,-0.44,5.258064516129032,0.6080977735483871
Hubballi-Dharwad,2001,4,15.36,75.12,28.152636766433716,0.136,-0.34,4.533333333333333,0.6858787033333333
Hubballi-Dharwad,2001,5,15.36,75.12,19.184030890464783,0.137,-0.25,5.451612903225806,1.5366611332258064
Hubballi-Dharwad,2001,6,15.36,75.12,71.41429375112057,0.127,-0.12,4.033333333333333,0.8460881063833334
Hubballi-Dharwad,2001,7,15.36,75.12,38.12623978406191,-0.14,-0.08,4.258064516129032,1.4921871870967742
Hubballi-Dharwad,2001,8,15.36,75.12,65.30863478779793,-0.301,-0.13,5.419354838709677,1.397106648064516
Hubballi-Dharwad,2001,9,15.36,75.12,72.4165178835392,-0.223,-0.19,3.0,1.2181324733333334
Hubballi-Dharwad,2001,10,15.36,75.12,23.909124732017517,-0.451,-0.29,5.387096774193548,1.3723289300000001
Hubballi-Dharwad,2001,11,15.36,75.12,5.900752305984497,-0.245,-0.35,4.4,0.9614376696666667
Hubballi-Dharwad,2001,12,15.36,75.12,0.0,-0.051,-0.31,6.580645161290323,1.7203842838709678
Hubballi-Dharwad,2002,1,15.36,75.12,0.0,-0.142,-0.15,4.258064516129032,1.6998524758064517
Hubballi-Dharwad,2002,2,15.36,75.12,13.677199274301529,-0.098,0.03,5.714285714285714,1.0814431442857144
Hubballi-Dharwad,2002,3,15.36,75.12,0.0,0.008,0.09,3.5483870967741935,1.3025143731387099
Hubballi-Dharwad,2002,4,15.36,75.12,50.510491997003555,-0.352,0.2,2.533333333333333,0.8904978936033333
Hubballi-Dharwad,2002,5,15.36,75.12,77.65401789546013,-0.329,0.43,5.903225806451613,2.409133551612903
Hubballi-Dharwad,2002,6,15.36,75.12,221.96879249811172,-0.189,0.65,3.566666666666667,1.8803833166666666
Hubballi-Dharwad,2002,7,15.36,75.12,26.433319598436356,-0.261,0.79,6.387096774193548,1.7221574980645162
Hubballi-Dharwad,2002,8,15.36,75.12,105.62174619734287,-0.208,0.86,5.67741935483871,1.4202360319354839
Hubballi-Dharwad,2002,9,15.36,75.12,47.99849745631218,0.286,1.01,4.433333333333334,0.7018471730000001
Hubballi-Dharwad,2002,10,15.36,75.12,119.34027829766273,0.405,1.21,4.129032258064516,0.8933860990322581
Hubballi-Dharwad,2002,11,15.36,75.12,4.710725784301758,0.096,1.31,3.566666666666667,2.25046865
Hubballi-Dharwad,2002,12,15.36,75.12,0.0,-0.158,1.14,3.7096774193548385,1.8575260422580646
Hubballi-Dharwad,2003,1,15.36,75.12,0.0,-0.239,0.92,5.354838709677419,0.8134987815870968
Hubballi-Dharwad,2003,2,15.36,75.12,0.21429912745952606,0.017,0.63,4.178571428571429,0.7148255028571429
Hubballi-Dharwad,2003,3,15.36,75.12,3.8751689195632935,-0.039,0.38,3.903225806451613,1.4626752464516128
Hubballi-Dharwad,2003,4,15.36,75.12,101.00242374837399,-0.099,-0.04,3.8666666666666667,1.1874197433333333
Hubballi-Dharwad,2003,5,15.36,75.12,5.4583436250686646,-0.164,-0.26,5.258064516129032,2.245336555483871
Hubballi-Dharwad,2003,6,15.36,75.12,83.4051264449954,0.139,-0.16,3.2666666666666666,1.65106069
Hubballi-Dharwad,2003,7,15.36,75.12,56.48641687631607,0.131,0.08,3.6129032258064515,0.9928557990322581
Hubballi-Dharwad,2003,8,15.36,75.12,37.36224655807018,0.108,0.21,3.870967741935484,0.6039936987096773
Hubballi-Dharwad,2003,9,15.36,75.12,29.60891343653202,-0.06,0.26,4.266666666666667,0.7902776976666667
Hubballi-Dharwad,2003,10,15.36,75.12,167.81626656651497,-0.243,0.29,5.419354838709677,1.2216482238709676
Hubballi-Dharwad,2003,11,15.36,75.12,0.20899313688278198,-0.159,0.35,4.3,0.49874167021000004
Hubballi-Dharwad,2003,12,15.36,75.12,0.0,0.189,0.35,4.258064516129032,1.8000867477419356
Hubballi-Dharwad,2004,1,15.36,75.12,0.0,0.044,0.37,4.709677419354839,2.246038609677419
Hubballi-Dharwad,2004,2,15.36,75.12,0.0,0.114,0.31,5.517241379310345,1.4791189124137931
Hubballi-Dharwad,2004,3,15.36,75.12,0.0,0.077,0.23,5.064516129032258,2.1767354612903227
Hubballi-Dharwad,2004,4,15.36,75.12,56.56673650443554,-0.079,0.17,3.6,1.2874256193333333
Hubballi-Dharwad,2004,5,15.36,75.12,92.36909148097038,-0.565,0.17,3.838709677419355,1.4382904767741935
Hubballi-Dharwad,2004,6,15.36,75.12,141.76731312274933,-0.384,0.28,4.533333333333333,1.0188708323333333
Hubballi-Dharwad,2004,7,15.36,75.12,41.61532883346081,-0.301,0.47,2.6129032258064515,1.6112249593548387
Hubballi-Dharwad,2004,8,15.36,75.12,160.37417301535606,-0.133,0.64,6.612903225806452,1.2484562670967743
Hubballi-Dharwad,2004,9,15.36,75.12,86.06118555366993,-0.106,0.7,2.1,1.4384542359999999
Hubballi-Dharwad,2004,10,15.36,75.12,14.6742884516716,-0.004,0.67,4.32258064516129,1.54811694
Hubballi-Dharwad,2004,11,15.36,75.12,7.813142687082291,-0.153,0.66,3.8666666666666667,0.558687573
Hubballi-Dharwad,2004,12,15.36,75.12,0.476227305829525,-0.132,0.69,4.354838709677419,0.7194164974193549
Hubballi-Dharwad,2005,1,15.36,75.12,8.697443008422852,-0.124,0.64,5.67741935483871,1.203385613832258
Hubballi-Dharwad,2005,2,15.36,75.12,0.0,-0.56,0.58,6.821428571428571,1.5145378439285715
Hubballi-Dharwad,2005,3,15.36,75.12,0.0,-0.433,0.45,4.290322580645161,1.7757296806451612
Hubballi-Dharwad,2005,4,15.36,75.12,100.48196077346802,0.084,0.43,4.966666666666667,2.6446991
Hubballi-Dharwad,2005,5,15.36,75.12,114.75724023580551,-0.033,0.29,4.548387096774194,1.8156324893548388
Hubballi-Dharwad,2005,6,15.36,75.12,93.25362476706505,-0.176,0.11,2.966666666666667,0.7345759723333334
Hubballi-Dharwad,2005,7,15.36,75.12,285.0591944158077,-0.384,-0.06,2.6451612903225805,1.0290815029032259
Hubballi-Dharwad,2005,8,15.36,75.12,158.16449412703514,-0.345,-0.14,3.6129032258064515,0.939736100967742
Hubballi-Dharwad,2005,9,15.36,75.12,175.18641129136086,-0.534,-0.11,5.8,1.522602815
Hubballi-Dharwad,2005,10,15.36,75.12,79.66055476665497,-0.436,-0.29,3.5483870967741935,1.0373357177419353
Hubballi-Dharwad,2005,11,15.36,75.12,20.20889127254486,-0.272,-0.57,5.7,1.0062126816666666
Hubballi-Dharwad,2005,12,15.36,75.12,0.0,-0.3,-0.84,3.7419354838709675,0.6440208229032258
Hubballi-Dharwad,2006,1,15.36,75.12,0.0,-0.135,-0.85,4.258064516129032,1.7294375064516128
Hubballi-Dharwad,2006,2,15.36,75.12,0.0,-0.306,-0.77,5.428571428571429,1.6995880442857143
Hubballi-Dharwad,2006,3,15.36,75.12,0.7978239059448242,-0.226,-0.57,4.419354838709677,0.8061425020580646
Hubballi-Dharwad,2006,4,15.36,75.12,12.894301652908325,-0.015,-0.37,4.833333333333333,0.9840533986666666
Hubballi-Dharwad,2006,5,15.36,75.12,76.47360408306122,-0.208,-0.14,5.161290322580645,1.1181375867741936
Hubballi-Dharwad,2006,6,15.36,75.12,73.59405225515366,-0.059,-0.03,2.433333333333333,1.1171617263333333
Hubballi-Dharwad,2006,7,15.36,75.12,58.88137128949165,0.04,0.1,6.096774193548387,1.0984740158064517
Hubballi-Dharwad,2006,8,15.36,75.12,43.31062263250351,0.229,0.3,3.838709677419355,0.9450053216129032
Hubballi-Dharwad,2006,9,15.36,75.12,43.102323085069656,0.428,0.54,2.9,1.5086187580000001
Hubballi-Dharwad,2006,10,15.36,75.12,27.72390103340149,0.577,0.77,4.645161290322581,1.7489779667580645
Hubballi-Dharwad,2006,11,15.36,75.12,34.85072547197342,0.501,0.94,3.6333333333333333,1.1893461453333332
Hubballi-Dharwad,2006,12,15.36,75.12,0.0,0.172,0.94,3.2903225806451615,1.4631380310096773
Hubballi-Dharwad,2007,1,15.36,75.12,0.0,0.225,0.66,5.935483870967742,1.2701261521580645
Hubballi-Dharwad,2007,2,15.36,75.12,0.0,0.15,0.22,4.357142857142857,1.1186876339285714
Hubballi-Dharwad,2007,3,15.36,75.12,12.017573833465576,0.115,-0.12,5.645161290322581,1.321150566451613
Hubballi-Dharwad,2007,4,15.36,75.12,38.35753786563873,0.1,-0.32,5.133333333333334,0.8067391546666667
Hubballi-Dharwad,2007,5,15.36,75.12,56.901927411556244,0.27,-0.38,4.741935483870968,1.2340057027322582
Hubballi-Dharwad,2007,6,15.36,75.12,121.45033982396126,0.031,-0.47,3.1333333333333333,1.3529915246666666
Hubballi-Dharwad,2007,7,15.36,75.12,125.81428691744804,0.045,-0.56,4.193548387096774,1.3795319935483872
Hubballi-Dharwad,2007,8,15.36,75.12,143.5987493172288,0.237,-0.81,2.5483870967741935,0.8762567774193548
Hubballi-Dharwad,2007,9,15.36,75.12,166.6994118541479,0.235,-1.07,4.533333333333333,1.1761283893333332
Hubballi-Dharwad,2007,10,15.36,75.12,55.165822833776474,0.068,-1.34,5.419354838709677,1.2009301141935484
Hubballi-Dharwad,2007,11,15.36,75.12,8.700799755752087,-0.023,-1.5,5.533333333333333,1.588934237
Hubballi-Dharwad,2007,12,15.36,75.12,0.0,-0.227,-1.6,3.4838709677419355,2.0751771258064515
Hubballi-Dharwad,2008,1,15.36,75.12,0.0,0.115,-1.64,5.193548387096774,1.8184795248387096
Hubballi-Dharwad,2008,2,15.36,75.12,0.0,-0.072,-1.52,3.586206896551724,1.2379733358620688
Hubballi-Dharwad,2008,3,15.36,75.12,95.72116321325302,0.097,-1.29,2.870967741935484,1.8412203261290323
Hubballi-Dharwad,2008,4,15.36,75.12,50.60317748785019,-0.153,-1.01,4.966666666666667,0.8616907713333333
Hubballi-Dharwad,2008,5,15.36,75.12,34.3512482047081,0.179,-0.84,4.967741935483871,1.7237106374193547
Hubballi-Dharwad,2008,6,15.36,75.12,78.64654183387756,0.215,-0.61,4.666666666666667,0.953116955
Hubballi-Dharwad,2008,7,15.36,75.12,75.29541245102882,0.246,-0.37,2.3870967741935485,1.2312710548387096
Hubballi-Dharwad,2008,8,15.36,75.12,133.2382086366415,0.124,-0.23,2.3548387096774195,1.211697393548387
Hubballi-Dharwad,2008,9,15.36,75.12,76.27241225540638,0.086,-0.24,4.833333333333333,1.4465834003333333
Hubballi-Dharwad,2008,10,15.36,75.12,46.379080668091774,0.029,-0.35,3.3225806451612905,1.3736839277419355
Hubballi-Dharwad,2008,11,15.36,75.12,70.50855016708374,-0.128,-0.55,5.033333333333333,1.2276514546666666
Hubballi-Dharwad,2008,12,15.36,75.12,0.0,-0.053,-0.73,5.870967741935484,0.8991352851612903
Hubballi-Dharwad,2009,1,15.36,75.12,0.0,0.031,-0.85,5.258064516129032,1.3644628538709678
Hubballi-Dharwad,2009,2,15.36,75.12,0.0,0.163,-0.79,5.178571428571429,0.9907292532142857
Hubballi-Dharwad,2009,3,15.36,75.12,19.9053573012352,0.1,-0.61,6.096774193548387,1.1326078929032257
Hubballi-Dharwad,2009,4,15.36,75.12,39.663565158843994,0.126,-0.33,3.9,2.2441025066666667
Hubballi-Dharwad,2009,5,15.36,75.12,40.722501277923584,0.257,0.01,7.225806451612903,1.0808286461290324
Hubballi-Dharwad,2009,6,15.36,75.12,96.41732254624367,0.1,0.28,5.866666666666666,1.4584701413333332
Hubballi-Dharwad,2009,7,15.36,75.12,146.26821249723434,-0.192,0.45,3.838709677419355,0.6150665787096774
Hubballi-Dharwad,2009,8,15.36,75.12,88.87414832413197,-0.104,0.58,2.935483870967742,1.12875141
Hubballi-Dharwad,2009,9,15.36,75.12,189.23265581578016,-0.103,0.71,4.033333333333333,1.6812911126666668
Hubballi-Dharwad,2009,10,15.36,75.12,106.39812679588795,-0.013,1.01,5.225806451612903,0.9675306593548387
Hubballi-Dharwad,2009,11,15.36,75.12,71.41117799282074,-0.067,1.36,3.7666666666666666,1.78102768
Hubballi-Dharwad,2009,12,15.36,75.12,53.867881774902344,0.16,1.56,5.096774193548387,1.2578152232258064
Hubballi-Dharwad,2010,1,15.36,75.12,14.216215133666992,0.294,1.5,4.967741935483871,1.289910690967742
Hubballi-Dharwad,2010,2,15.36,75.12,0.12110377848148346,0.023,1.22,7.107142857142857,1.3009368542857143
Hubballi-Dharwad,2010,3,15.36,75.12,1.3096390962600708,0.458,0.84,2.4516129032258065,1.229541595483871
Hubballi-Dharwad,2010,4,15.36,75.12,44.064292907714844,0.37,0.35,4.3,0.970552031
Hubballi-Dharwad,2010,5,15.36,75.12,97.18505717813969,-0.029,-0.17,4.032258064516129,1.3091519658064517
Hubballi-Dharwad,2010,6,15.36,75.12,84.15683872252703,-0.14,-0.66,1.7666666666666666,1.285590429
Hubballi-Dharwad,2010,7,15.36,75.12,134.69755390286446,-0.001,-1.05,2.4193548387096775,1.663601914516129
Hubballi-Dharwad,2010,8,15.36,75.12,135.92652110755444,-0.061,-1.35,2.967741935483871,0.747917844516129
Hubballi-Dharwad,2010,9,15.36,75.12,101.94454281032085,-0.267,-1.56,2.2,0.8091414173333332
Hubballi-Dharwad,2010,10,15.36,75.12,111.75184489786625,-0.437,-1.64,5.032258064516129,1.3724983983870966
Hubballi-Dharwad,2010,11,15.36,75.12,129.60085213184357,-0.495,-1.64,4.433333333333334,0.7180750344066666
Hubballi-Dharwad,2010,12,15.36,75.12,0.0,-0.212,-1.54,5.129032258064516,0.9818622567741935
Hubballi-Dharwad,2011,1,15.36,75.12,0.0,0.191,-1.31,5.967741935483871,1.5956191370967743
Hubballi-Dharwad,2011,2,15.36,75.12,18.097264766693115,0.241,-1.04,5.678571428571429,0.5124724357571429
Hubballi-Dharwad,2011,3,15.36,75.12,0.7457748055458069,0.367,-0.8,4.645161290322581,1.117857366129032
Hubballi-Dharwad,2011,4,15.36,75.12,75.32942723482847,0.154,-0.62,5.866666666666666,0.9413861176666667
Hubballi-Dharwad,2011,5,15.36,75.12,74.85017275810242,-0.089,-0.46,6.129032258064516,1.5436429977419355
Hubballi-Dharwad,2011,6,15.36,75.12,188.54677864909172,0.055,-0.37,3.7333333333333334,0.6791252076666666
Hubballi-Dharwad,2011,7,15.36,75.12,174.48224401474,0.223,-0.43,3.7096774193548385,1.0109919648387098
Hubballi-Dharwad,2011,8,15.36,75.12,140.9164446145296,0.344,-0.58,2.774193548387097,1.011544473516129
Hubballi-Dharwad,2011,9,15.36,75.12,81.11263054609299,0.202,-0.79,3.7,0.9066917783333334
Hubballi-Dharwad,2011,10,15.36,75.12,198.38578069210052,0.356,-0.96,4.129032258064516,1.8293501125806453
Hubballi-Dharwad,2011,11,15.36,75.12,6.0051475167274475,0.336,-1.02,4.033333333333333,1.4278005003333334
Hubballi-Dharwad,2011,12,15.36,75.12,0.0,-0.128,-0.92,4.483870967741935,1.388414425483871
Hubballi-Dharwad,2012,1,15.36,75.12,0.0,0.046,-0.72,5.774193548387097,1.0838557522580645
Hubballi-Dharwad,2012,2,15.36,75.12,0.0,-0.078,-0.57,4.068965517241379,1.9624444827586207
Hubballi-Dharwad,2012,3,15.36,75.12,0.0,0.026,-0.46,5.161290322580645,2.275805190322581
Hubballi-Dharwad,2012,4,15.36,75.12,6.662953943014145,-0.271,-0.36,4.733333333333333,1.392764723
Hubballi-Dharwad,2012,5,15.36,75.12,0.6131571531295776,-0.37,-0.17,5.838709677419355,0.508314344516129
Hubballi-Dharwad,2012,6,15.36,75.12,936.9250874519348,0.0,0.06,3.933333333333333,1.5851710730000002
Hubballi-Dharwad,2012,7,15.36,75.12,108.17701664566994,0.546,0.3,3.2580645161290325,1.0006735025806452
Hubballi-Dharwad,2012,8,15.36,75.12,92.6719164699316,0.652,0.41,3.3548387096774195,1.4237936377419356
Hubballi-Dharwad,2012,9,15.36,75.12,84.55918627232313,0.453,0.41,4.366666666666666,1.1895103533333333
Hubballi-Dharwad,2012,10,15.36,75.12,92.19488050043583,0.11,0.31,3.064516129032258,1.05932045
Hubballi-Dharwad,2012,11,15.36,75.12,54.21051502227783,-0.099,0.13,4.6,0.7542804866666667
Hubballi-Dharwad,2012,12,15.36,75.12,16.002887725830078,0.267,-0.1,2.4516129032258065,0.8817284803225806
Hubballi-Dharwad,2013,1,15.36,75.12,0.28089386224746704,-0.065,-0.29,6.064516129032258,1.989185853870968
Hubballi-Dharwad,2013,2,15.36,75.12,3.2785637378692627,0.189,-0.29,3.392857142857143,1.6343154739285715
Hubballi-Dharwad,2013,3,15.36,75.12,1.6714169383049011,0.083,-0.21,5.225806451612903,1.208878878064516
Hubballi-Dharwad,2013,4,15.36,75.12,10.107579052448273,-0.297,-0.19,5.133333333333334,0.9100850366666666
Hubballi-Dharwad,2013,5,15.36,75.12,92.30212324857712,-0.506,-0.27,3.935483870967742,1.196817595483871
Hubballi-Dharwad,2013,6,15.36,75.12,78.10623490810394,-0.497,-0.34,4.366666666666666,1.2253081406666666
Hubballi-Dharwad,2013,7,15.36,75.12,144.2509047985077,-0.181,-0.35,3.5806451612903225,0.8870305335483871
Hubballi-Dharwad,2013,8,15.36,75.12,74.61825817078352,-0.194,-0.28,5.806451612903226,0.912353013548387
Hubballi-Dharwad,2013,9,15.36,75.12,163.225352704525,-0.31,-0.21,3.7666666666666666,1.5937026506666667
Hubballi-Dharwad,2013,10,15.36,75.12,41.48218038678169,-0.168,-0.13,5.161290322580645,0.8202488128741936
Hubballi-Dharwad,2013,11,15.36,75.12,2.474186986684799,0.199,-0.1,3.2,0.6853039573333334
Hubballi-Dharwad,2013,12,15.36,75.12,0.0,0.141,-0.15,3.870967741935484,1.0410569158064515
Hubballi-Dharwad,2014,1,15.36,75.12,0.0,-0.101,-0.28,5.741935483870968,1.1766352048387096
Hubballi-Dharwad,2014,2,15.36,75.12,0.0,-0.089,-0.32,5.857142857142857,1.4348881625
Hubballi-Dharwad,2014,3,15.36,75.12,6.418331563472748,-0.151,-0.14,3.6129032258064515,1.5816916796774194
Hubballi-Dharwad,2014,4,15.36,75.12,52.0907766520977,-0.058,0.15,5.533333333333333,1.3192271676666667
Hubballi-Dharwad,2014,5,15.36,75.12,162.17963767051697,-0.092,0.31,2.3225806451612905,1.4339224977419354
Hubballi-Dharwad,2014,6,15.36,75.12,40.59622177481651,-0.028,0.23,4.433333333333334,1.108679051
Hubballi-Dharwad,2014,7,15.36,75.12,165.1009023487568,-0.363,0.1,5.806451612903226,1.1528067432258065
Hubballi-Dharwad,2014,8,15.36,75.12,174.12144845724106,-0.372,0.11,1.7096774193548387,1.2150309538709676
Hubballi-Dharwad,2014,9,15.36,75.12,126.01864246279001,-0.145,0.28,4.333333333333333,0.649377995
Hubballi-Dharwad,2014,10,15.36,75.12,75.8727135360241,0.141,0.54,3.7096774193548385,0.9880874900000001
Hubballi-Dharwad,2014,11,15.36,75.12,39.69360250234604,0.009,0.71,2.933333333333333,1.4682012086666667
Hubballi-Dharwad,2014,12,15.36,75.12,20.78474897146225,0.046,0.77,4.741935483870968,1.3856411206451613
Hubballi-Dharwad,2015,1,15.36,75.12,0.0,-0.1,0.69,6.193548387096774,1.595519382903226
Hubballi-Dharwad,2015,2,15.36,75.12,0.0,-0.345,0.61,6.464285714285714,0.8730502682142857
Hubballi-Dharwad,2015,3,15.36,75.12,38.164599515497684,-0.241,0.65,5.161290322580645,2.5235438870967744
Hubballi-Dharwad,2015,4,15.36,75.12,23.025543689727783,-0.008,0.81,3.466666666666667,0.9544394936666667
Hubballi-Dharwad,2015,5,15.36,75.12,57.108782418072224,0.24,1.02,5.096774193548387,0.7510026245161291
Hubballi-Dharwad,2015,6,15.36,75.12,116.75862294435501,0.296,1.25,3.433333333333333,1.9929203833333333
Hubballi-Dharwad,2015,7,15.36,75.12,29.063705921173096,0.225,1.57,4.451612903225806,1.837990334516129
Hubballi-Dharwad,2015,8,15.36,75.12,51.96959340572357,0.568,1.91,5.870967741935484,0.8428048241935484
Hubballi-Dharwad,2015,9,15.36,75.12,71.86822327971458,0.294,2.21,4.7,0.62977513528
Hubballi-Dharwad,2015,10,15.36,75.12,67.72062337398529,0.482,2.47,4.935483870967742,1.5348366948387098
Hubballi-Dharwad,2015,11,15.36,75.12,7.390059053897858,0.347,2.64,2.6666666666666665,1.8664467500000002
Hubballi-Dharwad,2015,12,15.36,75.12,0.8522860407829285,0.272,2.75,4.419354838709677,1.905701525483871
Hubballi-Dharwad,2016,1,15.36,75.12,0.4666363298892975,0.265,2.63,4.548387096774194,1.397440465735484
Hubballi-Dharwad,2016,2,15.36,75.12,0.0,-0.11,2.28,5.586206896551724,2.0595920172413793
Hubballi-Dharwad,2016,3,15.36,75.12,4.151262104511261,-0.008,1.71,5.387096774193548,1.2421979758064514
Hubballi-Dharwad,2016,4,15.36,75.12,22.778531849384308,0.146,1.05,3.433333333333333,0.6606036036666667
Hubballi-Dharwad,2016,5,15.36,75.12,38.59089323878288,-0.113,0.49,2.935483870967742,1.3503781812903226
Hubballi-Dharwad,2016,6,15.36,75.12,116.62668743729591,-0.443,0.0,4.166666666666667,1.5598082686666668
Hubballi-Dharwad,2016,7,15.36,75.12,113.08849833905697,-0.757,-0.31,3.129032258064516,1.0086871877419354
Hubballi-Dharwad,2016,8,15.36,75.12,76.09133493900299,-0.443,-0.5,5.709677419354839,1.3634238690322582
Hubballi-Dharwad,2016,9,15.36,75.12,34.383666664361954,-0.437,-0.58,4.233333333333333,0.9987363606666667
Hubballi-Dharwad,2016,10,15.36,75.12,19.02263379096985,-0.371,-0.64,5.645161290322581,0.6798959190322581
Hubballi-Dharwad,2016,11,15.36,75.12,3.46417036652565,-0.382,-0.6,4.366666666666666,1.4056047909999998
Hubballi-Dharwad,2016,12,15.36,75.12,0.0,-0.31,-0.45,4.451612903225806,0.6025583080645162
Hubballi-Dharwad,2017,1,15.36,75.12,0.0,-0.086,-0.19,3.7096774193548385,1.2075865980645162
Hubballi-Dharwad,2017,2,15.36,75.12,0.0,0.101,-0.02,4.607142857142857,2.432161792857143
Hubballi-Dharwad,2017,3,15.36,75.12,4.518402516841888,0.357,0.18,3.6774193548387095,0.7525501162903225
Hubballi-Dharwad,2017,4,15.36,75.12,9.52634072303772,0.498,0.31,6.7,0.7843319514433333
Hubballi-Dharwad,2017,5,15.36,75.12,68.8893404752016,0.536,0.4,4.193548387096774,1.3503042366709677
Hubballi-Dharwad,2017,6,15.36,75.12,52.38054798543453,0.424,0.39,2.433333333333333,1.010765505
Hubballi-Dharwad,2017,7,15.36,75.12,86.84641475975513,0.52,0.19,3.6774193548387095,1.0194311058064516
Hubballi-Dharwad,2017,8,15.36,75.12,49.459614992141724,0.349,-0.07,4.193548387096774,0.560064344016129
Hubballi-Dharwad,2017,9,15.36,75.12,166.60488069057465,0.035,-0.34,4.233333333333333,0.5864452456666667
Hubballi-Dharwad,2017,10,15.36,75.12,103.03428326547146,0.015,-0.6,5.354838709677419,2.0237151622580645
Hubballi-Dharwad,2017,11,15.36,75.12,4.808858275413513,0.289,-0.77,4.166666666666667,0.8390316453333334
Hubballi-Dharwad,2017,12,15.36,75.12,0.0,0.11,-0.86,5.258064516129032,1.455329965483871
Hubballi-Dharwad,2018,1,15.36,75.12,0.0,-0.2,-0.77,3.5806451612903225,2.2438225967741934
Hubballi-Dharwad,2018,2,15.36,75.12,0.2263399362564087,0.216,-0.71,5.5,2.449217742857143
Hubballi-Dharwad,2018,3,15.36,75.12,35.39589059352875,-0.12,-0.57,4.161290322580645,1.1359975419354837
Hubballi-Dharwad,2018,4,15.36,75.12,23.181988060474396,-0.083,-0.39,4.433333333333334,1.4919827436666668
Hubballi-Dharwad,2018,5,15.36,75.12,182.66400302946568,0.122,-0.13,3.096774193548387,1.7735262777419354
Hubballi-Dharwad,2018,6,15.36,75.12,99.4372480660677,0.155,0.06,3.433333333333333,1.099695321
Hubballi-Dharwad,2018,7,15.36,75.12,82.35618951916695,0.053,0.14,4.967741935483871,1.4670566325806451
Hubballi-Dharwad,2018,8,15.36,75.12,82.7643748819828,0.121,0.27,5.419354838709677,1.1604823280645162
Hubballi-Dharwad,2018,9,15.36,75.12,54.27628857642412,0.604,0.53,6.6,1.0746740603333333
Hubballi-Dharwad,2018,10,15.36,75.12,44.64118684083223,0.684,0.81,4.129032258064516,1.372201460967742
Hubballi-Dharwad,2018,11,15.36,75.12,21.572431802749634,0.5,0.97,4.666666666666667,1.3713922473333333
Hubballi-Dharwad,2018,12,15.36,75.12,2.42034050822258,0.309,0.92,3.838709677419355,2.266200470967742
Hubballi-Dharwad,2019,1,15.36,75.12,0.0,0.387,0.89,5.709677419354839,1.75703085
Hubballi-Dharwad,2019,2,15.36,75.12,0.0,0.416,0.86,6.142857142857143,1.7487797142857142
Hubballi-Dharwad,2019,3,15.36,75.12,18.118123292922974,0.225,0.84,4.064516129032258,1.1146516216129032
Hubballi-Dharwad,2019,4,15.36,75.12,77.5723512172699,0.258,0.77,3.7333333333333334,1.0698441273333332
Hubballi-Dharwad,2019,5,15.36,75.12,33.057321071624756,0.54,0.64,6.096774193548387,1.854505129032258
Hubballi-Dharwad,2019,6,15.36,75.12,97.27994488924742,0.605,0.52,4.566666666666666,1.3048570076666666
Hubballi-Dharwad,2019,7,15.36,75.12,189.7026381343603,0.597,0.33,2.3548387096774195,0.8737279109677419
Hubballi-Dharwad,2019,8,15.36,75.12,339.1445891857147,0.436,0.19,4.129032258064516,0.9542141777419355
Hubballi-Dharwad,2019,9,15.36,75.12,99.67264035344124,0.892,0.23,4.5,1.6799940163333333
Hubballi-Dharwad,2019,10,15.36,75.12,290.31673934310675,0.964,0.39,2.6774193548387095,1.5321089774193548
Hubballi-Dharwad,2019,11,15.36,75.12,29.88544687628746,0.835,0.58,4.7,1.5540973666666666
Hubballi-Dharwad,2019,12,15.36,75.12,5.299528241157532,0.243,0.66,3.7096774193548385,0.9795201067741935
Hubballi-Dharwad,2020,1,15.36,75.12,0.0,0.173,0.64,5.516129032258065,2.0013102467741937
Hubballi-Dharwad,2020,2,15.36,75.12,0.0,0.054,0.63,5.551724137931035,1.19141821
Hubballi-Dharwad,2020,3,15.36,75.12,10.11914438009262,0.019,0.53,3.7419354838709675,1.516898370967742
Hubballi-Dharwad,2020,4,15.36,75.12,40.88829153776169,-0.011,0.3,3.6666666666666665,1.6374265986666667
Hubballi-Dharwad,2020,5,15.36,75.12,105.91429567337036,0.298,0.01,4.451612903225806,1.1646890893548387
Hubballi-Dharwad,2020,6,15.36,75.12,129.4149025976658,0.455,-0.23,1.6,1.3547168013333333
Hubballi-Dharwad,2020,7,15.36,75.12,162.31989441812038,0.319,-0.36,2.0,1.5012130690322583
Hubballi-Dharwad,2020,8,15.36,75.12,239.90191669762135,-0.183,-0.53,4.516129032258065,1.5708076487096774
Hubballi-Dharwad,2020,9,15.36,75.12,159.20864709466696,-0.189,-0.85,4.166666666666667,1.1078213236666665
Hubballi-Dharwad,2020,10,15.36,75.12,78.68561065196991,0.074,-1.12,5.032258064516129,1.8443815480645163
Hubballi-Dharwad,2020,11,15.36,75.12,0.3474990129470825,0.02,-1.2,4.533333333333333,1.0659901883333334
Hubballi-Dharwad,2020,12,15.36,75.12,0.0,0.031,-1.08,4.709677419354839,0.8462182629741936
Hubballi-Dharwad,2021,1,15.36,75.12,19.091355115175247,0.051,-0.91,4.483870967741935,1.3812992767741936
Hubballi-Dharwad,2021,2,15.36,75.12,15.692936897277832,0.243,-0.79,6.357142857142857,1.7109776275000002
Hubballi-Dharwad,2021,3,15.36,75.12,2.9229250997304916,0.267,-0.71,4.032258064516129,1.1486161170967741
Hubballi-Dharwad,2021,4,15.36,75.12,114.81781895458698,0.25,-0.55,6.7,2.1312086966666666
Hubballi-Dharwad,2021,5,15.36,75.12,154.67261135578156,0.009,-0.39,3.6451612903225805,1.6188268058064517
Hubballi-Dharwad,2021,6,15.36,75.12,235.63148534297943,-0.002,-0.3,3.033333333333333,1.2543668813333333
Hubballi-Dharwad,2021,7,15.36,75.12,228.45114094018936,-0.229,-0.35,4.193548387096774,1.2697446645161292
Hubballi-Dharwad,2021,8,15.36,75.12,65.45139446854591,-0.099,-0.45,3.0,1.3328496390322582
Hubballi-Dharwad,2021,9,15.36,75.12,57.42262005805969,-0.058,-0.63,3.4,1.16716908
Hubballi-Dharwad,2021,10,15.36,75.12,84.23626264929771,-0.091,-0.76,3.5161290322580645,1.1958632022580646
Hubballi-Dharwad,2021,11,15.36,75.12,105.19809477031231,0.069,-0.91,3.7333333333333334,1.0642061103333333
Hubballi-Dharwad,2021,12,15.36,75.12,41.12058573961258,-0.12,-0.87,6.451612903225806,2.068191648387097
Hubballi-Dharwad,2022,1,15.36,75.12,0.0,-0.056,-0.82,6.838709677419355,1.1541269361290323
Hubballi-Dharwad,2022,2,15.36,75.12,0.0,-0.082,-0.79,3.142857142857143,1.2939472457142858
Hubballi-Dharwad,2022,3,15.36,75.12,11.339881598949432,-0.093,-0.86,3.064516129032258,1.0719917463806452
Hubballi-Dharwad,2022,4,15.36,75.12,115.31218409538269,-0.068,-0.95,3.5,0.6809799073333332
Hubballi-Dharwad,2022,5,15.36,75.12,169.96283243596554,-0.122,-0.9,4.67741935483871,1.2369349422580647
Hubballi-Dharwad,2022,6,15.36,75.12,70.7199042737484,-0.335,-0.78,2.7333333333333334,1.7460144566666667
Hubballi-Dharwad,2022,7,15.36,75.12,192.51477667689323,-0.195,-0.76,3.096774193548387,0.9906527754838709
Hubballi-Dharwad,2022,8,15.36,75.12,177.00588151812553,-0.246,-0.87,3.3870967741935485,0.9623516609677419
Hubballi-Dharwad,2022,9,15.36,75.12,185.56848919391632,-0.322,-0.97,4.566666666666666,0.45954351401
Hubballi-Dharwad,2022,10,15.36,75.12,177.86236268281937,-0.691,-0.94,5.387096774193548,1.5040083503225805
Hubballi-Dharwad,2022,11,15.36,75.12,9.601948499679565,-0.269,-0.85,5.966666666666667,1.2876559716666667
Hubballi-Dharwad,2022,12,15.36,75.12,7.054281547665596,-0.091,-0.71,4.161290322580645,1.0273198254935483
Hubballi-Dharwad,2023,1,15.36,75.12,0.0,0.11,-0.54,5.32258064516129,1.3139867793548388
Hubballi-Dharwad,2023,2,15.36,75.12,0.0,0.157,-0.29,5.571428571428571,1.642928577857143
Hubballi-Dharwad,2023,3,15.36,75.12,3.3225977420806885,0.414,-0.02,4.548387096774194,2.51316421
Hubballi-Dharwad,2023,4,15.36,75.12,40.14538216590881,0.56,0.27,5.133333333333334,1.690960304
Hubballi-Dharwad,2023,5,15.36,75.12,95.86234545335174,0.443,0.57,6.064516129032258,1.6563232422580645
Hubballi-Dharwad,2023,6,15.36,75.12,33.447743974626064,0.665,0.84,3.066666666666667,1.1452140906
Hubballi-Dharwad,2023,7,15.36,75.12,297.922922745347,0.498,1.12,4.225806451612903,0.7976125261290323
Hubballi-Dharwad,2023,8,15.36,75.12,15.393924221396446,0.826,1.37,6.32258064516129,0.9138732870967742
Hubballi-Dharwad,2023,9,15.36,75.12,105.33172378875315,0.946,1.6,3.533333333333333,0.8482362092433333
Hubballi-Dharwad,2023,10,15.36,75.12,15.245879605412483,0.804,1.83,4.419354838709677,1.3481443029032258
Hubballi-Dharwad,2023,11,15.36,75.12,45.54694927111268,0.92,1.99,3.3,1.3793660156666665
Hubballi-Dharwad,2023,12,15.36,75.12,0.2202596813440323,0.852,2.06,4.193548387096774,1.5088745183870966
Raichur,2000,1,16.2,77.35,0.0,-0.125,-1.66,3.7096774193548385,0.6000893251612903
Raichur,2000,2,16.2,77.35,27.19829225540161,-0.009,-1.41,3.793103448275862,1.1428570703448275
Raichur,2000,3,16.2,77.35,0.0,0.141,-1.07,3.3870967741935485,0.9157557180645162
Raichur,2000,4,16.2,77.35,4.299820899963379,0.141,-0.81,4.533333333333333,0.9053602656666667
Raichur,2000,5,16.2,77.35,38.45431587100029,0.113,-0.71,5.483870967741935,0.9960924206451613
Raichur,2000,6,16.2,77.35,203.66275422275066,-0.022,-0.64,4.1,0.7017651786833333
Raichur,2000,7,16.2,77.35,116.63887923955917,0.077,-0.55,5.548387096774194,1.5948303687096774
Raichur,2000,8,16.2,77.35,201.93291887640953,0.131,-0.51,3.838709677419355,1.62711539
Raichur,2000,9,16.2,77.35,108.58515250682831,-0.096,-0.55,4.1,1.278711512
Raichur,2000,10,16.2,77.35,63.671693839132786,-0.142,-0.63,4.806451612903226,1.5696261258064517
Raichur,2000,11,16.2,77.35,3.300635278224945,-0.306,-0.75,4.266666666666667,1.6378827666666667
Raichur,2000,12,16.2,77.35,0.0,-0.248,-0.74,4.806451612903226,1.1626311996774195
Raichur,2001,1,16.2,77.35,0.0,-0.431,-0.68,2.5483870967741935,1.8043092477419354
Raichur,2001,2,16.2,77.35,0.0,-0.016,-0.52,5.25,2.3275103500000003
Raichur,2001,3,16.2,77.35,0.0,-0.01,-0.44,5.258064516129032,0.6080977735483871
Raichur,2001,4,16.2,77.35,30.960175663232803,0.136,-0.34,4.533333333333333,0.6858787033333333
Raichur,2001,5,16.2,77.35,31.7053319811821,0.137,-0.25,5.451612903225806,1.5366611332258064
Raichur,2001,6,16.2,77.35,28.119186103343964,0.127,-0.12,4.033333333333333,0.8460881063833334
Raichur,2001,7,16.2,77.35,28.00835707783699,-0.14,-0.08,4.258064516129032,1.4921871870967742
Raichur,2001,8,16.2,77.35,79.64610804617405,-0.301,-0.13,5.419354838709677,1.397106648064516
Raichur,2001,9,16.2,77.35,293.48211961984634,-0.223,-0.19,3.0,1.2181324733333334
Raichur,2001,10,16.2,77.35,130.6353992819786,-0.451,-0.29,5.387096774193548,1.3723289300000001
Raichur,2001,11,16.2,77.35,0.0,-0.245,-0.35,4.4,0.9614376696666667
Raichur,2001,12,16.2,77.35,0.0,-0.051,-0.31,6.580645161290323,1.7203842838709678
Raichur,2002,1,16.2,77.35,0.0,-0.142,-0.15,4.258064516129032,1.6998524758064517
Raichur,2002,2,16.2,77.35,0.0,-0.098,0.03,5.714285714285714,1.0814431442857144
Raichur,2002,3,16.2,77.35,0.0,0.008,0.09,3.5483870967741935,1.3025143731387099
Raichur,2002,4,16.2,77.35,11.39319284260273,-0.352,0.2,2.533333333333333,0.8904978936033333
Raichur,2002,5,16.2,77.35,33.27755415439606,-0.329,0.43,5.903225806451613,2.409133551612903
Raichur,2002,6,16.2,77.35,42.867115162312984,-0.189,0.65,3.566666666666667,1.8803833166666666
Raichur,2002,7,16.2,77.35,63.48746472597122,-0.261,0.79,6.387096774193548,1.7221574980645162
Raichur,2002,8,16.2,77.35,90.81571513414383,-0.208,0.86,5.67741935483871,1.4202360319354839
Raichur,2002,9,16.2,77.35,63.06545636057854,0.286,1.01,4.433333333333334,0.7018471730000001
Raichur,2002,10,16.2,77.35,67.71837624907494,0.405,1.21,4.129032258064516,0.8933860990322581
Raichur,2002,11,16.2,77.35,3.158559560775757,0.096,1.31,3.566666666666667,2.25046865
Raichur,2002,12,16.2,77.35,0.0,-0.158,1.14,3.7096774193548385,1.8575260422580646
Raichur,2003,1,16.2,77.35,0.0,-0.239,0.92,5.354838709677419,0.8134987815870968
Raichur,2003,2,16.2,77.35,2.4914870262145996,0.017,0.63,4.178571428571429,0.7148255028571429
Raichur,2003,3,16.2,77.35,11.733162954449654,-0.039,0.38,3.903225806451613,1.4626752464516128
Raichur,2003,4,16.2,77.35,2.05781352519989,-0.099,-0.04,3.8666666666666667,1.1874197433333333
Raichur,2003,5,16.2,77.35,0.0,-0.164,-0.26,5.258064516129032,2.245336555483871
Raichur,2003,6,16.2,77.35,92.38364136219025,0.139,-0.16,3.2666666666666666,1.65106069
Raichur,2003,7,16.2,77.35,136.3687977194786,0.131,0.08,3.6129032258064515,0.9928557990322581
Raichur,2003,8,16.2,77.35,183.69117356836796,0.108,0.21,3.870967741935484,0.6039936987096773
Raichur,2003,9,16.2,77.35,62.79598066210747,-0.06,0.26,4.266666666666667,0.7902776976666667
Raichur,2003,10,16.2,77.35,35.880344316363335,-0.243,0.29,5.419354838709677,1.2216482238709676
Raichur,2003,11,16.2,77.35,2.7744626998901367,-0.159,0.35,4.3,0.49874167021000004
Raichur,2003,12,16.2,77.35,0.0,0.189,0.35,4.258064516129032,1.8000867477419356
Raichur,2004,1,16.2,77.35,1.611788809299469,0.044,0.37,4.709677419354839,2.246038609677419
Raichur,2004,2,16.2,77.35,0.0,0.114,0.31,5.517241379310345,1.4791189124137931
Raichur,2004,3,16.2,77.35,29.59881019592285,0.077,0.23,5.064516129032258,2.1767354612903227
Raichur,2004,4,16.2,77.35,48.23342227935791,-0.079,0.17,3.6,1.2874256193333333
Raichur,2004,5,16.2,77.35,76.05126328766346,-0.565,0.17,3.838709677419355,1.4382904767741935
Raichur,2004,6,16.2,77.35,48.800761461257935,-0.384,0.28,4.533333333333333,1.0188708323333333
Raichur,2004,7,16.2,77.35,110.60262487828732,-0.301,0.47,2.6129032258064515,1.6112249593548387
Raichur,2004,8,16.2,77.35,6.521533310413361,-0.133,0.64,6.612903225806452,1.2484562670967743
Raichur,2004,9,16.2,77.35,179.44907867908478,-0.106,0.7,2.1,1.4384542359999999
Raichur,2004,10,16.2,77.35,50.64837372303009,-0.004,0.67,4.32258064516129,1.54811694
Raichur,2004,11,16.2,77.35,2.164090573787689,-0.153,0.66,3.8666666666666667,0.558687573
Raichur,2004,12,16.2,77.35,0.0,-0.132,0.69,4.354838709677419,0.7194164974193549
Raichur,2005,1,16.2,77.35,0.5344603806734085,-0.124,0.64,5.67741935483871,1.203385613832258
Raichur,2005,2,16.2,77.35,3.7020626068115234,-0.56,0.58,6.821428571428571,1.5145378439285715
Raichur,2005,3,16.2,77.35,0.14232346415519714,-0.433,0.45,4.290322580645161,1.7757296806451612
Raichur,2005,4,16.2,77.35,45.2831689119339,0.084,0.43,4.966666666666667,2.6446991
Raichur,2005,5,16.2,77.35,33.00670549273491,-0.033,0.29,4.548387096774194,1.8156324893548388
Raichur,2005,6,16.2,77.35,34.57218936085701,-0.176,0.11,2.966666666666667,0.7345759723333334
Raichur,2005,7,16.2,77.35,225.2278254777193,-0.384,-0.06,2.6451612903225805,1.0290815029032259
Raichur,2005,8,16.2,77.35,116.92943587899208,-0.345,-0.14,3.6129032258064515,0.939736100967742
Raichur,2005,9,16.2,77.35,145.90822120010853,-0.534,-0.11,5.8,1.522602815
Raichur,2005,10,16.2,77.35,141.72419304400682,-0.436,-0.29,3.5483870967741935,1.0373357177419353
Raichur,2005,11,16.2,77.35,0.0,-0.272,-0.57,5.7,1.0062126816666666
Raichur,2005,12,16.2,77.35,0.0,-0.3,-0.84,3.7419354838709675,0.6440208229032258
Raichur,2006,1,16.2,77.35,0.0,-0.135,-0.85,4.258064516129032,1.7294375064516128
Raichur,2006,2,16.2,77.35,0.0,-0.306,-0.77,5.428571428571429,1.6995880442857143
Raichur,2006,3,16.2,77.35,40.433790028095245,-0.226,-0.57,4.419354838709677,0.8061425020580646
Raichur,2006,4,16.2,77.35,4.312438726425171,-0.015,-0.37,4.833333333333333,0.9840533986666666
Raichur,2006,5,16.2,77.35,42.549531772732735,-0.208,-0.14,5.161290322580645,1.1181375867741936
Raichur,2006,6,16.2,77.35,61.60155873000622,-0.059,-0.03,2.433333333333333,1.1171617263333333
Raichur,2006,7,16.2,77.35,41.29018220305443,0.04,0.1,6.096774193548387,1.0984740158064517
Raichur,2006,8,16.2,77.35,5.574206292629242,0.229,0.3,3.838709677419355,0.9450053216129032
Raichur,2006,9,16.2,77.35,157.9920973032713,0.428,0.54,2.9,1.5086187580000001
Raichur,2006,10,16.2,77.35,9.89809139072895,0.577,0.77,4.645161290322581,1.7489779667580645
Raichur,2006,11,16.2,77.35,19.432054981589317,0.501,0.94,3.6333333333333333,1.1893461453333332
Raichur,2006,12,16.2,77.35,0.0,0.172,0.94,3.2903225806451615,1.4631380310096773
Raichur,2007,1,16.2,77.35,0.0,0.225,0.66,5.935483870967742,1.2701261521580645
Raichur,2007,2,16.2,77.35,0.0,0.15,0.22,4.357142857142857,1.1186876339285714
Raichur,2007,3,16.2,77.35,0.0,0.115,-0.12,5.645161290322581,1.321150566451613
Raichur,2007,4,16.2,77.35,64.43667683005333,0.1,-0.32,5.133333333333334,0.8067391546666667
Raichur,2007,5,16.2,77.35,74.4113540649414,0.27,-0.38,4.741935483870968,1.2340057027322582
Raichur,2007,6,16.2,77.35,262.00808599591255,0.031,-0.47,3.1333333333333333,1.3529915246666666
Raichur,2007,7,16.2,77.35,77.29807275533676,0.045,-0.56,4.193548387096774,1.3795319935483872
Raichur,2007,8,16.2,77.35,79.6083538159728,0.237,-0.81,2.5483870967741935,0.8762567774193548
Raichur,2007,9,16.2,77.35,158.74660746753216,0.235,-1.07,4.533333333333333,1.1761283893333332
Raichur,2007,10,16.2,77.35,85.81302881240845,0.068,-1.34,5.419354838709677,1.2009301141935484
Raichur,2007,11,16.2,77.35,2.099665641784668,-0.023,-1.5,5.533333333333333,1.588934237
Raichur,2007,12,16.2,77.35,0.0,-0.227,-1.6,3.4838709677419355,2.0751771258064515
Raichur,2008,1,16.2,77.35,0.0,0.115,-1.64,5.193548387096774,1.8184795248387096
Raichur,2008,2,16.2,77.35,5.74145682156086,-0.072,-1.52,3.586206896551724,1.2379733358620688
Raichur,2008,3,16.2,77.35,133.7781866788864,0.097,-1.29,2.870967741935484,1.8412203261290323
Raichur,2008,4,16.2,77.35,1.6743850708007812,-0.153,-1.01,4.966666666666667,0.8616907713333333
Raichur,2008,5,16.2,77.35,30.14645528793335,0.179,-0.84,4.967741935483871,1.7237106374193547
Raichur,2008,6,16.2,77.35,25.7834844738245,0.215,-0.61,4.666666666666667,0.953116955
Raichur,2008,7,16.2,77.35,47.8357729613781,0.246,-0.37,2.3870967741935485,1.2312710548387096
Raichur,2008,8,16.2,77.35,108.23489335179329,0.124,-0.23,2.3548387096774195,1.211697393548387
Raichur,2008,9,16.2,77.35,92.73020733892918,0.086,-0.24,4.833333333333333,1.4465834003333333
Raichur,2008,10,16.2,77.35,78.60264091938734,0.029,-0.35,3.3225806451612905,1.3736839277419355
Raichur,2008,11,16.2,77.35,21.10714215040207,-0.128,-0.55,5.033333333333333,1.2276514546666666
Raichur,2008,12,16.2,77.35,0.0,-0.053,-0.73,5.870967741935484,0.8991352851612903
Raichur,2009,1,16.2,77.35,0.0,0.031,-0.85,5.258064516129032,1.3644628538709678
Raichur,2009,2,16.2,77.35,0.0,0.163,-0.79,5.178571428571429,0.9907292532142857
Raichur,2009,3,16.2,77.35,0.0,0.1,-0.61,6.096774193548387,1.1326078929032257
Raichur,2009,4,16.2,77.35,0.0,0.126,-0.33,3.9,2.2441025066666667
Raichur,2009,5,16.2,77.35,8.99484258890152,0.257,0.01,7.225806451612903,1.0808286461290324
Raichur,2009,6,16.2,77.35,121.70742300152779,0.1,0.28,5.866666666666666,1.4584701413333332
Raichur,2009,7,16.2,77.35,1.4506781101226807,-0.192,0.45,3.838709677419355,0.6150665787096774
Raichur,2009,8,16.2,77.35,66.94613862037659,-0.104,0.58,2.935483870967742,1.12875141
Raichur,2009,9,16.2,77.35,173.09297809004784,-0.103,0.71,4.033333333333333,1.6812911126666668
Raichur,2009,10,16.2,77.35,339.8314094990492,-0.013,1.01,5.225806451612903,0.9675306593548387
Raichur,2009,11,16.2,77.35,8.712127044796944,-0.067,1.36,3.7666666666666666,1.78102768
Raichur,2009,12,16.2,77.35,0.22905443608760834,0.16,1.56,5.096774193548387,1.2578152232258064
Raichur,2010,1,16.2,77.35,17.438452899456024,0.294,1.5,4.967741935483871,1.289910690967742
Raichur,2010,2,16.2,77.35,0.0,0.023,1.22,7.107142857142857,1.3009368542857143
Raichur,2010,3,16.2,77.35,0.0,0.458,0.84,2.4516129032258065,1.229541595483871
Raichur,2010,4,16.2,77.35,3.38398939371109,0.37,0.35,4.3,0.970552031
Raichur,2010,5,16.2,77.35,43.644534915685654,-0.029,-0.17,4.032258064516129,1.3091519658064517
Raichur,2010,6,16.2,77.35,119.52946186065674,-0.14,-0.66,1.7666666666666666,1.285590429
Raichur,2010,7,16.2,77.35,219.9145393371582,-0.001,-1.05,2.4193548387096775,1.663601914516129
Raichur,2010,8,16.2,77.35,221.27660070359707,-0.061,-1.35,2.967741935483871,0.747917844516129
Raichur,2010,9,16.2,77.35,117.83262333273888,-0.267,-1.56,2.2,0.8091414173333332
Raichur,2010,10,16.2,77.35,32.174158453941345,-0.437,-1.64,5.032258064516129,1.3724983983870966
Raichur,2010,11,16.2,77.35,26.90377986431122,-0.495,-1.64,4.433333333333334,0.7180750344066666
Raichur,2010,12,16.2,77.35,2.438347101211548,-0.212,-1.54,5.129032258064516,0.9818622567741935
Raichur,2011,1,16.2,77.35,0.0,0.191,-1.31,5.967741935483871,1.5956191370967743
Raichur,2011,2,16.2,77.35,0.0,0.241,-1.04,5.678571428571429,0.5124724357571429
Raichur,2011,3,16.2,77.35,0.0,0.367,-0.8,4.645161290322581,1.117857366129032
Raichur,2011,4,16.2,77.35,13.918088287115097,0.154,-0.62,5.866666666666666,0.9413861176666667
Raichur,2011,5,16.2,77.35,13.164151906967163,-0.089,-0.46,6.129032258064516,1.5436429977419355
Raichur,2011,6,16.2,77.35,121.76208604872227,0.055,-0.37,3.7333333333333334,0.6791252076666666
Raichur,2011,7,16.2,77.35,145.72090400755405,0.223,-0.43,3.7096774193548385,1.0109919648387098
Raichur,2011,8,16.2,77.35,108.93063025176525,0.344,-0.58,2.774193548387097,1.011544473516129
Raichur,2011,9,16.2,77.35,22.122849702835083,0.202,-0.79,3.7,0.9066917783333334
Raichur,2011,10,16.2,77.35,36.23970648646355,0.356,-0.96,4.129032258064516,1.8293501125806453
Raichur,2011,11,16.2,77.35,0.0,0.336,-1.02,4.033333333333333,1.4278005003333334
Raichur,2011,12,16.2,77.35,0.0,-0.128,-0.92,4.483870967741935,1.388414425483871
Raichur,2012,1,16.2,77.35,0.0,0.046,-0.72,5.774193548387097,1.0838557522580645
Raichur,2012,2,16.2,77.35,0.0,-0.078,-0.57,4.068965517241379,1.9624444827586207
Raichur,2012,3,16.2,77.35,0.0,0.026,-0.46,5.161290322580645,2.275805190322581
Raichur,2012,4,16.2,77.35,59.05225296318531,-0.271,-0.36,4.733333333333333,1.392764723
Raichur,2012,5,16.2,77.35,6.616557717323303,-0.37,-0.17,5.838709677419355,0.508314344516129
Raichur,2012,6,16.2,77.35,47.41143083572388,0.0,0.06,3.933333333333333,1.5851710730000002
Raichur,2012,7,16.2,77.35,117.65103155374527,0.546,0.3,3.2580645161290325,1.0006735025806452
Raichur,2012,8,16.2,77.35,58.03893015533686,0.652,0.41,3.3548387096774195,1.4237936377419356
Raichur,2012,9,16.2,77.35,116.88865047693253,0.453,0.41,4.366666666666666,1.1895103533333333
Raichur,2012,10,16.2,77.35,42.78191889822483,0.11,0.31,3.064516129032258,1.05932045
Raichur,2012,11,16.2,77.35,35.237269163131714,-0.099,0.13,4.6,0.7542804866666667
Raichur,2012,12,16.2,77.35,0.0,0.267,-0.1,2.4516129032258065,0.8817284803225806
Raichur,2013,1,16.2,77.35,0.0,-0.065,-0.29,6.064516129032258,1.989185853870968
Raichur,2013,2,16.2,77.35,23.76569366455078,0.189,-0.29,3.392857142857143,1.6343154739285715
Raichur,2013,3,16.2,77.35,0.0,0.083,-0.21,5.225806451612903,1.208878878064516
Raichur,2013,4,16.2,77.35,9.668652892112732,-0.297,-0.19,5.133333333333334,0.9100850366666666
Raichur,2013,5,16.2,77.35,60.07150840759277,-0.506,-0.27,3.935483870967742,1.196817595483871
Raichur,2013,6,16.2,77.35,57.78503409028053,-0.497,-0.34,4.366666666666666,1.2253081406666666
Raichur,2013,7,16.2,77.35,118.60955869406462,-0.181,-0.35,3.5806451612903225,0.8870305335483871
Raichur,2013,8,16.2,77.35,87.85621030628681,-0.194,-0.28,5.806451612903226,0.912353013548387
Raichur,2013,9,16.2,77.35,299.8414611816406,-0.31,-0.21,3.7666666666666666,1.5937026506666667
Raichur,2013,10,16.2,77.35,83.27739178389311,-0.168,-0.13,5.161290322580645,0.8202488128741936
Raichur,2013,11,16.2,77.35,1.1489991545677185,0.199,-0.1,3.2,0.6853039573333334
Raichur,2013,12,16.2,77.35,0.0,0.141,-0.15,3.870967741935484,1.0410569158064515
Raichur,2014,1,16.2,77.35,0.0,-0.101,-0.28,5.741935483870968,1.1766352048387096
Raichur,2014,2,16.2,77.35,0.8835562467575073,-0.089,-0.32,5.857142857142857,1.4348881625
Raichur,2014,3,16.2,77.35,41.32506891340017,-0.151,-0.14,3.6129032258064515,1.5816916796774194
Raichur,2014,4,16.2,77.35,17.239661902189255,-0.058,0.15,5.533333333333333,1.3192271676666667
Raichur,2014,5,16.2,77.35,79.90847700834274,-0.092,0.31,2.3225806451612905,1.4339224977419354
Raichur,2014,6,16.2,77.35,45.528440207242966,-0.028,0.23,4.433333333333334,1.108679051
Raichur,2014,7,16.2,77.35,119.90627944469452,-0.363,0.1,5.806451612903226,1.1528067432258065
Raichur,2014,8,16.2,77.35,275.5562684684992,-0.372,0.11,1.7096774193548387,1.2150309538709676
Raichur,2014,9,16.2,77.35,84.71237432956696,-0.145,0.28,4.333333333333333,0.649377995
Raichur,2014,10,16.2,77.35,74.43317930400372,0.141,0.54,3.7096774193548385,0.9880874900000001
Raichur,2014,11,16.2,77.35,21.420126795768738,0.009,0.71,2.933333333333333,1.4682012086666667
Raichur,2014,12,16.2,77.35,0.7330516129732132,0.046,0.77,4.741935483870968,1.3856411206451613
Raichur,2015,1,16.2,77.35,7.715946197509766,-0.1,0.69,6.193548387096774,1.595519382903226
Raichur,2015,2,16.2,77.35,0.0,-0.345,0.61,6.464285714285714,0.8730502682142857
Raichur,2015,3,16.2,77.35,20.949715346097946,-0.241,0.65,5.161290322580645,2.5235438870967744
Raichur,2015,4,16.2,77.35,78.20653879642487,-0.008,0.81,3.466666666666667,0.9544394936666667
Raichur,2015,5,16.2,77.35,21.396453976631165,0.24,1.02,5.096774193548387,0.7510026245161291
Raichur,2015,6,16.2,77.35,44.66844630241394,0.296,1.25,3.433333333333333,1.9929203833333333
Raichur,2015,7,16.2,77.35,45.08317032456398,0.225,1.57,4.451612903225806,1.837990334516129
Raichur,2015,8,16.2,77.35,116.48661640286446,0.568,1.91,5.870967741935484,0.8428048241935484
Raichur,2015,9,16.2,77.35,229.00302135944366,0.294,2.21,4.7,0.62977513528
Raichur,2015,10,16.2,77.35,40.02076321840286,0.482,2.47,4.935483870967742,1.5348366948387098
Raichur,2015,11,16.2,77.35,2.2827791571617126,0.347,2.64,2.6666666666666665,1.8664467500000002
Raichur,2015,12,16.2,77.35,9.767978191375732,0.272,2.75,4.419354838709677,1.905701525483871
Raichur,2016,1,16.2,77.35,0.3990246653556824,0.265,2.63,4.548387096774194,1.397440465735484
Raichur,2016,2,16.2,77.35,0.0,-0.11,2.28,5.586206896551724,2.0595920172413793
Raichur,2016,3,16.2,77.35,0.0,-0.008,1.71,5.387096774193548,1.2421979758064514
Raichur,2016,4,16.2,77.35,9.232641220092773,0.146,1.05,3.433333333333333,0.6606036036666667
Raichur,2016,5,16.2,77.35,67.12386667728424,-0.113,0.49,2.935483870967742,1.3503781812903226
Raichur,2016,6,16.2,77.35,183.84803730249405,-0.443,0.0,4.166666666666667,1.5598082686666668
Raichur,2016,7,16.2,77.35,157.23837131261826,-0.757,-0.31,3.129032258064516,1.0086871877419354
Raichur,2016,8,16.2,77.35,54.79089742898941,-0.443,-0.5,5.709677419354839,1.3634238690322582
Raichur,2016,9,16.2,77.35,219.37658381462097,-0.437,-0.58,4.233333333333333,0.9987363606666667
Raichur,2016,10,16.2,77.35,17.202190041542053,-0.371,-0.64,5.645161290322581,0.6798959190322581
Raichur,2016,11,16.2,77.35,0.0,-0.382,-0.6,4.366666666666666,1.4056047909999998
Raichur,2016,12,16.2,77.35,0.3325205445289612,-0.31,-0.45,4.451612903225806,0.6025583080645162
Raichur,2017,1,16.2,77.35,0.0,-0.086,-0.19,3.7096774193548385,1.2075865980645162
Raichur,2017,2,16.2,77.35,0.0,0.101,-0.02,4.607142857142857,2.432161792857143
Raichur,2017,3,16.2,77.35,26.209171295166016,0.357,0.18,3.6774193548387095,0.7525501162903225
Raichur,2017,4,16.2,77.35,9.066354274749756,0.498,0.31,6.7,0.7843319514433333
Raichur,2017,5,16.2,77.35,8.30795419216156,0.536,0.4,4.193548387096774,1.3503042366709677
Raichur,2017,6,16.2,77.35,170.41320073604584,0.424,0.39,2.433333333333333,1.010765505
Raichur,2017,7,16.2,77.35,45.389429211616516,0.52,0.19,3.6774193548387095,1.0194311058064516
Raichur,2017,8,16.2,77.35,175.91847574710846,0.349,-0.07,4.193548387096774,0.560064344016129
Raichur,2017,9,16.2,77.35,198.10191988945007,0.035,-0.34,4.233333333333333,0.5864452456666667
Raichur,2017,10,16.2,77.35,172.6051233112812,0.015,-0.6,5.354838709677419,2.0237151622580645
Raichur,2017,11,16.2,77.35,0.2697150707244873,0.289,-0.77,4.166666666666667,0.8390316453333334
Raichur,2017,12,16.2,77.35,0.0,0.11,-0.86,5.258064516129032,1.455329965483871
Raichur,2018,1,16.2,77.35,0.0,-0.2,-0.77,3.5806451612903225,2.2438225967741934
Raichur,2018,2,16.2,77.35,0.0,0.216,-0.71,5.5,2.449217742857143
Raichur,2018,3,16.2,77.35,0.0,-0.12,-0.57,4.161290322580645,1.1359975419354837
Raichur,2018,4,16.2,77.35,5.492307782173157,-0.083,-0.39,4.433333333333334,1.4919827436666668
Raichur,2018,5,16.2,77.35,11.481826514005661,0.122,-0.13,3.096774193548387,1.7735262777419354
Raichur,2018,6,16.2,77.35,52.057142198085785,0.155,0.06,3.433333333333333,1.099695321
Raichur,2018,7,16.2,77.35,60.510556280612946,0.053,0.14,4.967741935483871,1.4670566325806451
Raichur,2018,8,16.2,77.35,63.69094789028168,0.121,0.27,5.419354838709677,1.1604823280645162
Raichur,2018,9,16.2,77.35,75.75140231847763,0.604,0.53,6.6,1.0746740603333333
Raichur,2018,10,16.2,77.35,24.547280475497246,0.684,0.81,4.129032258064516,1.372201460967742
Raichur,2018,11,16.2,77.35,1.3493859767913818,0.5,0.97,4.666666666666667,1.3713922473333333
Raichur,2018,12,16.2,77.35,0.0,0.309,0.92,3.838709677419355,2.266200470967742
Raichur,2019,1,16.2,77.35,9.272902011871338,0.387,0.89,5.709677419354839,1.75703085
Raichur,2019,2,16.2,77.35,0.0,0.416,0.86,6.142857142857143,1.7487797142857142
Raichur,2019,3,16.2,77.35,0.0,0.225,0.84,4.064516129032258,1.1146516216129032
Raichur,2019,4,16.2,77.35,1.2729394435882568,0.258,0.77,3.7333333333333334,1.0698441273333332
Raichur,2019,5,16.2,77.35,7.557000994682312,0.54,0.64,6.096774193548387,1.854505129032258
Raichur,2019,6,16.2,77.35,57.11364658176899,0.605,0.52,4.566666666666666,1.3048570076666666
Raichur,2019,7,16.2,77.35,97.9512674510479,0.597,0.33,2.3548387096774195,0.8737279109677419
Raichur,2019,8,16.2,77.35,67.43703484535217,0.436,0.19,4.129032258064516,0.9542141777419355
Raichur,2019,9,16.2,77.35,233.24362456798553,0.892,0.23,4.5,1.6799940163333333
Raichur,2019,10,16.2,77.35,120.84093399345875,0.964,0.39,2.6774193548387095,1.5321089774193548
Raichur,2019,11,16.2,77.35,2.3531646728515625,0.835,0.58,4.7,1.5540973666666666
Raichur,2019,12,16.2,77.35,0.5189753770828247,0.243,0.66,3.7096774193548385,0.9795201067741935
Raichur,2020,1,16.2,77.35,3.790736973285675,0.173,0.64,5.516129032258065,2.0013102467741937
Raichur,2020,2,16.2,77.35,0.0,0.054,0.63,5.551724137931035,1.19141821
Raichur,2020,3,16.2,77.35,1.734388142824173,0.019,0.53,3.7419354838709675,1.516898370967742
Raichur,2020,4,16.2,77.35,15.266358360648155,-0.011,0.3,3.6666666666666665,1.6374265986666667
Raichur,2020,5,16.2,77.35,63.82966886460781,0.298,0.01,4.451612903225806,1.1646890893548387
Raichur,2020,6,16.2,77.35,161.60870349407196,0.455,-0.23,1.6,1.3547168013333333
Raichur,2020,7,16.2,77.35,272.39066153764725,0.319,-0.36,2.0,1.5012130690322583
Raichur,2020,8,16.2,77.35,178.2747623026371,-0.183,-0.53,4.516129032258065,1.5708076487096774
Raichur,2020,9,16.2,77.35,326.30733731389046,-0.189,-0.85,4.166666666666667,1.1078213236666665
Raichur,2020,10,16.2,77.35,207.61374068260193,0.074,-1.12,5.032258064516129,1.8443815480645163
Raichur,2020,11,16.2,77.35,17.714313358068466,0.02,-1.2,4.533333333333333,1.0659901883333334
Raichur,2020,12,16.2,77.35,0.0,0.031,-1.08,4.709677419354839,0.8462182629741936
Raichur,2021,1,16.2,77.35,0.6274314820766449,0.051,-0.91,4.483870967741935,1.3812992767741936
Raichur,2021,2,16.2,77.35,0.3177834153175354,0.243,-0.79,6.357142857142857,1.7109776275000002
Raichur,2021,3,16.2,77.35,0.0,0.267,-0.71,4.032258064516129,1.1486161170967741
Raichur,2021,4,16.2,77.35,12.30231887102127,0.25,-0.55,6.7,2.1312086966666666
Raichur,2021,5,16.2,77.35,69.56157076358795,0.009,-0.39,3.6451612903225805,1.6188268058064517
Raichur,2021,6,16.2,77.35,118.33302074670792,-0.002,-0.3,3.033333333333333,1.2543668813333333
Raichur,2021,7,16.2,77.35,217.1666916012764,-0.229,-0.35,4.193548387096774,1.2697446645161292
Raichur,2021,8,16.2,77.35,121.74778324365616,-0.099,-0.45,3.0,1.3328496390322582
Raichur,2021,9,16.2,77.35,79.84416264295578,-0.058,-0.63,3.4,1.16716908
Raichur,2021,10,16.2,77.35,106.10619652271271,-0.091,-0.76,3.5161290322580645,1.1958632022580646
Raichur,2021,11,16.2,77.35,37.32525126636028,0.069,-0.91,3.7333333333333334,1.0642061103333333
Raichur,2021,12,16.2,77.35,0.0,-0.12,-0.87,6.451612903225806,2.068191648387097
Raichur,2022,1,16.2,77.35,3.795825719833374,-0.056,-0.82,6.838709677419355,1.1541269361290323
Raichur,2022,2,16.2,77.35,0.0,-0.082,-0.79,3.142857142857143,1.2939472457142858
Raichur,2022,3,16.2,77.35,1.6528998613357544,-0.093,-0.86,3.064516129032258,1.0719917463806452
Raichur,2022,4,16.2,77.35,8.16886730492115,-0.068,-0.95,3.5,0.6809799073333332
Raichur,2022,5,16.2,77.35,65.88264390826225,-0.122,-0.9,4.67741935483871,1.2369349422580647
Raichur,2022,6,16.2,77.35,42.5265526920557,-0.335,-0.78,2.7333333333333334,1.7460144566666667
Raichur,2022,7,16.2,77.35,211.83416451513767,-0.195,-0.76,3.096774193548387,0.9906527754838709
Raichur,2022,8,16.2,77.35,189.34133964776993,-0.246,-0.87,3.3870967741935485,0.9623516609677419
Raichur,2022,9,16.2,77.35,169.10483367741108,-0.322,-0.97,4.566666666666666,0.45954351401
Raichur,2022,10,16.2,77.35,152.7225243151188,-0.691,-0.94,5.387096774193548,1.5040083503225805
Raichur,2022,11,16.2,77.35,0.10692143440246582,-0.269,-0.85,5.966666666666667,1.2876559716666667
Raichur,2022,12,16.2,77.35,9.956071138381958,-0.091,-0.71,4.161290322580645,1.0273198254935483
Raichur,2023,1,16.2,77.35,0.0,0.11,-0.54,5.32258064516129,1.3139867793548388
Raichur,2023,2,16.2,77.35,0.0,0.157,-0.29,5.571428571428571,1.642928577857143
Raichur,2023,3,16.2,77.35,16.866926193237305,0.414,-0.02,4.548387096774194,2.51316421
Raichur,2023,4,16.2,77.35,72.88898885250092,0.56,0.27,5.133333333333334,1.690960304
Raichur,2023,5,16.2,77.35,85.17554783821106,0.443,0.57,6.064516129032258,1.6563232422580645
Raichur,2023,6,16.2,77.35,52.33439779281616,0.665,0.84,3.066666666666667,1.1452140906
Raichur,2023,7,16.2,77.35,233.14687134325504,0.498,1.12,4.225806451612903,0.7976125261290323
Raichur,2023,8,16.2,77.35,54.36565162241459,0.826,1.37,6.32258064516129,0.9138732870967742
Raichur,2023,9,16.2,77.35,78.5966223180294,0.946,1.6,3.533333333333333,0.8482362092433333
Raichur,2023,10,16.2,77.35,0.6825878024101257,0.804,1.83,4.419354838709677,1.3481443029032258
Raichur,2023,11,16.2,77.35,4.1577470898628235,0.92,1.99,3.3,1.3793660156666665
Raichur,2023,12,16.2,77.35,0.4054282307624817,0.852,2.06,4.193548387096774,1.5088745183870966
Dakshina Kannada (Mangaluru),2000,1,12.87,74.88,50.43300884962082,-0.125,-1.66,3.7096774193548385,0.6000893251612903
Dakshina Kannada (Mangaluru),2000,2,12.87,74.88,1.1041362285614014,-0.009,-1.41,3.793103448275862,1.1428570703448275
Dakshina Kannada (Mangaluru),2000,3,12.87,74.88,0.0,0.141,-1.07,3.3870967741935485,0.9157557180645162
Dakshina Kannada (Mangaluru),2000,4,12.87,74.88,91.83605888485909,0.141,-0.81,4.533333333333333,0.9053602656666667
Dakshina Kannada (Mangaluru),2000,5,12.87,74.88,212.63027216494083,0.113,-0.71,5.483870967741935,0.9960924206451613
Dakshina Kannada (Mangaluru),2000,6,12.87,74.88,1029.1811710596085,-0.022,-0.64,4.1,0.7017651786833333
Dakshina Kannada (Mangaluru),2000,7,12.87,74.88,704.8835698366165,0.077,-0.55,5.548387096774194,1.5948303687096774
Dakshina Kannada (Mangaluru),2000,8,12.87,74.88,732.2262199521065,0.131,-0.51,3.838709677419355,1.62711539
Dakshina Kannada (Mangaluru),2000,9,12.87,74.88,250.98670189082623,-0.096,-0.55,4.1,1.278711512
Dakshina Kannada (Mangaluru),2000,10,12.87,74.88,324.5727982521057,-0.142,-0.63,4.806451612903226,1.5696261258064517
Dakshina Kannada (Mangaluru),2000,11,12.87,74.88,29.53736662864685,-0.306,-0.75,4.266666666666667,1.6378827666666667
Dakshina Kannada (Mangaluru),2000,12,12.87,74.88,6.321531295776367,-0.248,-0.74,4.806451612903226,1.1626311996774195
Dakshina Kannada (Mangaluru),2001,1,12.87,74.88,0.0,-0.431,-0.68,2.5483870967741935,1.8043092477419354
Dakshina Kannada (Mangaluru),2001,2,12.87,74.88,4.214241027832031,-0.016,-0.52,5.25,2.3275103500000003
Dakshina Kannada (Mangaluru),2001,3,12.87,74.88,0.0,-0.01,-0.44,5.258064516129032,0.6080977735483871
Dakshina Kannada (Mangaluru),2001,4,12.87,74.88,178.1932588815689,0.136,-0.34,4.533333333333333,0.6858787033333333
Dakshina Kannada (Mangaluru),2001,5,12.87,74.88,168.6109545826912,0.137,-0.25,5.451612903225806,1.5366611332258064
Dakshina Kannada (Mangaluru),2001,6,12.87,74.88,1018.2239441871643,0.127,-0.12,4.033333333333333,0.8460881063833334
Dakshina Kannada (Mangaluru),2001,7,12.87,74.88,1112.6673216819763,-0.14,-0.08,4.258064516129032,1.4921871870967742
Dakshina Kannada (Mangaluru),2001,8,12.87,74.88,896.7234373092651,-0.301,-0.13,5.419354838709677,1.397106648064516
Dakshina Kannada (Mangaluru),2001,9,12.87,74.88,233.32074204087257,-0.223,-0.19,3.0,1.2181324733333334
Dakshina Kannada (Mangaluru),2001,10,12.87,74.88,215.13001710176468,-0.451,-0.29,5.387096774193548,1.3723289300000001
Dakshina Kannada (Mangaluru),2001,11,12.87,74.88,118.40307587385178,-0.245,-0.35,4.4,0.9614376696666667
Dakshina Kannada (Mangaluru),2001,12,12.87,74.88,2.4231884479522705,-0.051,-0.31,6.580645161290323,1.7203842838709678
Dakshina Kannada (Mangaluru),2002,1,12.87,74.88,4.319596767425537,-0.142,-0.15,4.258064516129032,1.6998524758064517
Dakshina Kannada (Mangaluru),2002,2,12.87,74.88,86.30552983283997,-0.098,0.03,5.714285714285714,1.0814431442857144
Dakshina Kannada (Mangaluru),2002,3,12.87,74.88,0.0,0.008,0.09,3.5483870967741935,1.3025143731387099
Dakshina Kannada (Mangaluru),2002,4,12.87,74.88,28.943581759929657,-0.352,0.2,2.533333333333333,0.8904978936033333
Dakshina Kannada (Mangaluru),2002,5,12.87,74.88,220.26346120238304,-0.329,0.43,5.903225806451613,2.409133551612903
Dakshina Kannada (Mangaluru),2002,6,12.87,74.88,733.2345932126045,-0.189,0.65,3.566666666666667,1.8803833166666666
Dakshina Kannada (Mangaluru),2002,7,12.87,74.88,761.2929587364197,-0.261,0.79,6.387096774193548,1.7221574980645162
Dakshina Kannada (Mangaluru),2002,8,12.87,74.88,746.062762260437,-0.208,0.86,5.67741935483871,1.4202360319354839
Dakshina Kannada (Mangaluru),2002,9,12.87,74.88,234.40570083260536,0.286,1.01,4.433333333333334,0.7018471730000001
Dakshina Kannada (Mangaluru),2002,10,12.87,74.88,477.4785879701376,0.405,1.21,4.129032258064516,0.8933860990322581
Dakshina Kannada (Mangaluru),2002,11,12.87,74.88,20.68094238638878,0.096,1.31,3.566666666666667,2.25046865
Dakshina Kannada (Mangaluru),2002,12,12.87,74.88,0.0,-0.158,1.14,3.7096774193548385,1.8575260422580646
Dakshina Kannada (Mangaluru),2003,1,12.87,74.88,0.0,-0.239,0.92,5.354838709677419,0.8134987815870968
Dakshina Kannada (Mangaluru),2003,2,12.87,74.88,12.95879077911377,0.017,0.63,4.178571428571429,0.7148255028571429
Dakshina Kannada (Mangaluru),2003,3,12.87,74.88,30.23717772960663,-0.039,0.38,3.903225806451613,1.4626752464516128
Dakshina Kannada (Mangaluru),2003,4,12.87,74.88,88.95231810212135,-0.099,-0.04,3.8666666666666667,1.1874197433333333
Dakshina Kannada (Mangaluru),2003,5,12.87,74.88,15.09834399819374,-0.164,-0.26,5.258064516129032,2.245336555483871
Dakshina Kannada (Mangaluru),2003,6,12.87,74.88,1033.0058524012566,0.139,-0.16,3.2666666666666666,1.65106069
Dakshina Kannada (Mangaluru),2003,7,12.87,74.88,1069.5669121742249,0.131,0.08,3.6129032258064515,0.9928557990322581
Dakshina Kannada (Mangaluru),2003,8,12.87,74.88,941.5488511323929,0.108,0.21,3.870967741935484,0.6039936987096773
Dakshina Kannada (Mangaluru),2003,9,12.87,74.88,255.61484318971634,-0.06,0.26,4.266666666666667,0.7902776976666667
Dakshina Kannada (Mangaluru),2003,10,12.87,74.88,210.85016252100468,-0.243,0.29,5.419354838709677,1.2216482238709676
Dakshina Kannada (Mangaluru),2003,11,12.87,74.88,27.928768068552017,-0.159,0.35,4.3,0.49874167021000004
Dakshina Kannada (Mangaluru),2003,12,12.87,74.88,0.0,0.189,0.35,4.258064516129032,1.8000867477419356
Dakshina Kannada (Mangaluru),2004,1,12.87,74.88,0.0,0.044,0.37,4.709677419354839,2.246038609677419
Dakshina Kannada (Mangaluru),2004,2,12.87,74.88,0.0,0.114,0.31,5.517241379310345,1.4791189124137931
Dakshina Kannada (Mangaluru),2004,3,12.87,74.88,15.350015103816986,0.077,0.23,5.064516129032258,2.1767354612903227
Dakshina Kannada (Mangaluru),2004,4,12.87,74.88,85.24577939510345,-0.079,0.17,3.6,1.2874256193333333
Dakshina Kannada (Mangaluru),2004,5,12.87,74.88,365.1392698287964,-0.565,0.17,3.838709677419355,1.4382904767741935
Dakshina Kannada (Mangaluru),2004,6,12.87,74.88,796.668317258358,-0.384,0.28,4.533333333333333,1.0188708323333333
Dakshina Kannada (Mangaluru),2004,7,12.87,74.88,868.3535020053387,-0.301,0.47,2.6129032258064515,1.6112249593548387
Dakshina Kannada (Mangaluru),2004,8,12.87,74.88,975.548873603344,-0.133,0.64,6.612903225806452,1.2484562670967743
Dakshina Kannada (Mangaluru),2004,9,12.87,74.88,151.61716525256634,-0.106,0.7,2.1,1.4384542359999999
Dakshina Kannada (Mangaluru),2004,10,12.87,74.88,268.43523512780666,-0.004,0.67,4.32258064516129,1.54811694
Dakshina Kannada (Mangaluru),2004,11,12.87,74.88,89.61403074860573,-0.153,0.66,3.8666666666666667,0.558687573
Dakshina Kannada (Mangaluru),2004,12,12.87,74.88,0.0,-0.132,0.69,4.354838709677419,0.7194164974193549
Dakshina Kannada (Mangaluru),2005,1,12.87,74.88,0.0,-0.124,0.64,5.67741935483871,1.203385613832258
Dakshina Kannada (Mangaluru),2005,2,12.87,74.88,0.0,-0.56,0.58,6.821428571428571,1.5145378439285715
Dakshina Kannada (Mangaluru),2005,3,12.87,74.88,0.0,-0.433,0.45,4.290322580645161,1.7757296806451612
Dakshina Kannada (Mangaluru),2005,4,12.87,74.88,100.34648177027702,0.084,0.43,4.966666666666667,2.6446991
Dakshina Kannada (Mangaluru),2005,5,12.87,74.88,70.66724616289139,-0.033,0.29,4.548387096774194,1.8156324893548388
Dakshina Kannada (Mangaluru),2005,6,12.87,74.88,1015.9232291281223,-0.176,0.11,2.966666666666667,0.7345759723333334
Dakshina Kannada (Mangaluru),2005,7,12.87,74.88,1163.7772077322006,-0.384,-0.06,2.6451612903225805,1.0290815029032259
Dakshina Kannada (Mangaluru),2005,8,12.87,74.88,669.6241190433502,-0.345,-0.14,3.6129032258064515,0.939736100967742
Dakshina Kannada (Mangaluru),2005,9,12.87,74.88,499.25992669165134,-0.534,-0.11,5.8,1.522602815
Dakshina Kannada (Mangaluru),2005,10,12.87,74.88,249.94213342666626,-0.436,-0.29,3.5483870967741935,1.0373357177419353
Dakshina Kannada (Mangaluru),2005,11,12.87,74.88,56.3015154004097,-0.272,-0.57,5.7,1.0062126816666666
Dakshina Kannada (Mangaluru),2005,12,12.87,74.88,1.111948013305664,-0.3,-0.84,3.7419354838709675,0.6440208229032258
Dakshina Kannada (Mangaluru),2006,1,12.87,74.88,0.0,-0.135,-0.85,4.258064516129032,1.7294375064516128
Dakshina Kannada (Mangaluru),2006,2,12.87,74.88,0.0,-0.306,-0.77,5.428571428571429,1.6995880442857143
Dakshina Kannada (Mangaluru),2006,3,12.87,74.88,9.900070130825043,-0.226,-0.57,4.419354838709677,0.8061425020580646
Dakshina Kannada (Mangaluru),2006,4,12.87,74.88,22.13430815935135,-0.015,-0.37,4.833333333333333,0.9840533986666666
Dakshina Kannada (Mangaluru),2006,5,12.87,74.88,558.5122772157192,-0.208,-0.14,5.161290322580645,1.1181375867741936
Dakshina Kannada (Mangaluru),2006,6,12.87,74.88,986.8311221003532,-0.059,-0.03,2.433333333333333,1.1171617263333333
Dakshina Kannada (Mangaluru),2006,7,12.87,74.88,1257.1449525356293,0.04,0.1,6.096774193548387,1.0984740158064517
Dakshina Kannada (Mangaluru),2006,8,12.87,74.88,895.5910612344742,0.229,0.3,3.838709677419355,0.9450053216129032
Dakshina Kannada (Mangaluru),2006,9,12.87,74.88,442.472522854805,0.428,0.54,2.9,1.5086187580000001
Dakshina Kannada (Mangaluru),2006,10,12.87,74.88,277.8159474134445,0.577,0.77,4.645161290322581,1.7489779667580645
Dakshina Kannada (Mangaluru),2006,11,12.87,74.88,139.29939290881157,0.501,0.94,3.6333333333333333,1.1893461453333332
Dakshina Kannada (Mangaluru),2006,12,12.87,74.88,0.0,0.172,0.94,3.2903225806451615,1.4631380310096773
Dakshina Kannada (Mangaluru),2007,1,12.87,74.88,0.0,0.225,0.66,5.935483870967742,1.2701261521580645
Dakshina Kannada (Mangaluru),2007,2,12.87,74.88,0.0,0.15,0.22,4.357142857142857,1.1186876339285714
Dakshina Kannada (Mangaluru),2007,3,12.87,74.88,0.0,0.115,-0.12,5.645161290322581,1.321150566451613
Dakshina Kannada (Mangaluru),2007,4,12.87,74.88,71.7296463996172,0.1,-0.32,5.133333333333334,0.8067391546666667
Dakshina Kannada (Mangaluru),2007,5,12.87,74.88,133.04912516474724,0.27,-0.38,4.741935483870968,1.2340057027322582
Dakshina Kannada (Mangaluru),2007,6,12.87,74.88,947.918426156044,0.031,-0.47,3.1333333333333333,1.3529915246666666
Dakshina Kannada (Mangaluru),2007,7,12.87,74.88,1248.123283147812,0.045,-0.56,4.193548387096774,1.3795319935483872
Dakshina Kannada (Mangaluru),2007,8,12.87,74.88,927.0980521738529,0.237,-0.81,2.5483870967741935,0.8762567774193548
Dakshina Kannada (Mangaluru),2007,9,12.87,74.88,692.446750164032,0.235,-1.07,4.533333333333333,1.1761283893333332
Dakshina Kannada (Mangaluru),2007,10,12.87,74.88,281.47673530876637,0.068,-1.34,5.419354838709677,1.2009301141935484
Dakshina Kannada (Mangaluru),2007,11,12.87,74.88,69.5543797314167,-0.023,-1.5,5.533333333333333,1.588934237
Dakshina Kannada (Mangaluru),2007,12,12.87,74.88,1.938778042793274,-0.227,-1.6,3.4838709677419355,2.0751771258064515
Dakshina Kannada (Mangaluru),2008,1,12.87,74.88,0.0,0.115,-1.64,5.193548387096774,1.8184795248387096
Dakshina Kannada (Mangaluru),2008,2,12.87,74.88,33.28566288948059,-0.072,-1.52,3.586206896551724,1.2379733358620688
Dakshina Kannada (Mangaluru),2008,3,12.87,74.88,281.65461444854736,0.097,-1.29,2.870967741935484,1.8412203261290323
Dakshina Kannada (Mangaluru),2008,4,12.87,74.88,42.44159276783466,-0.153,-1.01,4.966666666666667,0.8616907713333333
Dakshina Kannada (Mangaluru),2008,5,12.87,74.88,98.9980788230896,0.179,-0.84,4.967741935483871,1.7237106374193547
Dakshina Kannada (Mangaluru),2008,6,12.87,74.88,973.5963848978281,0.215,-0.61,4.666666666666667,0.953116955
Dakshina Kannada (Mangaluru),2008,7,12.87,74.88,917.9965981245041,0.246,-0.37,2.3870967741935485,1.2312710548387096
Dakshina Kannada (Mangaluru),2008,8,12.87,74.88,880.5242660343647,0.124,-0.23,2.3548387096774195,1.211697393548387
Dakshina Kannada (Mangaluru),2008,9,12.87,74.88,414.1694752275944,0.086,-0.24,4.833333333333333,1.4465834003333333
Dakshina Kannada (Mangaluru),2008,10,12.87,74.88,179.32612839341164,0.029,-0.35,3.3225806451612905,1.3736839277419355
Dakshina Kannada (Mangaluru),2008,11,12.87,74.88,62.15991431474686,-0.128,-0.55,5.033333333333333,1.2276514546666666
Dakshina Kannada (Mangaluru),2008,12,12.87,74.88,11.204254865646362,-0.053,-0.73,5.870967741935484,0.8991352851612903
Dakshina Kannada (Mangaluru),2009,1,12.87,74.88,0.0,0.031,-0.85,5.258064516129032,1.3644628538709678
Dakshina Kannada (Mangaluru),2009,2,12.87,74.88,0.0,0.163,-0.79,5.178571428571429,0.9907292532142857
Dakshina Kannada (Mangaluru),2009,3,12.87,74.88,58.29895006120205,0.1,-0.61,6.096774193548387,1.1326078929032257
Dakshina Kannada (Mangaluru),2009,4,12.87,74.88,33.40763431787491,0.126,-0.33,3.9,2.2441025066666667
Dakshina Kannada (Mangaluru),2009,5,12.87,74.88,212.95031386613846,0.257,0.01,7.225806451612903,1.0808286461290324
Dakshina Kannada (Mangaluru),2009,6,12.87,74.88,478.55760265886784,0.1,0.28,5.866666666666666,1.4584701413333332
Dakshina Kannada (Mangaluru),2009,7,12.87,74.88,1753.9586894512177,-0.192,0.45,3.838709677419355,0.6150665787096774
Dakshina Kannada (Mangaluru),2009,8,12.87,74.88,768.5527976751328,-0.104,0.58,2.935483870967742,1.12875141
Dakshina Kannada (Mangaluru),2009,9,12.87,74.88,704.9905346035957,-0.103,0.71,4.033333333333333,1.6812911126666668
Dakshina Kannada (Mangaluru),2009,10,12.87,74.88,210.5531506538391,-0.013,1.01,5.225806451612903,0.9675306593548387
Dakshina Kannada (Mangaluru),2009,11,12.87,74.88,200.675686866045,-0.067,1.36,3.7666666666666666,1.78102768
Dakshina Kannada (Mangaluru),2009,12,12.87,74.88,65.61120802164078,0.16,1.56,5.096774193548387,1.2578152232258064
Dakshina Kannada (Mangaluru),2010,1,12.87,74.88,50.4183874130249,0.294,1.5,4.967741935483871,1.289910690967742
Dakshina Kannada (Mangaluru),2010,2,12.87,74.88,0.0,0.023,1.22,7.107142857142857,1.3009368542857143
Dakshina Kannada (Mangaluru),2010,3,12.87,74.88,6.69892843067646,0.458,0.84,2.4516129032258065,1.229541595483871
Dakshina Kannada (Mangaluru),2010,4,12.87,74.88,106.99596336483955,0.37,0.35,4.3,0.970552031
Dakshina Kannada (Mangaluru),2010,5,12.87,74.88,163.42104864120483,-0.029,-0.17,4.032258064516129,1.3091519658064517
Dakshina Kannada (Mangaluru),2010,6,12.87,74.88,845.9273579120636,-0.14,-0.66,1.7666666666666666,1.285590429
Dakshina Kannada (Mangaluru),2010,7,12.87,74.88,1135.2324082553387,-0.001,-1.05,2.4193548387096775,1.663601914516129
Dakshina Kannada (Mangaluru),2010,8,12.87,74.88,775.4711725711823,-0.061,-1.35,2.967741935483871,0.747917844516129
Dakshina Kannada (Mangaluru),2010,9,12.87,74.88,420.83190459012985,-0.267,-1.56,2.2,0.8091414173333332
Dakshina Kannada (Mangaluru),2010,10,12.87,74.88,363.6655766144395,-0.437,-1.64,5.032258064516129,1.3724983983870966
Dakshina Kannada (Mangaluru),2010,11,12.87,74.88,345.504135876894,-0.495,-1.64,4.433333333333334,0.7180750344066666
Dakshina Kannada (Mangaluru),2010,12,12.87,74.88,35.44880959391594,-0.212,-1.54,5.129032258064516,0.9818622567741935
Dakshina Kannada (Mangaluru),2011,1,12.87,74.88,0.0,0.191,-1.31,5.967741935483871,1.5956191370967743
Dakshina Kannada (Mangaluru),2011,2,12.87,74.88,1.2097504138946533,0.241,-1.04,5.678571428571429,0.5124724357571429
Dakshina Kannada (Mangaluru),2011,3,12.87,74.88,0.8343106359243393,0.367,-0.8,4.645161290322581,1.117857366129032
Dakshina Kannada (Mangaluru),2011,4,12.87,74.88,78.23097886145115,0.154,-0.62,5.866666666666666,0.9413861176666667
Dakshina Kannada (Mangaluru),2011,5,12.87,74.88,58.79212787747383,-0.089,-0.46,6.129032258064516,1.5436429977419355
Dakshina Kannada (Mangaluru),2011,6,12.87,74.88,940.3259390592575,0.055,-0.37,3.7333333333333334,0.6791252076666666
Dakshina Kannada (Mangaluru),2011,7,12.87,74.88,1165.017560005188,0.223,-0.43,3.7096774193548385,1.0109919648387098
Dakshina Kannada (Mangaluru),2011,8,12.87,74.88,933.6426217556,0.344,-0.58,2.774193548387097,1.011544473516129
Dakshina Kannada (Mangaluru),2011,9,12.87,74.88,561.1363975703716,0.202,-0.79,3.7,0.9066917783333334
Dakshina Kannada (Mangaluru),2011,10,12.87,74.88,208.44951808452606,0.356,-0.96,4.129032258064516,1.8293501125806453
Dakshina Kannada (Mangaluru),2011,11,12.87,74.88,154.1810925602913,0.336,-1.02,4.033333333333333,1.4278005003333334
Dakshina Kannada (Mangaluru),2011,12,12.87,74.88,0.0,-0.128,-0.92,4.483870967741935,1.388414425483871
Dakshina Kannada (Mangaluru),2012,1,12.87,74.88,0.0,0.046,-0.72,5.774193548387097,1.0838557522580645
Dakshina Kannada (Mangaluru),2012,2,12.87,74.88,0.0,-0.078,-0.57,4.068965517241379,1.9624444827586207
Dakshina Kannada (Mangaluru),2012,3,12.87,74.88,2.5999999046325684,0.026,-0.46,5.161290322580645,2.275805190322581
Dakshina Kannada (Mangaluru),2012,4,12.87,74.88,21.80000014603138,-0.271,-0.36,4.733333333333333,1.392764723
Dakshina Kannada (Mangaluru),2012,5,12.87,74.88,69.70000296831131,-0.37,-0.17,5.838709677419355,0.508314344516129
Dakshina Kannada (Mangaluru),2012,6,12.87,74.88,746.1999986171722,0.0,0.06,3.933333333333333,1.5851710730000002
Dakshina Kannada (Mangaluru),2012,7,12.87,74.88,626.6097435951233,0.546,0.3,3.2580645161290325,1.0006735025806452
Dakshina Kannada (Mangaluru),2012,8,12.87,74.88,1112.039091795683,0.652,0.41,3.3548387096774195,1.4237936377419356
Dakshina Kannada (Mangaluru),2012,9,12.87,74.88,404.18765339255333,0.453,0.41,4.366666666666666,1.1895103533333333
Dakshina Kannada (Mangaluru),2012,10,12.87,74.88,133.96001172065735,0.11,0.31,3.064516129032258,1.05932045
Dakshina Kannada (Mangaluru),2012,11,12.87,74.88,109.42174358665943,-0.099,0.13,4.6,0.7542804866666667
Dakshina Kannada (Mangaluru),2012,12,12.87,74.88,1.3557547628879547,0.267,-0.1,2.4516129032258065,0.8817284803225806
Dakshina Kannada (Mangaluru),2013,1,12.87,74.88,0.0,-0.065,-0.29,6.064516129032258,1.989185853870968
Dakshina Kannada (Mangaluru),2013,2,12.87,74.88,8.920565351843834,0.189,-0.29,3.392857142857143,1.6343154739285715
Dakshina Kannada (Mangaluru),2013,3,12.87,74.88,38.76222234964371,0.083,-0.21,5.225806451612903,1.208878878064516
Dakshina Kannada (Mangaluru),2013,4,12.87,74.88,27.302876234054565,-0.297,-0.19,5.133333333333334,0.9100850366666666
Dakshina Kannada (Mangaluru),2013,5,12.87,74.88,99.84288316965103,-0.506,-0.27,3.935483870967742,1.196817595483871
Dakshina Kannada (Mangaluru),2013,6,12.87,74.88,1159.2288667559624,-0.497,-0.34,4.366666666666666,1.2253081406666666
Dakshina Kannada (Mangaluru),2013,7,12.87,74.88,1664.947832107544,-0.181,-0.35,3.5806451612903225,0.8870305335483871
Dakshina Kannada (Mangaluru),2013,8,12.87,74.88,625.7062762975693,-0.194,-0.28,5.806451612903226,0.912353013548387
Dakshina Kannada (Mangaluru),2013,9,12.87,74.88,380.15500685572624,-0.31,-0.21,3.7666666666666666,1.5937026506666667
Dakshina Kannada (Mangaluru),2013,10,12.87,74.88,238.24009478837252,-0.168,-0.13,5.161290322580645,0.8202488128741936
Dakshina Kannada (Mangaluru),2013,11,12.87,74.88,62.79108940064907,0.199,-0.1,3.2,0.6853039573333334
Dakshina Kannada (Mangaluru),2013,12,12.87,74.88,18.061439514160156,0.141,-0.15,3.870967741935484,1.0410569158064515
Dakshina Kannada (Mangaluru),2014,1,12.87,74.88,0.0,-0.101,-0.28,5.741935483870968,1.1766352048387096
Dakshina Kannada (Mangaluru),2014,2,12.87,74.88,1.7234649658203125,-0.089,-0.32,5.857142857142857,1.4348881625
Dakshina Kannada (Mangaluru),2014,3,12.87,74.88,1.7247745990753174,-0.151,-0.14,3.6129032258064515,1.5816916796774194
Dakshina Kannada (Mangaluru),2014,4,12.87,74.88,71.91801112890244,-0.058,0.15,5.533333333333333,1.3192271676666667
Dakshina Kannada (Mangaluru),2014,5,12.87,74.88,270.53863048553467,-0.092,0.31,2.3225806451612905,1.4339224977419354
Dakshina Kannada (Mangaluru),2014,6,12.87,74.88,480.05684396624565,-0.028,0.23,4.433333333333334,1.108679051
Dakshina Kannada (Mangaluru),2014,7,12.87,74.88,1230.3231920599937,-0.363,0.1,5.806451612903226,1.1528067432258065
Dakshina Kannada (Mangaluru),2014,8,12.87,74.88,1102.9741752147675,-0.372,0.11,1.7096774193548387,1.2150309538709676
Dakshina Kannada (Mangaluru),2014,9,12.87,74.88,411.5498820543289,-0.145,0.28,4.333333333333333,0.649377995
Dakshina Kannada (Mangaluru),2014,10,12.87,74.88,244.18884932994843,0.141,0.54,3.7096774193548385,0.9880874900000001
Dakshina Kannada (Mangaluru),2014,11,12.87,74.88,38.240408420562744,0.009,0.71,2.933333333333333,1.4682012086666667
Dakshina Kannada (Mangaluru),2014,12,12.87,74.88,64.30644702911377,0.046,0.77,4.741935483870968,1.3856411206451613
Dakshina Kannada (Mangaluru),2015,1,12.87,74.88,0.8979871273040771,-0.1,0.69,6.193548387096774,1.595519382903226
Dakshina Kannada (Mangaluru),2015,2,12.87,74.88,6.0321266651153564,-0.345,0.61,6.464285714285714,0.8730502682142857
Dakshina Kannada (Mangaluru),2015,3,12.87,74.88,25.904398143291473,-0.241,0.65,5.161290322580645,2.5235438870967744
Dakshina Kannada (Mangaluru),2015,4,12.87,74.88,122.62102933228016,-0.008,0.81,3.466666666666667,0.9544394936666667
Dakshina Kannada (Mangaluru),2015,5,12.87,74.88,250.50386586785316,0.24,1.02,5.096774193548387,0.7510026245161291
Dakshina Kannada (Mangaluru),2015,6,12.87,74.88,701.1662793159485,0.296,1.25,3.433333333333333,1.9929203833333333
Dakshina Kannada (Mangaluru),2015,7,12.87,74.88,955.5215666294098,0.225,1.57,4.451612903225806,1.837990334516129
Dakshina Kannada (Mangaluru),2015,8,12.87,74.88,655.6928580999374,0.568,1.91,5.870967741935484,0.8428048241935484
Dakshina Kannada (Mangaluru),2015,9,12.87,74.88,209.69844961166382,0.294,2.21,4.7,0.62977513528
Dakshina Kannada (Mangaluru),2015,10,12.87,74.88,261.26845490932465,0.482,2.47,4.935483870967742,1.5348366948387098
Dakshina Kannada (Mangaluru),2015,11,12.87,74.88,193.74566765129566,0.347,2.64,2.6666666666666665,1.8664467500000002
Dakshina Kannada (Mangaluru),2015,12,12.87,74.88,41.078852728009224,0.272,2.75,4.419354838709677,1.905701525483871
Dakshina Kannada (Mangaluru),2016,1,12.87,74.88,0.0,0.265,2.63,4.548387096774194,1.397440465735484
Dakshina Kannada (Mangaluru),2016,2,12.87,74.88,0.0,-0.11,2.28,5.586206896551724,2.0595920172413793
Dakshina Kannada (Mangaluru),2016,3,12.87,74.88,0.6924288272857666,-0.008,1.71,5.387096774193548,1.2421979758064514
Dakshina Kannada (Mangaluru),2016,4,12.87,74.88,7.036084219813347,0.146,1.05,3.433333333333333,0.6606036036666667
Dakshina Kannada (Mangaluru),2016,5,12.87,74.88,179.72077357769012,-0.113,0.49,2.935483870967742,1.3503781812903226
Dakshina Kannada (Mangaluru),2016,6,12.87,74.88,862.5026249885559,-0.443,0.0,4.166666666666667,1.5598082686666668
Dakshina Kannada (Mangaluru),2016,7,12.87,74.88,879.4536098837852,-0.757,-0.31,3.129032258064516,1.0086871877419354
Dakshina Kannada (Mangaluru),2016,8,12.87,74.88,552.1754024028778,-0.443,-0.5,5.709677419354839,1.3634238690322582
Dakshina Kannada (Mangaluru),2016,9,12.87,74.88,234.08321064710617,-0.437,-0.58,4.233333333333333,0.9987363606666667
Dakshina Kannada (Mangaluru),2016,10,12.87,74.88,20.43519689142704,-0.371,-0.64,5.645161290322581,0.6798959190322581
Dakshina Kannada (Mangaluru),2016,11,12.87,74.88,35.99190962314606,-0.382,-0.6,4.366666666666666,1.4056047909999998
Dakshina Kannada (Mangaluru),2016,12,12.87,74.88,23.67945170402527,-0.31,-0.45,4.451612903225806,0.6025583080645162
Dakshina Kannada (Mangaluru),2017,1,12.87,74.88,18.594745755195618,-0.086,-0.19,3.7096774193548385,1.2075865980645162
Dakshina Kannada (Mangaluru),2017,2,12.87,74.88,0.0,0.101,-0.02,4.607142857142857,2.432161792857143
Dakshina Kannada (Mangaluru),2017,3,12.87,74.88,3.556972622871399,0.357,0.18,3.6774193548387095,0.7525501162903225
Dakshina Kannada (Mangaluru),2017,4,12.87,74.88,19.75357176363468,0.498,0.31,6.7,0.7843319514433333
Dakshina Kannada (Mangaluru),2017,5,12.87,74.88,149.2329414486885,0.536,0.4,4.193548387096774,1.3503042366709677
Dakshina Kannada (Mangaluru),2017,6,12.87,74.88,812.594319820404,0.424,0.39,2.433333333333333,1.010765505
Dakshina Kannada (Mangaluru),2017,7,12.87,74.88,667.8977725505829,0.52,0.19,3.6774193548387095,1.0194311058064516
Dakshina Kannada (Mangaluru),2017,8,12.87,74.88,704.7746827825904,0.349,-0.07,4.193548387096774,0.560064344016129
Dakshina Kannada (Mangaluru),2017,9,12.87,74.88,241.43407952785492,0.035,-0.34,4.233333333333333,0.5864452456666667
Dakshina Kannada (Mangaluru),2017,10,12.87,74.88,144.12451648712158,0.015,-0.6,5.354838709677419,2.0237151622580645
Dakshina Kannada (Mangaluru),2017,11,12.87,74.88,30.132878065109253,0.289,-0.77,4.166666666666667,0.8390316453333334
Dakshina Kannada (Mangaluru),2017,12,12.87,74.88,2.2092387303709984,0.11,-0.86,5.258064516129032,1.455329965483871
Dakshina Kannada (Mangaluru),2018,1,12.87,74.88,0.0,-0.2,-0.77,3.5806451612903225,2.2438225967741934
Dakshina Kannada (Mangaluru),2018,2,12.87,74.88,0.6391059160232544,0.216,-0.71,5.5,2.449217742857143
Dakshina Kannada (Mangaluru),2018,3,12.87,74.88,76.9718719124794,-0.12,-0.57,4.161290322580645,1.1359975419354837
Dakshina Kannada (Mangaluru),2018,4,12.87,74.88,117.65142947435379,-0.083,-0.39,4.433333333333334,1.4919827436666668
Dakshina Kannada (Mangaluru),2018,5,12.87,74.88,365.1762852072716,0.122,-0.13,3.096774193548387,1.7735262777419354
Dakshina Kannada (Mangaluru),2018,6,12.87,74.88,1211.4475419521332,0.155,0.06,3.433333333333333,1.099695321
Dakshina Kannada (Mangaluru),2018,7,12.87,74.88,1304.598954319954,0.053,0.14,4.967741935483871,1.4670566325806451
Dakshina Kannada (Mangaluru),2018,8,12.87,74.88,1222.6743142008781,0.121,0.27,5.419354838709677,1.1604823280645162
Dakshina Kannada (Mangaluru),2018,9,12.87,74.88,108.26466071605682,0.604,0.53,6.6,1.0746740603333333
Dakshina Kannada (Mangaluru),2018,10,12.87,74.88,300.04378032684326,0.684,0.81,4.129032258064516,1.372201460967742
Dakshina Kannada (Mangaluru),2018,11,12.87,74.88,40.86524301767349,0.5,0.97,4.666666666666667,1.3713922473333333
Dakshina Kannada (Mangaluru),2018,12,12.87,74.88,12.73786374926567,0.309,0.92,3.838709677419355,2.266200470967742
Dakshina Kannada (Mangaluru),2019,1,12.87,74.88,0.0,0.387,0.89,5.709677419354839,1.75703085
Dakshina Kannada (Mangaluru),2019,2,12.87,74.88,1.265648365020752,0.416,0.86,6.142857142857143,1.7487797142857142
Dakshina Kannada (Mangaluru),2019,3,12.87,74.88,0.316412091255188,0.225,0.84,4.064516129032258,1.1146516216129032
Dakshina Kannada (Mangaluru),2019,4,12.87,74.88,55.99462732672691,0.258,0.77,3.7333333333333334,1.0698441273333332
Dakshina Kannada (Mangaluru),2019,5,12.87,74.88,47.046488136053085,0.54,0.64,6.096774193548387,1.854505129032258
Dakshina Kannada (Mangaluru),2019,6,12.87,74.88,436.2327961921692,0.605,0.52,4.566666666666666,1.3048570076666666
Dakshina Kannada (Mangaluru),2019,7,12.87,74.88,999.942488193512,0.597,0.33,2.3548387096774195,0.8737279109677419
Dakshina Kannada (Mangaluru),2019,8,12.87,74.88,1537.6774812936783,0.436,0.19,4.129032258064516,0.9542141777419355
Dakshina Kannada (Mangaluru),2019,9,12.87,74.88,769.1328498721123,0.892,0.23,4.5,1.6799940163333333
Dakshina Kannada (Mangaluru),2019,10,12.87,74.88,465.2658603489399,0.964,0.39,2.6774193548387095,1.5321089774193548
Dakshina Kannada (Mangaluru),2019,11,12.87,74.88,107.85066846013069,0.835,0.58,4.7,1.5540973666666666
Dakshina Kannada (Mangaluru),2019,12,12.87,74.88,39.38494348526001,0.243,0.66,3.7096774193548385,0.9795201067741935
Dakshina Kannada (Mangaluru),2020,1,12.87,74.88,0.0,0.173,0.64,5.516129032258065,2.0013102467741937
Dakshina Kannada (Mangaluru),2020,2,12.87,74.88,7.919607639312744,0.054,0.63,5.551724137931035,1.19141821
Dakshina Kannada (Mangaluru),2020,3,12.87,74.88,6.173735111951828,0.019,0.53,3.7419354838709675,1.516898370967742
Dakshina Kannada (Mangaluru),2020,4,12.87,74.88,78.4668397307396,-0.011,0.3,3.6666666666666665,1.6374265986666667
Dakshina Kannada (Mangaluru),2020,5,12.87,74.88,266.9732662141323,0.298,0.01,4.451612903225806,1.1646890893548387
Dakshina Kannada (Mangaluru),2020,6,12.87,74.88,594.3394790291786,0.455,-0.23,1.6,1.3547168013333333
Dakshina Kannada (Mangaluru),2020,7,12.87,74.88,948.3564133048058,0.319,-0.36,2.0,1.5012130690322583
Dakshina Kannada (Mangaluru),2020,8,12.87,74.88,899.5099427849054,-0.183,-0.53,4.516129032258065,1.5708076487096774
Dakshina Kannada (Mangaluru),2020,9,12.87,74.88,692.180864751339,-0.189,-0.85,4.166666666666667,1.1078213236666665
Dakshina Kannada (Mangaluru),2020,10,12.87,74.88,273.83208657056093,0.074,-1.12,5.032258064516129,1.8443815480645163
Dakshina Kannada (Mangaluru),2020,11,12.87,74.88,30.104096859693527,0.02,-1.2,4.533333333333333,1.0659901883333334
Dakshina Kannada (Mangaluru),2020,12,12.87,74.88,33.812414184212685,0.031,-1.08,4.709677419354839,0.8462182629741936
Dakshina Kannada (Mangaluru),2021,1,12.87,74.88,107.42276899516582,0.051,-0.91,4.483870967741935,1.3812992767741936
Dakshina Kannada (Mangaluru),2021,2,12.87,74.88,10.17484039068222,0.243,-0.79,6.357142857142857,1.7109776275000002
Dakshina Kannada (Mangaluru),2021,3,12.87,74.88,13.104502558708191,0.267,-0.71,4.032258064516129,1.1486161170967741
Dakshina Kannada (Mangaluru),2021,4,12.87,74.88,24.442528039216995,0.25,-0.55,6.7,2.1312086966666666
Dakshina Kannada (Mangaluru),2021,5,12.87,74.88,369.6614528596401,0.009,-0.39,3.6451612903225805,1.6188268058064517
Dakshina Kannada (Mangaluru),2021,6,12.87,74.88,548.3789800405502,-0.002,-0.3,3.033333333333333,1.2543668813333333
Dakshina Kannada (Mangaluru),2021,7,12.87,74.88,687.8841488957405,-0.229,-0.35,4.193548387096774,1.2697446645161292
Dakshina Kannada (Mangaluru),2021,8,12.87,74.88,495.79579585790634,-0.099,-0.45,3.0,1.3328496390322582
Dakshina Kannada (Mangaluru),2021,9,12.87,74.88,388.2581643462181,-0.058,-0.63,3.4,1.16716908
Dakshina Kannada (Mangaluru),2021,10,12.87,74.88,390.0389276742935,-0.091,-0.76,3.5161290322580645,1.1958632022580646
Dakshina Kannada (Mangaluru),2021,11,12.87,74.88,270.2485013306141,0.069,-0.91,3.7333333333333334,1.0642061103333333
Dakshina Kannada (Mangaluru),2021,12,12.87,74.88,11.849022969603539,-0.12,-0.87,6.451612903225806,2.068191648387097
Dakshina Kannada (Mangaluru),2022,1,12.87,74.88,0.0,-0.056,-0.82,6.838709677419355,1.1541269361290323
Dakshina Kannada (Mangaluru),2022,2,12.87,74.88,3.8524506092071533,-0.082,-0.79,3.142857142857143,1.2939472457142858
Dakshina Kannada (Mangaluru),2022,3,12.87,74.88,51.32756745815277,-0.093,-0.86,3.064516129032258,1.0719917463806452
Dakshina Kannada (Mangaluru),2022,4,12.87,74.88,90.53788176178932,-0.068,-0.95,3.5,0.6809799073333332
Dakshina Kannada (Mangaluru),2022,5,12.87,74.88,249.8592223227024,-0.122,-0.9,4.67741935483871,1.2369349422580647
Dakshina Kannada (Mangaluru),2022,6,12.87,74.88,419.41613307595253,-0.335,-0.78,2.7333333333333334,1.7460144566666667
Dakshina Kannada (Mangaluru),2022,7,12.87,74.88,1744.8436887264252,-0.195,-0.76,3.096774193548387,0.9906527754838709
Dakshina Kannada (Mangaluru),2022,8,12.87,74.88,858.3117364645004,-0.246,-0.87,3.3870967741935485,0.9623516609677419
Dakshina Kannada (Mangaluru),2022,9,12.87,74.88,328.8818830251694,-0.322,-0.97,4.566666666666666,0.45954351401
Dakshina Kannada (Mangaluru),2022,10,12.87,74.88,216.64591121673584,-0.691,-0.94,5.387096774193548,1.5040083503225805
Dakshina Kannada (Mangaluru),2022,11,12.87,74.88,75.42251014709473,-0.269,-0.85,5.966666666666667,1.2876559716666667
Dakshina Kannada (Mangaluru),2022,12,12.87,74.88,15.212835907936096,-0.091,-0.71,4.161290322580645,1.0273198254935483
Dakshina Kannada (Mangaluru),2023,1,12.87,74.88,0.0,0.11,-0.54,5.32258064516129,1.3139867793548388
Dakshina Kannada (Mangaluru),2023,2,12.87,74.88,0.0,0.157,-0.29,5.571428571428571,1.642928577857143
Dakshina Kannada (Mangaluru),2023,3,12.87,74.88,2.906362473964691,0.414,-0.02,4.548387096774194,2.51316421
Dakshina Kannada (Mangaluru),2023,4,12.87,74.88,12.469497680664062,0.56,0.27,5.133333333333334,1.690960304
Dakshina Kannada (Mangaluru),2023,5,12.87,74.88,146.1387238688767,0.443,0.57,6.064516129032258,1.6563232422580645
Dakshina Kannada (Mangaluru),2023,6,12.87,74.88,347.47864699875936,0.665,0.84,3.066666666666667,1.1452140906
Dakshina Kannada (Mangaluru),2023,7,12.87,74.88,1606.9561676979065,0.498,1.12,4.225806451612903,0.7976125261290323
Dakshina Kannada (Mangaluru),2023,8,12.87,74.88,203.83851981256157,0.826,1.37,6.32258064516129,0.9138732870967742
Dakshina Kannada (Mangaluru),2023,9,12.87,74.88,528.3442677929997,0.946,1.6,3.533333333333333,0.8482362092433333
Dakshina Kannada (Mangaluru),2023,10,12.87,74.88,240.37594844028354,0.804,1.83,4.419354838709677,1.3481443029032258
Dakshina Kannada (Mangaluru),2023,11,12.87,74.88,204.54324315488338,0.92,1.99,3.3,1.3793660156666665
Dakshina Kannada (Mangaluru),2023,12,12.87,74.88,43.5876367688179,0.852,2.06,4.193548387096774,1.5088745183870966
Udupi,2000,1,13.34,74.74,57.89400666952133,-0.125,-1.66,3.7096774193548385,0.6000893251612903
Udupi,2000,2,13.34,74.74,4.734718084335327,-0.009,-1.41,3.793103448275862,1.1428570703448275
Udupi,2000,3,13.34,74.74,29.874610900878906,0.141,-1.07,3.3870967741935485,0.9157557180645162
Udupi,2000,4,13.34,74.74,54.84483885765076,0.141,-0.81,4.533333333333333,0.9053602656666667
Udupi,2000,5,13.34,74.74,313.7095778286457,0.113,-0.71,5.483870967741935,0.9960924206451613
Udupi,2000,6,13.34,74.74,1231.6478009223938,-0.022,-0.64,4.1,0.7017651786833333
Udupi,2000,7,13.34,74.74,907.4754518866539,0.077,-0.55,5.548387096774194,1.5948303687096774
Udupi,2000,8,13.34,74.74,828.413893699646,0.131,-0.51,3.838709677419355,1.62711539
Udupi,2000,9,13.34,74.74,456.4174129217863,-0.096,-0.55,4.1,1.278711512
Udupi,2000,10,13.34,74.74,315.2947553098202,-0.142,-0.63,4.806451612903226,1.5696261258064517
Udupi,2000,11,13.34,74.74,32.20196545124054,-0.306,-0.75,4.266666666666667,1.6378827666666667
Udupi,2000,12,13.34,74.74,10.135760307312012,-0.248,-0.74,4.806451612903226,1.1626311996774195
Udupi,2001,1,13.34,74.74,0.0,-0.431,-0.68,2.5483870967741935,1.8043092477419354
Udupi,2001,2,13.34,74.74,0.0,-0.016,-0.52,5.25,2.3275103500000003
Udupi,2001,3,13.34,74.74,0.0,-0.01,-0.44,5.258064516129032,0.6080977735483871
Udupi,2001,4,13.34,74.74,120.10929988324642,0.136,-0.34,4.533333333333333,0.6858787033333333
Udupi,2001,5,13.34,74.74,281.8692622035742,0.137,-0.25,5.451612903225806,1.5366611332258064
Udupi,2001,6,13.34,74.74,1352.569640174508,0.127,-0.12,4.033333333333333,0.8460881063833334
Udupi,2001,7,13.34,74.74,1201.513904094696,-0.14,-0.08,4.258064516129032,1.4921871870967742
Udupi,2001,8,13.34,74.74,861.088296175003,-0.301,-0.13,5.419354838709677,1.397106648064516
Udupi,2001,9,13.34,74.74,272.82458087801933,-0.223,-0.19,3.0,1.2181324733333334
Udupi,2001,10,13.34,74.74,279.57986614108086,-0.451,-0.29,5.387096774193548,1.3723289300000001
Udupi,2001,11,13.34,74.74,107.70386029779911,-0.245,-0.35,4.4,0.9614376696666667
Udupi,2001,12,13.34,74.74,0.13601499795913696,-0.051,-0.31,6.580645161290323,1.7203842838709678
Udupi,2002,1,13.34,74.74,0.0,-0.142,-0.15,4.258064516129032,1.6998524758064517
Udupi,2002,2,13.34,74.74,8.7599575817585,-0.098,0.03,5.714285714285714,1.0814431442857144
Udupi,2002,3,13.34,74.74,0.0,0.008,0.09,3.5483870967741935,1.3025143731387099
Udupi,2002,4,13.34,74.74,133.87223756313324,-0.352,0.2,2.533333333333333,0.8904978936033333
Udupi,2002,5,13.34,74.74,222.54534366726875,-0.329,0.43,5.903225806451613,2.409133551612903
Udupi,2002,6,13.34,74.74,897.0568256080151,-0.189,0.65,3.566666666666667,1.8803833166666666
Udupi,2002,7,13.34,74.74,746.6315813064575,-0.261,0.79,6.387096774193548,1.7221574980645162
Udupi,2002,8,13.34,74.74,741.0099844932556,-0.208,0.86,5.67741935483871,1.4202360319354839
Udupi,2002,9,13.34,74.74,233.37251555919647,0.286,1.01,4.433333333333334,0.7018471730000001
Udupi,2002,10,13.34,74.74,381.8501873910427,0.405,1.21,4.129032258064516,0.8933860990322581
Udupi,2002,11,13.34,74.74,75.70879110693932,0.096,1.31,3.566666666666667,2.25046865
Udupi,2002,12,13.34,74.74,0.0,-0.158,1.14,3.7096774193548385,1.8575260422580646
Udupi,2003,1,13.34,74.74,0.0,-0.239,0.92,5.354838709677419,0.8134987815870968
Udupi,2003,2,13.34,74.74,0.0,0.017,0.63,4.178571428571429,0.7148255028571429
Udupi,2003,3,13.34,74.74,20.384594306349754,-0.039,0.38,3.903225806451613,1.4626752464516128
Udupi,2003,4,13.34,74.74,90.68428513407707,-0.099,-0.04,3.8666666666666667,1.1874197433333333
Udupi,2003,5,13.34,74.74,18.483033016324043,-0.164,-0.26,5.258064516129032,2.245336555483871
Udupi,2003,6,13.34,74.74,1165.9188101291656,0.139,-0.16,3.2666666666666666,1.65106069
Udupi,2003,7,13.34,74.74,1123.1719236373901,0.131,0.08,3.6129032258064515,0.9928557990322581
Udupi,2003,8,13.34,74.74,1096.9179294109344,0.108,0.21,3.870967741935484,0.6039936987096773
Udupi,2003,9,13.34,74.74,326.24860902130604,-0.06,0.26,4.266666666666667,0.7902776976666667
Udupi,2003,10,13.34,74.74,299.0278730690479,-0.243,0.29,5.419354838709677,1.2216482238709676
Udupi,2003,11,13.34,74.74,45.106385588645935,-0.159,0.35,4.3,0.49874167021000004
Udupi,2003,12,13.34,74.74,0.0,0.189,0.35,4.258064516129032,1.8000867477419356
Udupi,2004,1,13.34,74.74,0.0,0.044,0.37,4.709677419354839,2.246038609677419
Udupi,2004,2,13.34,74.74,0.0,0.114,0.31,5.517241379310345,1.4791189124137931
Udupi,2004,3,13.34,74.74,5.577166318893433,0.077,0.23,5.064516129032258,2.1767354612903227
Udupi,2004,4,13.34,74.74,56.56642210483551,-0.079,0.17,3.6,1.2874256193333333
Udupi,2004,5,13.34,74.74,430.0984074771404,-0.565,0.17,3.838709677419355,1.4382904767741935
Udupi,2004,6,13.34,74.74,1022.1454221010208,-0.384,0.28,4.533333333333333,1.0188708323333333
Udupi,2004,7,13.34,74.74,1170.9827057421207,-0.301,0.47,2.6129032258064515,1.6112249593548387
Udupi,2004,8,13.34,74.74,950.8000395148993,-0.133,0.64,6.612903225806452,1.2484562670967743
Udupi,2004,9,13.34,74.74,252.83521726727486,-0.106,0.7,2.1,1.4384542359999999
Udupi,2004,10,13.34,74.74,235.4873239248991,-0.004,0.67,4.32258064516129,1.54811694
Udupi,2004,11,13.34,74.74,143.74795119464397,-0.153,0.66,3.8666666666666667,0.558687573
Udupi,2004,12,13.34,74.74,0.0,-0.132,0.69,4.354838709677419,0.7194164974193549
Udupi,2005,1,13.34,74.74,0.0,-0.124,0.64,5.67741935483871,1.203385613832258
Udupi,2005,2,13.34,74.74,0.0,-0.56,0.58,6.821428571428571,1.5145378439285715
Udupi,2005,3,13.34,74.74,0.169452965259552,-0.433,0.45,4.290322580645161,1.7757296806451612
Udupi,2005,4,13.34,74.74,86.58955912292004,0.084,0.43,4.966666666666667,2.6446991
Udupi,2005,5,13.34,74.74,47.63844522088766,-0.033,0.29,4.548387096774194,1.8156324893548388
Udupi,2005,6,13.34,74.74,1075.8544102460146,-0.176,0.11,2.966666666666667,0.7345759723333334
Udupi,2005,7,13.34,74.74,1249.240795135498,-0.384,-0.06,2.6451612903225805,1.0290815029032259
Udupi,2005,8,13.34,74.74,934.9120801389217,-0.345,-0.14,3.6129032258064515,0.939736100967742
Udupi,2005,9,13.34,74.74,429.9988157302141,-0.534,-0.11,5.8,1.522602815
Udupi,2005,10,13.34,74.74,291.057530105114,-0.436,-0.29,3.5483870967741935,1.0373357177419353
Udupi,2005,11,13.34,74.74,41.14520500600338,-0.272,-0.57,5.7,1.0062126816666666
Udupi,2005,12,13.34,74.74,3.5709365904331207,-0.3,-0.84,3.7419354838709675,0.6440208229032258
Udupi,2006,1,13.34,74.74,21.674793243408203,-0.135,-0.85,4.258064516129032,1.7294375064516128
Udupi,2006,2,13.34,74.74,0.0,-0.306,-0.77,5.428571428571429,1.6995880442857143
Udupi,2006,3,13.34,74.74,19.48230743408203,-0.226,-0.57,4.419354838709677,0.8061425020580646
Udupi,2006,4,13.34,74.74,8.34956169128418,-0.015,-0.37,4.833333333333333,0.9840533986666666
Udupi,2006,5,13.34,74.74,454.33392357826233,-0.208,-0.14,5.161290322580645,1.1181375867741936
Udupi,2006,6,13.34,74.74,1175.1249358654022,-0.059,-0.03,2.433333333333333,1.1171617263333333
Udupi,2006,7,13.34,74.74,1318.5547633171082,0.04,0.1,6.096774193548387,1.0984740158064517
Udupi,2006,8,13.34,74.74,1067.2510657310486,0.229,0.3,3.838709677419355,0.9450053216129032
Udupi,2006,9,13.34,74.74,465.924043148756,0.428,0.54,2.9,1.5086187580000001
Udupi,2006,10,13.34,74.74,338.1888750642538,0.577,0.77,4.645161290322581,1.7489779667580645
Udupi,2006,11,13.34,74.74,219.50784793496132,0.501,0.94,3.6333333333333333,1.1893461453333332
Udupi,2006,12,13.34,74.74,0.6957967281341553,0.172,0.94,3.2903225806451615,1.4631380310096773
Udupi,2007,1,13.34,74.74,0.0,0.225,0.66,5.935483870967742,1.2701261521580645
Udupi,2007,2,13.34,74.74,0.0,0.15,0.22,4.357142857142857,1.1186876339285714
Udupi,2007,3,13.34,74.74,0.0,0.115,-0.12,5.645161290322581,1.321150566451613
Udupi,2007,4,13.34,74.74,39.15465451031923,0.1,-0.32,5.133333333333334,0.8067391546666667
Udupi,2007,5,13.34,74.74,150.55408602952957,0.27,-0.38,4.741935483870968,1.2340057027322582
Udupi,2007,6,13.34,74.74,1267.2075564265251,0.031,-0.47,3.1333333333333333,1.3529915246666666
Udupi,2007,7,13.34,74.74,1265.9812569618225,0.045,-0.56,4.193548387096774,1.3795319935483872
Udupi,2007,8,13.34,74.74,949.6164544969797,0.237,-0.81,2.5483870967741935,0.8762567774193548
Udupi,2007,9,13.34,74.74,967.0246040970087,0.235,-1.07,4.533333333333333,1.1761283893333332
Udupi,2007,10,13.34,74.74,306.38746450841427,0.068,-1.34,5.419354838709677,1.2009301141935484
Udupi,2007,11,13.34,74.74,107.88532234728336,-0.023,-1.5,5.533333333333333,1.588934237
Udupi,2007,12,13.34,74.74,0.0,-0.227,-1.6,3.4838709677419355,2.0751771258064515
Udupi,2008,1,13.34,74.74,0.0,0.115,-1.64,5.193548387096774,1.8184795248387096
Udupi,2008,2,13.34,74.74,42.81090700626373,-0.072,-1.52,3.586206896551724,1.2379733358620688
Udupi,2008,3,13.34,74.74,229.07174211740494,0.097,-1.29,2.870967741935484,1.8412203261290323
Udupi,2008,4,13.34,74.74,13.898825764656067,-0.153,-1.01,4.966666666666667,0.8616907713333333
Udupi,2008,5,13.34,74.74,98.35959631204605,0.179,-0.84,4.967741935483871,1.7237106374193547
Udupi,2008,6,13.34,74.74,631.9262146949768,0.215,-0.61,4.666666666666667,0.953116955
Udupi,2008,7,13.34,74.74,491.47152692079544,0.246,-0.37,2.3870967741935485,1.2312710548387096
Udupi,2008,8,13.34,74.74,554.7254191339016,0.124,-0.23,2.3548387096774195,1.211697393548387
Udupi,2008,9,13.34,74.74,263.48820665478706,0.086,-0.24,4.833333333333333,1.4465834003333333
Udupi,2008,10,13.34,74.74,170.95940028131008,0.029,-0.35,3.3225806451612905,1.3736839277419355
Udupi,2008,11,13.34,74.74,23.30561988055706,-0.128,-0.55,5.033333333333333,1.2276514546666666
Udupi,2008,12,13.34,74.74,6.375802516937256,-0.053,-0.73,5.870967741935484,0.8991352851612903
Udupi,2009,1,13.34,74.74,0.0,0.031,-0.85,5.258064516129032,1.3644628538709678
Udupi,2009,2,13.34,74.74,0.0,0.163,-0.79,5.178571428571429,0.9907292532142857
Udupi,2009,3,13.34,74.74,96.0471672564745,0.1,-0.61,6.096774193548387,1.1326078929032257
Udupi,2009,4,13.34,74.74,39.810631692409515,0.126,-0.33,3.9,2.2441025066666667
Udupi,2009,5,13.34,74.74,133.1518231034279,0.257,0.01,7.225806451612903,1.0808286461290324
Udupi,2009,6,13.34,74.74,726.8187137246132,0.1,0.28,5.866666666666666,1.4584701413333332
Udupi,2009,7,13.34,74.74,2221.786371797323,-0.192,0.45,3.838709677419355,0.6150665787096774
Udupi,2009,8,13.34,74.74,737.0931930243969,-0.104,0.58,2.935483870967742,1.12875141
Udupi,2009,9,13.34,74.74,703.5687038004398,-0.103,0.71,4.033333333333333,1.6812911126666668
Udupi,2009,10,13.34,74.74,464.63599137961864,-0.013,1.01,5.225806451612903,0.9675306593548387
Udupi,2009,11,13.34,74.74,229.74533818662167,-0.067,1.36,3.7666666666666666,1.78102768
Udupi,2009,12,13.34,74.74,64.41714224219322,0.16,1.56,5.096774193548387,1.2578152232258064
Udupi,2010,1,13.34,74.74,23.407279759645462,0.294,1.5,4.967741935483871,1.289910690967742
Udupi,2010,2,13.34,74.74,0.0,0.023,1.22,7.107142857142857,1.3009368542857143
Udupi,2010,3,13.34,74.74,1.4587254077196121,0.458,0.84,2.4516129032258065,1.229541595483871
Udupi,2010,4,13.34,74.74,65.09238582849503,0.37,0.35,4.3,0.970552031
Udupi,2010,5,13.34,74.74,100.50563567876816,-0.029,-0.17,4.032258064516129,1.3091519658064517
Udupi,2010,6,13.34,74.74,865.2132352292538,-0.14,-0.66,1.7666666666666666,1.285590429
Udupi,2010,7,13.34,74.74,1438.1577143073082,-0.001,-1.05,2.4193548387096775,1.663601914516129
Udupi,2010,8,13.34,74.74,903.2072283625603,-0.061,-1.35,2.967741935483871,0.747917844516129
Udupi,2010,9,13.34,74.74,605.7096577882767,-0.267,-1.56,2.2,0.8091414173333332
Udupi,2010,10,13.34,74.74,500.9964317381382,-0.437,-1.64,5.032258064516129,1.3724983983870966
Udupi,2010,11,13.34,74.74,302.41596027463675,-0.495,-1.64,4.433333333333334,0.7180750344066666
Udupi,2010,12,13.34,74.74,39.038590371608734,-0.212,-1.54,5.129032258064516,0.9818622567741935
Udupi,2011,1,13.34,74.74,0.0,0.191,-1.31,5.967741935483871,1.5956191370967743
Udupi,2011,2,13.34,74.74,0.0,0.241,-1.04,5.678571428571429,0.5124724357571429
Udupi,2011,3,13.34,74.74,0.0,0.367,-0.8,4.645161290322581,1.117857366129032
Udupi,2011,4,13.34,74.74,80.85134966671467,0.154,-0.62,5.866666666666666,0.9413861176666667
Udupi,2011,5,13.34,74.74,46.571400701999664,-0.089,-0.46,6.129032258064516,1.5436429977419355
Udupi,2011,6,13.34,74.74,1269.2196526527405,0.055,-0.37,3.7333333333333334,0.6791252076666666
Udupi,2011,7,13.34,74.74,1555.9234881401062,0.223,-0.43,3.7096774193548385,1.0109919648387098
Udupi,2011,8,13.34,74.74,1321.6384859085083,0.344,-0.58,2.774193548387097,1.011544473516129
Udupi,2011,9,13.34,74.74,775.7065092325211,0.202,-0.79,3.7,0.9066917783333334
Udupi,2011,10,13.34,74.74,219.1135774254799,0.356,-0.96,4.129032258064516,1.8293501125806453
Udupi,2011,11,13.34,74.74,137.4141352325678,0.336,-1.02,4.033333333333333,1.4278005003333334
Udupi,2011,12,13.34,74.74,0.0,-0.128,-0.92,4.483870967741935,1.388414425483871
Udupi,2012,1,13.34,74.74,0.0,0.046,-0.72,5.774193548387097,1.0838557522580645
Udupi,2012,2,13.34,74.74,0.0,-0.078,-0.57,4.068965517241379,1.9624444827586207
Udupi,2012,3,13.34,74.74,2.5999999046325684,0.026,-0.46,5.161290322580645,2.275805190322581
Udupi,2012,4,13.34,74.74,21.800000369548798,-0.271,-0.36,4.733333333333333,1.392764723
Udupi,2012,5,13.34,74.74,69.70000296831131,-0.37,-0.17,5.838709677419355,0.508314344516129
Udupi,2012,6,13.34,74.74,746.2000031471252,0.0,0.06,3.933333333333333,1.5851710730000002
Udupi,2012,7,13.34,74.74,1118.6584482192993,0.546,0.3,3.2580645161290325,1.0006735025806452
Udupi,2012,8,13.34,74.74,1528.2375695705414,0.652,0.41,3.3548387096774195,1.4237936377419356
Udupi,2012,9,13.34,74.74,647.3233379423618,0.453,0.41,4.366666666666666,1.1895103533333333
Udupi,2012,10,13.34,74.74,101.1144600212574,0.11,0.31,3.064516129032258,1.05932045
Udupi,2012,11,13.34,74.74,97.25070580840111,-0.099,0.13,4.6,0.7542804866666667
Udupi,2012,12,13.34,74.74,0.0,0.267,-0.1,2.4516129032258065,0.8817284803225806
Udupi,2013,1,13.34,74.74,6.123479843139648,-0.065,-0.29,6.064516129032258,1.989185853870968
Udupi,2013,2,13.34,74.74,26.486986875534058,0.189,-0.29,3.392857142857143,1.6343154739285715
Udupi,2013,3,13.34,74.74,2.968083381652832,0.083,-0.21,5.225806451612903,1.208878878064516
Udupi,2013,4,13.34,74.74,22.252147614955902,-0.297,-0.19,5.133333333333334,0.9100850366666666
Udupi,2013,5,13.34,74.74,178.73914501070976,-0.506,-0.27,3.935483870967742,1.196817595483871
Udupi,2013,6,13.34,74.74,1289.2148871421814,-0.497,-0.34,4.366666666666666,1.2253081406666666
Udupi,2013,7,13.34,74.74,1386.8709678649902,-0.181,-0.35,3.5806451612903225,0.8870305335483871
Udupi,2013,8,13.34,74.74,784.4421598911285,-0.194,-0.28,5.806451612903226,0.912353013548387
Udupi,2013,9,13.34,74.74,405.83108784258366,-0.31,-0.21,3.7666666666666666,1.5937026506666667
Udupi,2013,10,13.34,74.74,252.01417779922485,-0.168,-0.13,5.161290322580645,0.8202488128741936
Udupi,2013,11,13.34,74.74,63.09414321184158,0.199,-0.1,3.2,0.6853039573333334
Udupi,2013,12,13.34,74.74,3.4854562282562256,0.141,-0.15,3.870967741935484,1.0410569158064515
Udupi,2014,1,13.34,74.74,0.0,-0.101,-0.28,5.741935483870968,1.1766352048387096
Udupi,2014,2,13.34,74.74,0.0,-0.089,-0.32,5.857142857142857,1.4348881625
Udupi,2014,3,13.34,74.74,0.9461283683776855,-0.151,-0.14,3.6129032258064515,1.5816916796774194
Udupi,2014,4,13.34,74.74,30.652260422706604,-0.058,0.15,5.533333333333333,1.3192271676666667
Udupi,2014,5,13.34,74.74,171.5895347893238,-0.092,0.31,2.3225806451612905,1.4339224977419354
Udupi,2014,6,13.34,74.74,659.6121609508991,-0.028,0.23,4.433333333333334,1.108679051
Udupi,2014,7,13.34,74.74,1107.3367686271667,-0.363,0.1,5.806451612903226,1.1528067432258065
Udupi,2014,8,13.34,74.74,1140.9159741997719,-0.372,0.11,1.7096774193548387,1.2150309538709676
Udupi,2014,9,13.34,74.74,434.0219617187977,-0.145,0.28,4.333333333333333,0.649377995
Udupi,2014,10,13.34,74.74,232.91591930389404,0.141,0.54,3.7096774193548385,0.9880874900000001
Udupi,2014,11,13.34,74.74,59.19658088684082,0.009,0.71,2.933333333333333,1.4682012086666667
Udupi,2014,12,13.34,74.74,16.243772253394127,0.046,0.77,4.741935483870968,1.3856411206451613
Udupi,2015,1,13.34,74.74,1.3278409242630005,-0.1,0.69,6.193548387096774,1.595519382903226
Udupi,2015,2,13.34,74.74,0.0,-0.345,0.61,6.464285714285714,0.8730502682142857
Udupi,2015,3,13.34,74.74,30.694991916418076,-0.241,0.65,5.161290322580645,2.5235438870967744
Udupi,2015,4,13.34,74.74,110.70745076239109,-0.008,0.81,3.466666666666667,0.9544394936666667
Udupi,2015,5,13.34,74.74,140.13866835832596,0.24,1.02,5.096774193548387,0.7510026245161291
Udupi,2015,6,13.34,74.74,815.9614413976669,0.296,1.25,3.433333333333333,1.9929203833333333
Udupi,2015,7,13.34,74.74,1199.3462240695953,0.225,1.57,4.451612903225806,1.837990334516129
Udupi,2015,8,13.34,74.74,686.382286682725,0.568,1.91,5.870967741935484,0.8428048241935484
Udupi,2015,9,13.34,74.74,238.69496257603168,0.294,2.21,4.7,0.62977513528
Udupi,2015,10,13.34,74.74,268.1324235200882,0.482,2.47,4.935483870967742,1.5348366948387098
Udupi,2015,11,13.34,74.74,213.13161678612232,0.347,2.64,2.6666666666666665,1.8664467500000002
Udupi,2015,12,13.34,74.74,10.95893606543541,0.272,2.75,4.419354838709677,1.905701525483871
Udupi,2016,1,13.34,74.74,0.0,0.265,2.63,4.548387096774194,1.397440465735484
Udupi,2016,2,13.34,74.74,0.0,-0.11,2.28,5.586206896551724,2.0595920172413793
Udupi,2016,3,13.34,74.74,0.0,-0.008,1.71,5.387096774193548,1.2421979758064514
Udupi,2016,4,13.34,74.74,0.17063122987747192,0.146,1.05,3.433333333333333,0.6606036036666667
Udupi,2016,5,13.34,74.74,103.44619572162628,-0.113,0.49,2.935483870967742,1.3503781812903226
Udupi,2016,6,13.34,74.74,1278.414583683014,-0.443,0.0,4.166666666666667,1.5598082686666668
Udupi,2016,7,13.34,74.74,988.3582036495209,-0.757,-0.31,3.129032258064516,1.0086871877419354
Udupi,2016,8,13.34,74.74,616.8431470990181,-0.443,-0.5,5.709677419354839,1.3634238690322582
Udupi,2016,9,13.34,74.74,322.0123601555824,-0.437,-0.58,4.233333333333333,0.9987363606666667
Udupi,2016,10,13.34,74.74,63.56790030002594,-0.371,-0.64,5.645161290322581,0.6798959190322581
Udupi,2016,11,13.34,74.74,23.37160837650299,-0.382,-0.6,4.366666666666666,1.4056047909999998
Udupi,2016,12,13.34,74.74,7.38883376121521,-0.31,-0.45,4.451612903225806,0.6025583080645162
Udupi,2017,1,13.34,74.74,0.0,-0.086,-0.19,3.7096774193548385,1.2075865980645162
Udupi,2017,2,13.34,74.74,0.0,0.101,-0.02,4.607142857142857,2.432161792857143
Udupi,2017,3,13.34,74.74,0.0,0.357,0.18,3.6774193548387095,0.7525501162903225
Udupi,2017,4,13.34,74.74,9.06981910765171,0.498,0.31,6.7,0.7843319514433333
Udupi,2017,5,13.34,74.74,90.95993335545063,0.536,0.4,4.193548387096774,1.3503042366709677
Udupi,2017,6,13.34,74.74,1028.1897429823875,0.424,0.39,2.433333333333333,1.010765505
Udupi,2017,7,13.34,74.74,894.8573615550995,0.52,0.19,3.6774193548387095,1.0194311058064516
Udupi,2017,8,13.34,74.74,860.5440324321389,0.349,-0.07,4.193548387096774,0.560064344016129
Udupi,2017,9,13.34,74.74,347.86604803800583,0.035,-0.34,4.233333333333333,0.5864452456666667
Udupi,2017,10,13.34,74.74,296.06333227455616,0.015,-0.6,5.354838709677419,2.0237151622580645
Udupi,2017,11,13.34,74.74,14.821369886398315,0.289,-0.77,4.166666666666667,0.8390316453333334
Udupi,2017,12,13.34,74.74,14.535539388656616,0.11,-0.86,5.258064516129032,1.455329965483871
Udupi,2018,1,13.34,74.74,0.0,-0.2,-0.77,3.5806451612903225,2.2438225967741934
Udupi,2018,2,13.34,74.74,0.0,0.216,-0.71,5.5,2.449217742857143
Udupi,2018,3,13.34,74.74,65.19704523682594,-0.12,-0.57,4.161290322580645,1.1359975419354837
Udupi,2018,4,13.34,74.74,27.737944543361664,-0.083,-0.39,4.433333333333334,1.4919827436666668
Udupi,2018,5,13.34,74.74,489.4253787994385,0.122,-0.13,3.096774193548387,1.7735262777419354
Udupi,2018,6,13.34,74.74,1078.9347185790539,0.155,0.06,3.433333333333333,1.099695321
Udupi,2018,7,13.34,74.74,1109.736167371273,0.053,0.14,4.967741935483871,1.4670566325806451
Udupi,2018,8,13.34,74.74,1211.1569261550903,0.121,0.27,5.419354838709677,1.1604823280645162
Udupi,2018,9,13.34,74.74,91.07150983065367,0.604,0.53,6.6,1.0746740603333333
Udupi,2018,10,13.34,74.74,248.01148608326912,0.684,0.81,4.129032258064516,1.372201460967742
Udupi,2018,11,13.34,74.74,23.216193318367004,0.5,0.97,4.666666666666667,1.3713922473333333
Udupi,2018,12,13.34,74.74,16.322574853897095,0.309,0.92,3.838709677419355,2.266200470967742
Udupi,2019,1,13.34,74.74,0.0,0.387,0.89,5.709677419354839,1.75703085
Udupi,2019,2,13.34,74.74,0.0,0.416,0.86,6.142857142857143,1.7487797142857142
Udupi,2019,3,13.34,74.74,0.0,0.225,0.84,4.064516129032258,1.1146516216129032
Udupi,2019,4,13.34,74.74,16.712492674589157,0.258,0.77,3.7333333333333334,1.0698441273333332
Udupi,2019,5,13.34,74.74,32.76588952541351,0.54,0.64,6.096774193548387,1.854505129032258
Udupi,2019,6,13.34,74.74,566.8789437413216,0.605,0.52,4.566666666666666,1.3048570076666666
Udupi,2019,7,13.34,74.74,1178.333892583847,0.597,0.33,2.3548387096774195,0.8737279109677419
Udupi,2019,8,13.34,74.74,1294.0908341407776,0.436,0.19,4.129032258064516,0.9542141777419355
Udupi,2019,9,13.34,74.74,691.1606125086546,0.892,0.23,4.5,1.6799940163333333
Udupi,2019,10,13.34,74.74,629.6593105494976,0.964,0.39,2.6774193548387095,1.5321089774193548
Udupi,2019,11,13.34,74.74,117.27513706684113,0.835,0.58,4.7,1.5540973666666666
Udupi,2019,12,13.34,74.74,36.236430406570435,0.243,0.66,3.7096774193548385,0.9795201067741935
Udupi,2020,1,13.34,74.74,0.0,0.173,0.64,5.516129032258065,2.0013102467741937
Udupi,2020,2,13.34,74.74,0.0,0.054,0.63,5.551724137931035,1.19141821
Udupi,2020,3,13.34,74.74,31.263786256313324,0.019,0.53,3.7419354838709675,1.516898370967742
Udupi,2020,4,13.34,74.74,70.86122238636017,-0.011,0.3,3.6666666666666665,1.6374265986666667
Udupi,2020,5,13.34,74.74,141.16109091043472,0.298,0.01,4.451612903225806,1.1646890893548387
Udupi,2020,6,13.34,74.74,824.1922056674957,0.455,-0.23,1.6,1.3547168013333333
Udupi,2020,7,13.34,74.74,1136.0313886255026,0.319,-0.36,2.0,1.5012130690322583
Udupi,2020,8,13.34,74.74,1106.6898860931396,-0.183,-0.53,4.516129032258065,1.5708076487096774
Udupi,2020,9,13.34,74.74,1067.3233310133219,-0.189,-0.85,4.166666666666667,1.1078213236666665
Udupi,2020,10,13.34,74.74,347.85059410333633,0.074,-1.12,5.032258064516129,1.8443815480645163
Udupi,2020,11,13.34,74.74,30.125415459275246,0.02,-1.2,4.533333333333333,1.0659901883333334
Udupi,2020,12,13.34,74.74,18.298439502716064,0.031,-1.08,4.709677419354839,0.8462182629741936
Udupi,2021,1,13.34,74.74,97.2698350250721,0.051,-0.91,4.483870967741935,1.3812992767741936
Udupi,2021,2,13.34,74.74,5.560160398483276,0.243,-0.79,6.357142857142857,1.7109776275000002
Udupi,2021,3,13.34,74.74,12.066093921661377,0.267,-0.71,4.032258064516129,1.1486161170967741
Udupi,2021,4,13.34,74.74,100.85852879285812,0.25,-0.55,6.7,2.1312086966666666
Udupi,2021,5,13.34,74.74,497.1203394830227,0.009,-0.39,3.6451612903225805,1.6188268058064517
Udupi,2021,6,13.34,74.74,831.5011134147644,-0.002,-0.3,3.033333333333333,1.2543668813333333
Udupi,2021,7,13.34,74.74,1037.4948700666428,-0.229,-0.35,4.193548387096774,1.2697446645161292
Udupi,2021,8,13.34,74.74,662.7536743581295,-0.099,-0.45,3.0,1.3328496390322582
Udupi,2021,9,13.34,74.74,520.2092973589897,-0.058,-0.63,3.4,1.16716908
Udupi,2021,10,13.34,74.74,330.0553811788559,-0.091,-0.76,3.5161290322580645,1.1958632022580646
Udupi,2021,11,13.34,74.74,346.3609820008278,0.069,-0.91,3.7333333333333334,1.0642061103333333
Udupi,2021,12,13.34,74.74,18.648114144802094,-0.12,-0.87,6.451612903225806,2.068191648387097
Udupi,2022,1,13.34,74.74,0.0,-0.056,-0.82,6.838709677419355,1.1541269361290323
Udupi,2022,2,13.34,74.74,0.0,-0.082,-0.79,3.142857142857143,1.2939472457142858
Udupi,2022,3,13.34,74.74,14.268949404358864,-0.093,-0.86,3.064516129032258,1.0719917463806452
Udupi,2022,4,13.34,74.74,100.26384264230728,-0.068,-0.95,3.5,0.6809799073333332
Udupi,2022,5,13.34,74.74,357.1847462505102,-0.122,-0.9,4.67741935483871,1.2369349422580647
Udupi,2022,6,13.34,74.74,637.4282792210579,-0.335,-0.78,2.7333333333333334,1.7460144566666667
Udupi,2022,7,13.34,74.74,1740.3963300585747,-0.195,-0.76,3.096774193548387,0.9906527754838709
Udupi,2022,8,13.34,74.74,846.6223546266556,-0.246,-0.87,3.3870967741935485,0.9623516609677419
Udupi,2022,9,13.34,74.74,328.26695665717125,-0.322,-0.97,4.566666666666666,0.45954351401
Udupi,2022,10,13.34,74.74,129.18612602353096,-0.691,-0.94,5.387096774193548,1.5040083503225805
Udupi,2022,11,13.34,74.74,79.2648786008358,-0.269,-0.85,5.966666666666667,1.2876559716666667
Udupi,2022,12,13.34,74.74,20.496210545301437,-0.091,-0.71,4.161290322580645,1.0273198254935483
Udupi,2023,1,13.34,74.74,0.0,0.11,-0.54,5.32258064516129,1.3139867793548388
Udupi,2023,2,13.34,74.74,0.0,0.157,-0.29,5.571428571428571,1.642928577857143
Udupi,2023,3,13.34,74.74,0.0,0.414,-0.02,4.548387096774194,2.51316421
Udupi,2023,4,13.34,74.74,6.031567811965942,0.56,0.27,5.133333333333334,1.690960304
Udupi,2023,5,13.34,74.74,58.80588960647583,0.443,0.57,6.064516129032258,1.6563232422580645
Udupi,2023,6,13.34,74.74,473.4070664048195,0.665,0.84,3.066666666666667,1.1452140906
Udupi,2023,7,13.34,74.74,1839.019687652588,0.498,1.12,4.225806451612903,0.7976125261290323
Udupi,2023,8,13.34,74.74,250.73829131643288,0.826,1.37,6.32258064516129,0.9138732870967742
Udupi,2023,9,13.34,74.74,442.2976765036583,0.946,1.6,3.533333333333333,0.8482362092433333
Udupi,2023,10,13.34,74.74,90.15324191749096,0.804,1.83,4.419354838709677,1.3481443029032258
Udupi,2023,11,13.34,74.74,131.62522575445473,0.92,1.99,3.3,1.3793660156666665
Udupi,2023,12,13.34,74.74,28.55382150411606,0.852,2.06,4.193548387096774,1.5088745183870966
Uttara Kannada (Karwar),2000,1,14.81,74.13,0.0,-0.125,-1.66,3.7096774193548385,0.6000893251612903
Uttara Kannada (Karwar),2000,2,14.81,74.13,0.0,-0.009,-1.41,3.793103448275862,1.1428570703448275
Uttara Kannada (Karwar),2000,3,14.81,74.13,0.0,0.141,-1.07,3.3870967741935485,0.9157557180645162
Uttara Kannada (Karwar),2000,4,14.81,74.13,0.0,0.141,-0.81,4.533333333333333,0.9053602656666667
Uttara Kannada (Karwar),2000,5,14.81,74.13,434.2860050201416,0.113,-0.71,5.483870967741935,0.9960924206451613
Uttara Kannada (Karwar),2000,6,14.81,74.13,1109.5693408250809,-0.022,-0.64,4.1,0.7017651786833333
Uttara Kannada (Karwar),2000,7,14.81,74.13,1088.986976146698,0.077,-0.55,5.548387096774194,1.5948303687096774
Uttara Kannada (Karwar),2000,8,14.81,74.13,805.5868217945099,0.131,-0.51,3.838709677419355,1.62711539
Uttara Kannada (Karwar),2000,9,14.81,74.13,214.3291098177433,-0.096,-0.55,4.1,1.278711512
Uttara Kannada (Karwar),2000,10,14.81,74.13,83.35855162143707,-0.142,-0.63,4.806451612903226,1.5696261258064517
Uttara Kannada (Karwar),2000,11,14.81,74.13,7.654139995574951,-0.306,-0.75,4.266666666666667,1.6378827666666667
Uttara Kannada (Karwar),2000,12,14.81,74.13,0.0,-0.248,-0.74,4.806451612903226,1.1626311996774195
Uttara Kannada (Karwar),2001,1,14.81,74.13,4.438220024108887,-0.431,-0.68,2.5483870967741935,1.8043092477419354
Uttara Kannada (Karwar),2001,2,14.81,74.13,0.0,-0.016,-0.52,5.25,2.3275103500000003
Uttara Kannada (Karwar),2001,3,14.81,74.13,0.0,-0.01,-0.44,5.258064516129032,0.6080977735483871
Uttara Kannada (Karwar),2001,4,14.81,74.13,76.39721256494522,0.136,-0.34,4.533333333333333,0.6858787033333333
Uttara Kannada (Karwar),2001,5,14.81,74.13,160.1167575120926,0.137,-0.25,5.451612903225806,1.5366611332258064
Uttara Kannada (Karwar),2001,6,14.81,74.13,859.9889437258244,0.127,-0.12,4.033333333333333,0.8460881063833334
Uttara Kannada (Karwar),2001,7,14.81,74.13,850.9946370124817,-0.14,-0.08,4.258064516129032,1.4921871870967742
Uttara Kannada (Karwar),2001,8,14.81,74.13,504.13521683216095,-0.301,-0.13,5.419354838709677,1.397106648064516
Uttara Kannada (Karwar),2001,9,14.81,74.13,162.6289114356041,-0.223,-0.19,3.0,1.2181324733333334
Uttara Kannada (Karwar),2001,10,14.81,74.13,114.4377047419548,-0.451,-0.29,5.387096774193548,1.3723289300000001
Uttara Kannada (Karwar),2001,11,14.81,74.13,0.17934545874595642,-0.245,-0.35,4.4,0.9614376696666667
Uttara Kannada (Karwar),2001,12,14.81,74.13,0.0,-0.051,-0.31,6.580645161290323,1.7203842838709678
Uttara Kannada (Karwar),2002,1,14.81,74.13,0.0,-0.142,-0.15,4.258064516129032,1.6998524758064517
Uttara Kannada (Karwar),2002,2,14.81,74.13,0.0,-0.098,0.03,5.714285714285714,1.0814431442857144
Uttara Kannada (Karwar),2002,3,14.81,74.13,0.0,0.008,0.09,3.5483870967741935,1.3025143731387099
Uttara Kannada (Karwar),2002,4,14.81,74.13,7.716819316148758,-0.352,0.2,2.533333333333333,0.8904978936033333
Uttara Kannada (Karwar),2002,5,14.81,74.13,142.07319327443838,-0.329,0.43,5.903225806451613,2.409133551612903
Uttara Kannada (Karwar),2002,6,14.81,74.13,1080.1530268788338,-0.189,0.65,3.566666666666667,1.8803833166666666
Uttara Kannada (Karwar),2002,7,14.81,74.13,444.35350212454796,-0.261,0.79,6.387096774193548,1.7221574980645162
Uttara Kannada (Karwar),2002,8,14.81,74.13,745.9354922771454,-0.208,0.86,5.67741935483871,1.4202360319354839
Uttara Kannada (Karwar),2002,9,14.81,74.13,172.91529428958893,0.286,1.01,4.433333333333334,0.7018471730000001
Uttara Kannada (Karwar),2002,10,14.81,74.13,254.99023281037807,0.405,1.21,4.129032258064516,0.8933860990322581
Uttara Kannada (Karwar),2002,11,14.81,74.13,0.0,0.096,1.31,3.566666666666667,2.25046865
Uttara Kannada (Karwar),2002,12,14.81,74.13,0.0,-0.158,1.14,3.7096774193548385,1.8575260422580646
Uttara Kannada (Karwar),2003,1,14.81,74.13,0.0,-0.239,0.92,5.354838709677419,0.8134987815870968
Uttara Kannada (Karwar),2003,2,14.81,74.13,0.0,0.017,0.63,4.178571428571429,0.7148255028571429
Uttara Kannada (Karwar),2003,3,14.81,74.13,2.2864513397216797,-0.039,0.38,3.903225806451613,1.4626752464516128
Uttara Kannada (Karwar),2003,4,14.81,74.13,2.6587241291999817,-0.099,-0.04,3.8666666666666667,1.1874197433333333
Uttara Kannada (Karwar),2003,5,14.81,74.13,0.0,-0.164,-0.26,5.258064516129032,2.245336555483871
Uttara Kannada (Karwar),2003,6,14.81,74.13,1360.5684742331505,0.139,-0.16,3.2666666666666666,1.65106069
Uttara Kannada (Karwar),2003,7,14.81,74.13,1329.5693137645721,0.131,0.08,3.6129032258064515,0.9928557990322581
Uttara Kannada (Karwar),2003,8,14.81,74.13,670.6933598518372,0.108,0.21,3.870967741935484,0.6039936987096773
Uttara Kannada (Karwar),2003,9,14.81,74.13,343.0533164292574,-0.06,0.26,4.266666666666667,0.7902776976666667
Uttara Kannada (Karwar),2003,10,14.81,74.13,133.64262299239635,-0.243,0.29,5.419354838709677,1.2216482238709676
Uttara Kannada (Karwar),2003,11,14.81,74.13,2.580553501844406,-0.159,0.35,4.3,0.49874167021000004
Uttara Kannada (Karwar),2003,12,14.81,74.13,0.0,0.189,0.35,4.258064516129032,1.8000867477419356
Uttara Kannada (Karwar),2004,1,14.81,74.13,0.0,0.044,0.37,4.709677419354839,2.246038609677419
Uttara Kannada (Karwar),2004,2,14.81,74.13,0.0,0.114,0.31,5.517241379310345,1.4791189124137931
Uttara Kannada (Karwar),2004,3,14.81,74.13,0.0,0.077,0.23,5.064516129032258,2.1767354612903227
Uttara Kannada (Karwar),2004,4,14.81,74.13,3.715973377227783,-0.079,0.17,3.6,1.2874256193333333
Uttara Kannada (Karwar),2004,5,14.81,74.13,233.85338962078094,-0.565,0.17,3.838709677419355,1.4382904767741935
Uttara Kannada (Karwar),2004,6,14.81,74.13,727.7849144935608,-0.384,0.28,4.533333333333333,1.0188708323333333
Uttara Kannada (Karwar),2004,7,14.81,74.13,746.4858984947205,-0.301,0.47,2.6129032258064515,1.6112249593548387
Uttara Kannada (Karwar),2004,8,14.81,74.13,712.0799288749695,-0.133,0.64,6.612903225806452,1.2484562670967743
Uttara Kannada (Karwar),2004,9,14.81,74.13,230.96194936335087,-0.106,0.7,2.1,1.4384542359999999
Uttara Kannada (Karwar),2004,10,14.81,74.13,140.39773046970367,-0.004,0.67,4.32258064516129,1.54811694
Uttara Kannada (Karwar),2004,11,14.81,74.13,64.41803312301636,-0.153,0.66,3.8666666666666667,0.558687573
Uttara Kannada (Karwar),2004,12,14.81,74.13,0.0,-0.132,0.69,4.354838709677419,0.7194164974193549
Uttara Kannada (Karwar),2005,1,14.81,74.13,0.0,-0.124,0.64,5.67741935483871,1.203385613832258
Uttara Kannada (Karwar),2005,2,14.81,74.13,0.0,-0.56,0.58,6.821428571428571,1.5145378439285715
Uttara Kannada (Karwar),2005,3,14.81,74.13,0.0,-0.433,0.45,4.290322580645161,1.7757296806451612
Uttara Kannada (Karwar),2005,4,14.81,74.13,53.34011721611023,0.084,0.43,4.966666666666667,2.6446991
Uttara Kannada (Karwar),2005,5,14.81,74.13,46.40176773071289,-0.033,0.29,4.548387096774194,1.8156324893548388
Uttara Kannada (Karwar),2005,6,14.81,74.13,861.381514698267,-0.176,0.11,2.966666666666667,0.7345759723333334
Uttara Kannada (Karwar),2005,7,14.81,74.13,1278.6554698348045,-0.384,-0.06,2.6451612903225805,1.0290815029032259
Uttara Kannada (Karwar),2005,8,14.81,74.13,481.8903237581253,-0.345,-0.14,3.6129032258064515,0.939736100967742
Uttara Kannada (Karwar),2005,9,14.81,74.13,420.64043582975864,-0.534,-0.11,5.8,1.522602815
Uttara Kannada (Karwar),2005,10,14.81,74.13,209.0248972773552,-0.436,-0.29,3.5483870967741935,1.0373357177419353
Uttara Kannada (Karwar),2005,11,14.81,74.13,0.0,-0.272,-0.57,5.7,1.0062126816666666
Uttara Kannada (Karwar),2005,12,14.81,74.13,0.0,-0.3,-0.84,3.7419354838709675,0.6440208229032258
Uttara Kannada (Karwar),2006,1,14.81,74.13,0.0,-0.135,-0.85,4.258064516129032,1.7294375064516128
Uttara Kannada (Karwar),2006,2,14.81,74.13,0.0,-0.306,-0.77,5.428571428571429,1.6995880442857143
Uttara Kannada (Karwar),2006,3,14.81,74.13,16.176175832748413,-0.226,-0.57,4.419354838709677,0.8061425020580646
Uttara Kannada (Karwar),2006,4,14.81,74.13,0.0,-0.015,-0.37,4.833333333333333,0.9840533986666666
Uttara Kannada (Karwar),2006,5,14.81,74.13,440.2957116365433,-0.208,-0.14,5.161290322580645,1.1181375867741936
Uttara Kannada (Karwar),2006,6,14.81,74.13,859.0599071532488,-0.059,-0.03,2.433333333333333,1.1171617263333333
Uttara Kannada (Karwar),2006,7,14.81,74.13,719.8421196937561,0.04,0.1,6.096774193548387,1.0984740158064517
Uttara Kannada (Karwar),2006,8,14.81,74.13,746.8244029283524,0.229,0.3,3.838709677419355,0.9450053216129032
Uttara Kannada (Karwar),2006,9,14.81,74.13,437.18731984496117,0.428,0.54,2.9,1.5086187580000001
Uttara Kannada (Karwar),2006,10,14.81,74.13,269.7263631671667,0.577,0.77,4.645161290322581,1.7489779667580645
Uttara Kannada (Karwar),2006,11,14.81,74.13,38.630278542637825,0.501,0.94,3.6333333333333333,1.1893461453333332
Uttara Kannada (Karwar),2006,12,14.81,74.13,0.0,0.172,0.94,3.2903225806451615,1.4631380310096773
Uttara Kannada (Karwar),2007,1,14.81,74.13,0.0,0.225,0.66,5.935483870967742,1.2701261521580645
Uttara Kannada (Karwar),2007,2,14.81,74.13,0.0,0.15,0.22,4.357142857142857,1.1186876339285714
Uttara Kannada (Karwar),2007,3,14.81,74.13,0.0,0.115,-0.12,5.645161290322581,1.321150566451613
Uttara Kannada (Karwar),2007,4,14.81,74.13,9.655404597520828,0.1,-0.32,5.133333333333334,0.8067391546666667
Uttara Kannada (Karwar),2007,5,14.81,74.13,62.37500524520874,0.27,-0.38,4.741935483870968,1.2340057027322582
Uttara Kannada (Karwar),2007,6,14.81,74.13,1065.6800673156977,0.031,-0.47,3.1333333333333333,1.3529915246666666
Uttara Kannada (Karwar),2007,7,14.81,74.13,818.1271889209747,0.045,-0.56,4.193548387096774,1.3795319935483872
Uttara Kannada (Karwar),2007,8,14.81,74.13,1119.4043788909912,0.237,-0.81,2.5483870967741935,0.8762567774193548
Uttara Kannada (Karwar),2007,9,14.81,74.13,635.075389161706,0.235,-1.07,4.533333333333333,1.1761283893333332
Uttara Kannada (Karwar),2007,10,14.81,74.13,148.6288821697235,0.068,-1.34,5.419354838709677,1.2009301141935484
Uttara Kannada (Karwar),2007,11,14.81,74.13,37.34995198249817,-0.023,-1.5,5.533333333333333,1.588934237
Uttara Kannada (Karwar),2007,12,14.81,74.13,2.9958133697509766,-0.227,-1.6,3.4838709677419355,2.0751771258064515
Uttara Kannada (Karwar),2008,1,14.81,74.13,0.0,0.115,-1.64,5.193548387096774,1.8184795248387096
Uttara Kannada (Karwar),2008,2,14.81,74.13,4.0969343185424805,-0.072,-1.52,3.586206896551724,1.2379733358620688
Uttara Kannada (Karwar),2008,3,14.81,74.13,71.75310173630714,0.097,-1.29,2.870967741935484,1.8412203261290323
Uttara Kannada (Karwar),2008,4,14.81,74.13,14.311790227890015,-0.153,-1.01,4.966666666666667,0.8616907713333333
Uttara Kannada (Karwar),2008,5,14.81,74.13,38.491159200668335,0.179,-0.84,4.967741935483871,1.7237106374193547
Uttara Kannada (Karwar),2008,6,14.81,74.13,887.3835084140301,0.215,-0.61,4.666666666666667,0.953116955
Uttara Kannada (Karwar),2008,7,14.81,74.13,632.6393113136292,0.246,-0.37,2.3870967741935485,1.2312710548387096
Uttara Kannada (Karwar),2008,8,14.81,74.13,996.0555645823479,0.124,-0.23,2.3548387096774195,1.211697393548387
Uttara Kannada (Karwar),2008,9,14.81,74.13,502.48442792892456,0.086,-0.24,4.833333333333333,1.4465834003333333
Uttara Kannada (Karwar),2008,10,14.81,74.13,23.12109975516796,0.029,-0.35,3.3225806451612905,1.3736839277419355
Uttara Kannada (Karwar),2008,11,14.81,74.13,4.148275099694729,-0.128,-0.55,5.033333333333333,1.2276514546666666
Uttara Kannada (Karwar),2008,12,14.81,74.13,2.4083530604839325,-0.053,-0.73,5.870967741935484,0.8991352851612903
Uttara Kannada (Karwar),2009,1,14.81,74.13,0.0,0.031,-0.85,5.258064516129032,1.3644628538709678
Uttara Kannada (Karwar),2009,2,14.81,74.13,0.0,0.163,-0.79,5.178571428571429,0.9907292532142857
Uttara Kannada (Karwar),2009,3,14.81,74.13,15.305122554302216,0.1,-0.61,6.096774193548387,1.1326078929032257
Uttara Kannada (Karwar),2009,4,14.81,74.13,1.2922405004501343,0.126,-0.33,3.9,2.2441025066666667
Uttara Kannada (Karwar),2009,5,14.81,74.13,59.24945569038391,0.257,0.01,7.225806451612903,1.0808286461290324
Uttara Kannada (Karwar),2009,6,14.81,74.13,730.3549851477146,0.1,0.28,5.866666666666666,1.4584701413333332
Uttara Kannada (Karwar),2009,7,14.81,74.13,1589.2134351730347,-0.192,0.45,3.838709677419355,0.6150665787096774
Uttara Kannada (Karwar),2009,8,14.81,74.13,395.5703650712967,-0.104,0.58,2.935483870967742,1.12875141
Uttara Kannada (Karwar),2009,9,14.81,74.13,438.6327529400587,-0.103,0.71,4.033333333333333,1.6812911126666668
Uttara Kannada (Karwar),2009,10,14.81,74.13,373.3197900056839,-0.013,1.01,5.225806451612903,0.9675306593548387
Uttara Kannada (Karwar),2009,11,14.81,74.13,90.02758787572384,-0.067,1.36,3.7666666666666666,1.78102768
Uttara Kannada (Karwar),2009,12,14.81,74.13,40.34878182411194,0.16,1.56,5.096774193548387,1.2578152232258064
Uttara Kannada (Karwar),2010,1,14.81,74.13,17.234500885009766,0.294,1.5,4.967741935483871,1.289910690967742
Uttara Kannada (Karwar),2010,2,14.81,74.13,0.0,0.023,1.22,7.107142857142857,1.3009368542857143
Uttara Kannada (Karwar),2010,3,14.81,74.13,0.0,0.458,0.84,2.4516129032258065,1.229541595483871
Uttara Kannada (Karwar),2010,4,14.81,74.13,2.848072052001953,0.37,0.35,4.3,0.970552031
Uttara Kannada (Karwar),2010,5,14.81,74.13,83.27372407913208,-0.029,-0.17,4.032258064516129,1.3091519658064517
Uttara Kannada (Karwar),2010,6,14.81,74.13,911.7590455561876,-0.14,-0.66,1.7666666666666666,1.285590429
Uttara Kannada (Karwar),2010,7,14.81,74.13,1722.763230085373,-0.001,-1.05,2.4193548387096775,1.663601914516129
Uttara Kannada (Karwar),2010,8,14.81,74.13,682.4674272537231,-0.061,-1.35,2.967741935483871,0.747917844516129
Uttara Kannada (Karwar),2010,9,14.81,74.13,670.8270132541656,-0.267,-1.56,2.2,0.8091414173333332
Uttara Kannada (Karwar),2010,10,14.81,74.13,452.44000217318535,-0.437,-1.64,5.032258064516129,1.3724983983870966
Uttara Kannada (Karwar),2010,11,14.81,74.13,266.95599541068077,-0.495,-1.64,4.433333333333334,0.7180750344066666
Uttara Kannada (Karwar),2010,12,14.81,74.13,5.742391526699066,-0.212,-1.54,5.129032258064516,0.9818622567741935
Uttara Kannada (Karwar),2011,1,14.81,74.13,0.0,0.191,-1.31,5.967741935483871,1.5956191370967743
Uttara Kannada (Karwar),2011,2,14.81,74.13,0.0,0.241,-1.04,5.678571428571429,0.5124724357571429
Uttara Kannada (Karwar),2011,3,14.81,74.13,0.0,0.367,-0.8,4.645161290322581,1.117857366129032
Uttara Kannada (Karwar),2011,4,14.81,74.13,46.94863969087601,0.154,-0.62,5.866666666666666,0.9413861176666667
Uttara Kannada (Karwar),2011,5,14.81,74.13,6.229158043861389,-0.089,-0.46,6.129032258064516,1.5436429977419355
Uttara Kannada (Karwar),2011,6,14.81,74.13,1040.2665634453297,0.055,-0.37,3.7333333333333334,0.6791252076666666
Uttara Kannada (Karwar),2011,7,14.81,74.13,1243.3404159545898,0.223,-0.43,3.7096774193548385,1.0109919648387098
Uttara Kannada (Karwar),2011,8,14.81,74.13,933.1078701019287,0.344,-0.58,2.774193548387097,1.011544473516129
Uttara Kannada (Karwar),2011,9,14.81,74.13,481.53221184015274,0.202,-0.79,3.7,0.9066917783333334
Uttara Kannada (Karwar),2011,10,14.81,74.13,81.42764231562614,0.356,-0.96,4.129032258064516,1.8293501125806453
Uttara Kannada (Karwar),2011,11,14.81,74.13,31.145871818065643,0.336,-1.02,4.033333333333333,1.4278005003333334
Uttara Kannada (Karwar),2011,12,14.81,74.13,0.0,-0.128,-0.92,4.483870967741935,1.388414425483871
Uttara Kannada (Karwar),2012,1,14.81,74.13,0.0,0.046,-0.72,5.774193548387097,1.0838557522580645
Uttara Kannada (Karwar),2012,2,14.81,74.13,0.0,-0.078,-0.57,4.068965517241379,1.9624444827586207
Uttara Kannada (Karwar),2012,3,14.81,74.13,0.0,0.026,-0.46,5.161290322580645,2.275805190322581
Uttara Kannada (Karwar),2012,4,14.81,74.13,15.412147402763367,-0.271,-0.36,4.733333333333333,1.392764723
Uttara Kannada (Karwar),2012,5,14.81,74.13,0.0,-0.37,-0.17,5.838709677419355,0.508314344516129
Uttara Kannada (Karwar),2012,6,14.81,74.13,1006.2620902061462,0.0,0.06,3.933333333333333,1.5851710730000002
Uttara Kannada (Karwar),2012,7,14.81,74.13,654.5665738582611,0.546,0.3,3.2580645161290325,1.0006735025806452
Uttara Kannada (Karwar),2012,8,14.81,74.13,881.5032538920641,0.652,0.41,3.3548387096774195,1.4237936377419356
Uttara Kannada (Karwar),2012,9,14.81,74.13,303.34278041124344,0.453,0.41,4.366666666666666,1.1895103533333333
Uttara Kannada (Karwar),2012,10,14.81,74.13,187.04851856827736,0.11,0.31,3.064516129032258,1.05932045
Uttara Kannada (Karwar),2012,11,14.81,74.13,38.143088698387146,-0.099,0.13,4.6,0.7542804866666667
Uttara Kannada (Karwar),2012,12,14.81,74.13,0.18160733580589294,0.267,-0.1,2.4516129032258065,0.8817284803225806
Uttara Kannada (Karwar),2013,1,14.81,74.13,0.0,-0.065,-0.29,6.064516129032258,1.989185853870968
Uttara Kannada (Karwar),2013,2,14.81,74.13,19.529176712036133,0.189,-0.29,3.392857142857143,1.6343154739285715
Uttara Kannada (Karwar),2013,3,14.81,74.13,3.3631131649017334,0.083,-0.21,5.225806451612903,1.208878878064516
Uttara Kannada (Karwar),2013,4,14.81,74.13,0.395660400390625,-0.297,-0.19,5.133333333333334,0.9100850366666666
Uttara Kannada (Karwar),2013,5,14.81,74.13,38.87543886899948,-0.506,-0.27,3.935483870967742,1.196817595483871
Uttara Kannada (Karwar),2013,6,14.81,74.13,1004.3090752959251,-0.497,-0.34,4.366666666666666,1.2253081406666666
Uttara Kannada (Karwar),2013,7,14.81,74.13,1758.343180656433,-0.181,-0.35,3.5806451612903225,0.8870305335483871
Uttara Kannada (Karwar),2013,8,14.81,74.13,706.6672866344452,-0.194,-0.28,5.806451612903226,0.912353013548387
Uttara Kannada (Karwar),2013,9,14.81,74.13,472.5863751769066,-0.31,-0.21,3.7666666666666666,1.5937026506666667
Uttara Kannada (Karwar),2013,10,14.81,74.13,215.91673040390015,-0.168,-0.13,5.161290322580645,0.8202488128741936
Uttara Kannada (Karwar),2013,11,14.81,74.13,3.112305760383606,0.199,-0.1,3.2,0.6853039573333334
Uttara Kannada (Karwar),2013,12,14.81,74.13,0.0,0.141,-0.15,3.870967741935484,1.0410569158064515
Uttara Kannada (Karwar),2014,1,14.81,74.13,0.0,-0.101,-0.28,5.741935483870968,1.1766352048387096
Uttara Kannada (Karwar),2014,2,14.81,74.13,0.0,-0.089,-0.32,5.857142857142857,1.4348881625
Uttara Kannada (Karwar),2014,3,14.81,74.13,0.0,-0.151,-0.14,3.6129032258064515,1.5816916796774194
Uttara Kannada (Karwar),2014,4,14.81,74.13,6.162690162658691,-0.058,0.15,5.533333333333333,1.3192271676666667
Uttara Kannada (Karwar),2014,5,14.81,74.13,140.61463876068592,-0.092,0.31,2.3225806451612905,1.4339224977419354
Uttara Kannada (Karwar),2014,6,14.81,74.13,712.7350496053696,-0.028,0.23,4.433333333333334,1.108679051
Uttara Kannada (Karwar),2014,7,14.81,74.13,1366.474638223648,-0.363,0.1,5.806451612903226,1.1528067432258065
Uttara Kannada (Karwar),2014,8,14.81,74.13,1152.8510873019695,-0.372,0.11,1.7096774193548387,1.2150309538709676
Uttara Kannada (Karwar),2014,9,14.81,74.13,350.94625106453896,-0.145,0.28,4.333333333333333,0.649377995
Uttara Kannada (Karwar),2014,10,14.81,74.13,142.81816786527634,0.141,0.54,3.7096774193548385,0.9880874900000001
Uttara Kannada (Karwar),2014,11,14.81,74.13,25.86370849609375,0.009,0.71,2.933333333333333,1.4682012086666667
Uttara Kannada (Karwar),2014,12,14.81,74.13,5.228919267654419,0.046,0.77,4.741935483870968,1.3856411206451613
Uttara Kannada (Karwar),2015,1,14.81,74.13,6.019946098327637,-0.1,0.69,6.193548387096774,1.595519382903226
Uttara Kannada (Karwar),2015,2,14.81,74.13,0.0,-0.345,0.61,6.464285714285714,0.8730502682142857
Uttara Kannada (Karwar),2015,3,14.81,74.13,27.858121499419212,-0.241,0.65,5.161290322580645,2.5235438870967744
Uttara Kannada (Karwar),2015,4,14.81,74.13,8.192947775125504,-0.008,0.81,3.466666666666667,0.9544394936666667
Uttara Kannada (Karwar),2015,5,14.81,74.13,72.15586391091347,0.24,1.02,5.096774193548387,0.7510026245161291
Uttara Kannada (Karwar),2015,6,14.81,74.13,866.2351974248886,0.296,1.25,3.433333333333333,1.9929203833333333
Uttara Kannada (Karwar),2015,7,14.81,74.13,655.1873219013214,0.225,1.57,4.451612903225806,1.837990334516129
Uttara Kannada (Karwar),2015,8,14.81,74.13,563.394180059433,0.568,1.91,5.870967741935484,0.8428048241935484
Uttara Kannada (Karwar),2015,9,14.81,74.13,396.577120244503,0.294,2.21,4.7,0.62977513528
Uttara Kannada (Karwar),2015,10,14.81,74.13,82.82478401064873,0.482,2.47,4.935483870967742,1.5348366948387098
Uttara Kannada (Karwar),2015,11,14.81,74.13,24.807540372014046,0.347,2.64,2.6666666666666665,1.8664467500000002
Uttara Kannada (Karwar),2015,12,14.81,74.13,0.0,0.272,2.75,4.419354838709677,1.905701525483871
Uttara Kannada (Karwar),2016,1,14.81,74.13,0.0,0.265,2.63,4.548387096774194,1.397440465735484
Uttara Kannada (Karwar),2016,2,14.81,74.13,0.0,-0.11,2.28,5.586206896551724,2.0595920172413793
Uttara Kannada (Karwar),2016,3,14.81,74.13,0.0,-0.008,1.71,5.387096774193548,1.2421979758064514
Uttara Kannada (Karwar),2016,4,14.81,74.13,0.0,0.146,1.05,3.433333333333333,0.6606036036666667
Uttara Kannada (Karwar),2016,5,14.81,74.13,56.067153722047806,-0.113,0.49,2.935483870967742,1.3503781812903226
Uttara Kannada (Karwar),2016,6,14.81,74.13,1080.3067757487297,-0.443,0.0,4.166666666666667,1.5598082686666668
Uttara Kannada (Karwar),2016,7,14.81,74.13,854.9482011795044,-0.757,-0.31,3.129032258064516,1.0086871877419354
Uttara Kannada (Karwar),2016,8,14.81,74.13,506.11044049263,-0.443,-0.5,5.709677419354839,1.3634238690322582
Uttara Kannada (Karwar),2016,9,14.81,74.13,276.1535889208317,-0.437,-0.58,4.233333333333333,0.9987363606666667
Uttara Kannada (Karwar),2016,10,14.81,74.13,259.4743665009737,-0.371,-0.64,5.645161290322581,0.6798959190322581
Uttara Kannada (Karwar),2016,11,14.81,74.13,5.360489845275879,-0.382,-0.6,4.366666666666666,1.4056047909999998
Uttara Kannada (Karwar),2016,12,14.81,74.13,2.375538647174835,-0.31,-0.45,4.451612903225806,0.6025583080645162
Uttara Kannada (Karwar),2017,1,14.81,74.13,0.0,-0.086,-0.19,3.7096774193548385,1.2075865980645162
Uttara Kannada (Karwar),2017,2,14.81,74.13,0.0,0.101,-0.02,4.607142857142857,2.432161792857143
Uttara Kannada (Karwar),2017,3,14.81,74.13,0.0,0.357,0.18,3.6774193548387095,0.7525501162903225
Uttara Kannada (Karwar),2017,4,14.81,74.13,3.8629435300827026,0.498,0.31,6.7,0.7843319514433333
Uttara Kannada (Karwar),2017,5,14.81,74.13,91.96835704147816,0.536,0.4,4.193548387096774,1.3503042366709677
Uttara Kannada (Karwar),2017,6,14.81,74.13,937.0342683792114,0.424,0.39,2.433333333333333,1.010765505
Uttara Kannada (Karwar),2017,7,14.81,74.13,838.3038618564606,0.52,0.19,3.6774193548387095,1.0194311058064516
Uttara Kannada (Karwar),2017,8,14.81,74.13,556.3933737128973,0.349,-0.07,4.193548387096774,0.560064344016129
Uttara Kannada (Karwar),2017,9,14.81,74.13,416.0336480140686,0.035,-0.34,4.233333333333333,0.5864452456666667
Uttara Kannada (Karwar),2017,10,14.81,74.13,156.13036374747753,0.015,-0.6,5.354838709677419,2.0237151622580645
Uttara Kannada (Karwar),2017,11,14.81,74.13,23.724876761436462,0.289,-0.77,4.166666666666667,0.8390316453333334
Uttara Kannada (Karwar),2017,12,14.81,74.13,14.218496322631836,0.11,-0.86,5.258064516129032,1.455329965483871
Uttara Kannada (Karwar),2018,1,14.81,74.13,0.0,-0.2,-0.77,3.5806451612903225,2.2438225967741934
Uttara Kannada (Karwar),2018,2,14.81,74.13,0.0,0.216,-0.71,5.5,2.449217742857143
Uttara Kannada (Karwar),2018,3,14.81,74.13,16.860245138406754,-0.12,-0.57,4.161290322580645,1.1359975419354837
Uttara Kannada (Karwar),2018,4,14.81,74.13,4.293787002563477,-0.083,-0.39,4.433333333333334,1.4919827436666668
Uttara Kannada (Karwar),2018,5,14.81,74.13,83.92088352143764,0.122,-0.13,3.096774193548387,1.7735262777419354
Uttara Kannada (Karwar),2018,6,14.81,74.13,1113.3350403308868,0.155,0.06,3.433333333333333,1.099695321
Uttara Kannada (Karwar),2018,7,14.81,74.13,935.1573771238327,0.053,0.14,4.967741935483871,1.4670566325806451
Uttara Kannada (Karwar),2018,8,14.81,74.13,634.8466584682465,0.121,0.27,5.419354838709677,1.1604823280645162
Uttara Kannada (Karwar),2018,9,14.81,74.13,102.23855951428413,0.604,0.53,6.6,1.0746740603333333
Uttara Kannada (Karwar),2018,10,14.81,74.13,84.4627021998167,0.684,0.81,4.129032258064516,1.372201460967742
Uttara Kannada (Karwar),2018,11,14.81,74.13,1.117719143629074,0.5,0.97,4.666666666666667,1.3713922473333333
Uttara Kannada (Karwar),2018,12,14.81,74.13,0.48975104093551636,0.309,0.92,3.838709677419355,2.266200470967742
Uttara Kannada (Karwar),2019,1,14.81,74.13,0.0,0.387,0.89,5.709677419354839,1.75703085
Uttara Kannada (Karwar),2019,2,14.81,74.13,0.0,0.416,0.86,6.142857142857143,1.7487797142857142
Uttara Kannada (Karwar),2019,3,14.81,74.13,3.7655003666877747,0.225,0.84,4.064516129032258,1.1146516216129032
Uttara Kannada (Karwar),2019,4,14.81,74.13,9.744288206100464,0.258,0.77,3.7333333333333334,1.0698441273333332
Uttara Kannada (Karwar),2019,5,14.81,74.13,11.622538566589355,0.54,0.64,6.096774193548387,1.854505129032258
Uttara Kannada (Karwar),2019,6,14.81,74.13,836.1595012247562,0.605,0.52,4.566666666666666,1.3048570076666666
Uttara Kannada (Karwar),2019,7,14.81,74.13,1376.9073050022125,0.597,0.33,2.3548387096774195,0.8737279109677419
Uttara Kannada (Karwar),2019,8,14.81,74.13,1282.8498157262802,0.436,0.19,4.129032258064516,0.9542141777419355
Uttara Kannada (Karwar),2019,9,14.81,74.13,634.9023575335741,0.892,0.23,4.5,1.6799940163333333
Uttara Kannada (Karwar),2019,10,14.81,74.13,628.5545625016093,0.964,0.39,2.6774193548387095,1.5321089774193548
Uttara Kannada (Karwar),2019,11,14.81,74.13,19.667769253253937,0.835,0.58,4.7,1.5540973666666666
Uttara Kannada (Karwar),2019,12,14.81,74.13,3.663346767425537,0.243,0.66,3.7096774193548385,0.9795201067741935
Uttara Kannada (Karwar),2020,1,14.81,74.13,0.0,0.173,0.64,5.516129032258065,2.0013102467741937
Uttara Kannada (Karwar),2020,2,14.81,74.13,0.0,0.054,0.63,5.551724137931035,1.19141821
Uttara Kannada (Karwar),2020,3,14.81,74.13,0.19114238023757935,0.019,0.53,3.7419354838709675,1.516898370967742
Uttara Kannada (Karwar),2020,4,14.81,74.13,19.274091601371765,-0.011,0.3,3.6666666666666665,1.6374265986666667
Uttara Kannada (Karwar),2020,5,14.81,74.13,67.58607903122902,0.298,0.01,4.451612903225806,1.1646890893548387
Uttara Kannada (Karwar),2020,6,14.81,74.13,1260.3941986560822,0.455,-0.23,1.6,1.3547168013333333
Uttara Kannada (Karwar),2020,7,14.81,74.13,1383.0323402881622,0.319,-0.36,2.0,1.5012130690322583
Uttara Kannada (Karwar),2020,8,14.81,74.13,1347.7118804454803,-0.183,-0.53,4.516129032258065,1.5708076487096774
Uttara Kannada (Karwar),2020,9,14.81,74.13,834.5123054385185,-0.189,-0.85,4.166666666666667,1.1078213236666665
Uttara Kannada (Karwar),2020,10,14.81,74.13,260.06139720231295,0.074,-1.12,5.032258064516129,1.8443815480645163
Uttara Kannada (Karwar),2020,11,14.81,74.13,6.143100261688232,0.02,-1.2,4.533333333333333,1.0659901883333334
Uttara Kannada (Karwar),2020,12,14.81,74.13,9.05211079120636,0.031,-1.08,4.709677419354839,0.8462182629741936
Uttara Kannada (Karwar),2021,1,14.81,74.13,3.7017444372177124,0.051,-0.91,4.483870967741935,1.3812992767741936
Uttara Kannada (Karwar),2021,2,14.81,74.13,20.573192298412323,0.243,-0.79,6.357142857142857,1.7109776275000002
Uttara Kannada (Karwar),2021,3,14.81,74.13,17.357763171195984,0.267,-0.71,4.032258064516129,1.1486161170967741
Uttara Kannada (Karwar),2021,4,14.81,74.13,38.95815099775791,0.25,-0.55,6.7,2.1312086966666666
Uttara Kannada (Karwar),2021,5,14.81,74.13,379.73441338539124,0.009,-0.39,3.6451612903225805,1.6188268058064517
Uttara Kannada (Karwar),2021,6,14.81,74.13,900.9704772233963,-0.002,-0.3,3.033333333333333,1.2543668813333333
Uttara Kannada (Karwar),2021,7,14.81,74.13,1116.2813004255295,-0.229,-0.35,4.193548387096774,1.2697446645161292
Uttara Kannada (Karwar),2021,8,14.81,74.13,419.0156165063381,-0.099,-0.45,3.0,1.3328496390322582
Uttara Kannada (Karwar),2021,9,14.81,74.13,739.0422707796097,-0.058,-0.63,3.4,1.16716908
Uttara Kannada (Karwar),2021,10,14.81,74.13,219.15888787806034,-0.091,-0.76,3.5161290322580645,1.1958632022580646
Uttara Kannada (Karwar),2021,11,14.81,74.13,124.16632345318794,0.069,-0.91,3.7333333333333334,1.0642061103333333
Uttara Kannada (Karwar),2021,12,14.81,74.13,70.8907510638237,-0.12,-0.87,6.451612903225806,2.068191648387097
Uttara Kannada (Karwar),2022,1,14.81,74.13,0.0,-0.056,-0.82,6.838709677419355,1.1541269361290323
Uttara Kannada (Karwar),2022,2,14.81,74.13,0.0,-0.082,-0.79,3.142857142857143,1.2939472457142858
Uttara Kannada (Karwar),2022,3,14.81,74.13,0.0,-0.093,-0.86,3.064516129032258,1.0719917463806452
Uttara Kannada (Karwar),2022,4,14.81,74.13,18.381807193160057,-0.068,-0.95,3.5,0.6809799073333332
Uttara Kannada (Karwar),2022,5,14.81,74.13,150.40240660309792,-0.122,-0.9,4.67741935483871,1.2369349422580647
Uttara Kannada (Karwar),2022,6,14.81,74.13,754.0471856296062,-0.335,-0.78,2.7333333333333334,1.7460144566666667
Uttara Kannada (Karwar),2022,7,14.81,74.13,1332.7747929692268,-0.195,-0.76,3.096774193548387,0.9906527754838709
Uttara Kannada (Karwar),2022,8,14.81,74.13,618.7298476845026,-0.246,-0.87,3.3870967741935485,0.9623516609677419
Uttara Kannada (Karwar),2022,9,14.81,74.13,427.1404464840889,-0.322,-0.97,4.566666666666666,0.45954351401
Uttara Kannada (Karwar),2022,10,14.81,74.13,146.73536477982998,-0.691,-0.94,5.387096774193548,1.5040083503225805
Uttara Kannada (Karwar),2022,11,14.81,74.13,3.3868339210748672,-0.269,-0.85,5.966666666666667,1.2876559716666667
Uttara Kannada (Karwar),2022,12,14.81,74.13,9.404713571071625,-0.091,-0.71,4.161290322580645,1.0273198254935483
Uttara Kannada (Karwar),2023,1,14.81,74.13,0.0,0.11,-0.54,5.32258064516129,1.3139867793548388
Uttara Kannada (Karwar),2023,2,14.81,74.13,0.0,0.157,-0.29,5.571428571428571,1.642928577857143
Uttara Kannada (Karwar),2023,3,14.81,74.13,0.0,0.414,-0.02,4.548387096774194,2.51316421
Uttara Kannada (Karwar),2023,4,14.81,74.13,0.0,0.56,0.27,5.133333333333334,1.690960304
Uttara Kannada (Karwar),2023,5,14.81,74.13,34.928817853331566,0.443,0.57,6.064516129032258,1.6563232422580645
Uttara Kannada (Karwar),2023,6,14.81,74.13,587.0282427370548,0.665,0.84,3.066666666666667,1.1452140906
Uttara Kannada (Karwar),2023,7,14.81,74.13,1609.8130631446838,0.498,1.12,4.225806451612903,0.7976125261290323
Uttara Kannada (Karwar),2023,8,14.81,74.13,206.60777436569333,0.826,1.37,6.32258064516129,0.9138732870967742
Uttara Kannada (Karwar),2023,9,14.81,74.13,553.0941753387451,0.946,1.6,3.533333333333333,0.8482362092433333
Uttara Kannada (Karwar),2023,10,14.81,74.13,111.47113054990768,0.804,1.83,4.419354838709677,1.3481443029032258
Uttara Kannada (Karwar),2023,11,14.81,74.13,29.08540466427803,0.92,1.99,3.3,1.3793660156666665
Uttara Kannada (Karwar),2023,12,14.81,74.13,0.0,0.852,2.06,4.193548387096774,1.5088745183870966
Shivamogga,2000,1,13.93,75.57,0.30945467948913574,-0.125,-1.66,3.7096774193548385,0.6000893251612903
Shivamogga,2000,2,13.93,75.57,0.0,-0.009,-1.41,3.793103448275862,1.1428570703448275
Shivamogga,2000,3,13.93,75.57,0.0,0.141,-1.07,3.3870967741935485,0.9157557180645162
Shivamogga,2000,4,13.93,75.57,11.292557120323181,0.141,-0.81,4.533333333333333,0.9053602656666667
Shivamogga,2000,5,13.93,75.57,41.988212898373604,0.113,-0.71,5.483870967741935,0.9960924206451613
Shivamogga,2000,6,13.93,75.57,55.25004729628563,-0.022,-0.64,4.1,0.7017651786833333
Shivamogga,2000,7,13.93,75.57,152.2651938199997,0.077,-0.55,5.548387096774194,1.5948303687096774
Shivamogga,2000,8,13.93,75.57,178.02836313843727,0.131,-0.51,3.838709677419355,1.62711539
Shivamogga,2000,9,13.93,75.57,209.78904919326305,-0.096,-0.55,4.1,1.278711512
Shivamogga,2000,10,13.93,75.57,204.36651301383972,-0.142,-0.63,4.806451612903226,1.5696261258064517
Shivamogga,2000,11,13.93,75.57,0.26873156428337097,-0.306,-0.75,4.266666666666667,1.6378827666666667
Shivamogga,2000,12,13.93,75.57,0.0,-0.248,-0.74,4.806451612903226,1.1626311996774195
Shivamogga,2001,1,13.93,75.57,0.0,-0.431,-0.68,2.5483870967741935,1.8043092477419354
Shivamogga,2001,2,13.93,75.57,0.0,-0.016,-0.52,5.25,2.3275103500000003
Shivamogga,2001,3,13.93,75.57,0.0,-0.01,-0.44,5.258064516129032,0.6080977735483871
Shivamogga,2001,4,13.93,75.57,41.87528860569,0.136,-0.34,4.533333333333333,0.6858787033333333
Shivamogga,2001,5,13.93,75.57,12.75148355960846,0.137,-0.25,5.451612903225806,1.5366611332258064
Shivamogga,2001,6,13.93,75.57,64.03678011894226,0.127,-0.12,4.033333333333333,0.8460881063833334
Shivamogga,2001,7,13.93,75.57,52.74317467212677,-0.14,-0.08,4.258064516129032,1.4921871870967742
Shivamogga,2001,8,13.93,75.57,129.1881952136755,-0.301,-0.13,5.419354838709677,1.397106648064516
Shivamogga,2001,9,13.93,75.57,113.71518340706825,-0.223,-0.19,3.0,1.2181324733333334
Shivamogga,2001,10,13.93,75.57,3.637948140501976,-0.451,-0.29,5.387096774193548,1.3723289300000001
Shivamogga,2001,11,13.93,75.57,1.0676185935735703,-0.245,-0.35,4.4,0.9614376696666667
Shivamogga,2001,12,13.93,75.57,0.0,-0.051,-0.31,6.580645161290323,1.7203842838709678
Shivamogga,2002,1,13.93,75.57,0.0,-0.142,-0.15,4.258064516129032,1.6998524758064517
Shivamogga,2002,2,13.93,75.57,8.779526442289352,-0.098,0.03,5.714285714285714,1.0814431442857144
Shivamogga,2002,3,13.93,75.57,0.0,0.008,0.09,3.5483870967741935,1.3025143731387099
Shivamogga,2002,4,13.93,75.57,5.813719198107719,-0.352,0.2,2.533333333333333,0.8904978936033333
Shivamogga,2002,5,13.93,75.57,90.35271418094635,-0.329,0.43,5.903225806451613,2.409133551612903
Shivamogga,2002,6,13.93,75.57,80.0186382457614,-0.189,0.65,3.566666666666667,1.8803833166666666
Shivamogga,2002,7,13.93,75.57,49.90932139754295,-0.261,0.79,6.387096774193548,1.7221574980645162
Shivamogga,2002,8,13.93,75.57,91.62804266810417,-0.208,0.86,5.67741935483871,1.4202360319354839
Shivamogga,2002,9,13.93,75.57,34.7194789275527,0.286,1.01,4.433333333333334,0.7018471730000001
Shivamogga,2002,10,13.93,75.57,111.61999639868736,0.405,1.21,4.129032258064516,0.8933860990322581
Shivamogga,2002,11,13.93,75.57,0.2929452955722809,0.096,1.31,3.566666666666667,2.25046865
Shivamogga,2002,12,13.93,75.57,0.0,-0.158,1.14,3.7096774193548385,1.8575260422580646
Shivamogga,2003,1,13.93,75.57,0.0,-0.239,0.92,5.354838709677419,0.8134987815870968
Shivamogga,2003,2,13.93,75.57,0.0,0.017,0.63,4.178571428571429,0.7148255028571429
Shivamogga,2003,3,13.93,75.57,17.136390954256058,-0.039,0.38,3.903225806451613,1.4626752464516128
Shivamogga,2003,4,13.93,75.57,19.621216878294945,-0.099,-0.04,3.8666666666666667,1.1874197433333333
Shivamogga,2003,5,13.93,75.57,1.0706454515457153,-0.164,-0.26,5.258064516129032,2.245336555483871
Shivamogga,2003,6,13.93,75.57,35.189565509557724,0.139,-0.16,3.2666666666666666,1.65106069
Shivamogga,2003,7,13.93,75.57,97.00484621524811,0.131,0.08,3.6129032258064515,0.9928557990322581
Shivamogga,2003,8,13.93,75.57,63.41128161549568,0.108,0.21,3.870967741935484,0.6039936987096773
Shivamogga,2003,9,13.93,75.57,36.60898219794035,-0.06,0.26,4.266666666666667,0.7902776976666667
Shivamogga,2003,10,13.93,75.57,248.82995748519897,-0.243,0.29,5.419354838709677,1.2216482238709676
Shivamogga,2003,11,13.93,75.57,0.0,-0.159,0.35,4.3,0.49874167021000004
Shivamogga,2003,12,13.93,75.57,0.0,0.189,0.35,4.258064516129032,1.8000867477419356
Shivamogga,2004,1,13.93,75.57,0.0,0.044,0.37,4.709677419354839,2.246038609677419
Shivamogga,2004,2,13.93,75.57,0.0,0.114,0.31,5.517241379310345,1.4791189124137931
Shivamogga,2004,3,13.93,75.57,2.1754589080810547,0.077,0.23,5.064516129032258,2.1767354612903227
Shivamogga,2004,4,13.93,75.57,49.47407218813896,-0.079,0.17,3.6,1.2874256193333333
Shivamogga,2004,5,13.93,75.57,139.84992268681526,-0.565,0.17,3.838709677419355,1.4382904767741935
Shivamogga,2004,6,13.93,75.57,133.29911275207996,-0.384,0.28,4.533333333333333,1.0188708323333333
Shivamogga,2004,7,13.93,75.57,129.1456115245819,-0.301,0.47,2.6129032258064515,1.6112249593548387
Shivamogga,2004,8,13.93,75.57,166.87930251657963,-0.133,0.64,6.612903225806452,1.2484562670967743
Shivamogga,2004,9,13.93,75.57,81.69087208807468,-0.106,0.7,2.1,1.4384542359999999
Shivamogga,2004,10,13.93,75.57,36.11522752046585,-0.004,0.67,4.32258064516129,1.54811694
Shivamogga,2004,11,13.93,75.57,10.996098801493645,-0.153,0.66,3.8666666666666667,0.558687573
Shivamogga,2004,12,13.93,75.57,0.0,-0.132,0.69,4.354838709677419,0.7194164974193549
Shivamogga,2005,1,13.93,75.57,12.535706520080566,-0.124,0.64,5.67741935483871,1.203385613832258
Shivamogga,2005,2,13.93,75.57,0.0,-0.56,0.58,6.821428571428571,1.5145378439285715
Shivamogga,2005,3,13.93,75.57,0.0,-0.433,0.45,4.290322580645161,1.7757296806451612
Shivamogga,2005,4,13.93,75.57,83.57581734657288,0.084,0.43,4.966666666666667,2.6446991
Shivamogga,2005,5,13.93,75.57,50.21592092514038,-0.033,0.29,4.548387096774194,1.8156324893548388
Shivamogga,2005,6,13.93,75.57,98.08208737522364,-0.176,0.11,2.966666666666667,0.7345759723333334
Shivamogga,2005,7,13.93,75.57,283.70104375481606,-0.384,-0.06,2.6451612903225805,1.0290815029032259
Shivamogga,2005,8,13.93,75.57,123.09953255951405,-0.345,-0.14,3.6129032258064515,0.939736100967742
Shivamogga,2005,9,13.93,75.57,63.00027071684599,-0.534,-0.11,5.8,1.522602815
Shivamogga,2005,10,13.93,75.57,241.59126386791468,-0.436,-0.29,3.5483870967741935,1.0373357177419353
Shivamogga,2005,11,13.93,75.57,3.4970938861370087,-0.272,-0.57,5.7,1.0062126816666666
Shivamogga,2005,12,13.93,75.57,0.0,-0.3,-0.84,3.7419354838709675,0.6440208229032258
Shivamogga,2006,1,13.93,75.57,0.0,-0.135,-0.85,4.258064516129032,1.7294375064516128
Shivamogga,2006,2,13.93,75.57,0.0,-0.306,-0.77,5.428571428571429,1.6995880442857143
Shivamogga,2006,3,13.93,75.57,0.6276239156723022,-0.226,-0.57,4.419354838709677,0.8061425020580646
Shivamogga,2006,4,13.93,75.57,0.39124611020088196,-0.015,-0.37,4.833333333333333,0.9840533986666666
Shivamogga,2006,5,13.93,75.57,71.6950893998146,-0.208,-0.14,5.161290322580645,1.1181375867741936
Shivamogga,2006,6,13.93,75.57,131.2165918201208,-0.059,-0.03,2.433333333333333,1.1171617263333333
Shivamogga,2006,7,13.93,75.57,115.89399805665016,0.04,0.1,6.096774193548387,1.0984740158064517
Shivamogga,2006,8,13.93,75.57,104.96474976837635,0.229,0.3,3.838709677419355,0.9450053216129032
Shivamogga,2006,9,13.93,75.57,74.02051366120577,0.428,0.54,2.9,1.5086187580000001
Shivamogga,2006,10,13.93,75.57,12.530017420649529,0.577,0.77,4.645161290322581,1.7489779667580645
Shivamogga,2006,11,13.93,75.57,65.32929158210754,0.501,0.94,3.6333333333333333,1.1893461453333332
Shivamogga,2006,12,13.93,75.57,0.0,0.172,0.94,3.2903225806451615,1.4631380310096773
Shivamogga,2007,1,13.93,75.57,0.0,0.225,0.66,5.935483870967742,1.2701261521580645
Shivamogga,2007,2,13.93,75.57,0.0,0.15,0.22,4.357142857142857,1.1186876339285714
Shivamogga,2007,3,13.93,75.57,0.46233034133911133,0.115,-0.12,5.645161290322581,1.321150566451613
Shivamogga,2007,4,13.93,75.57,5.4322517067193985,0.1,-0.32,5.133333333333334,0.8067391546666667
Shivamogga,2007,5,13.93,75.57,19.038054555654526,0.27,-0.38,4.741935483870968,1.2340057027322582
Shivamogga,2007,6,13.93,75.57,210.56015919148922,0.031,-0.47,3.1333333333333333,1.3529915246666666
Shivamogga,2007,7,13.93,75.57,151.47814801335335,0.045,-0.56,4.193548387096774,1.3795319935483872
Shivamogga,2007,8,13.93,75.57,217.23403751850128,0.237,-0.81,2.5483870967741935,0.8762567774193548
Shivamogga,2007,9,13.93,75.57,187.34385304152966,0.235,-1.07,4.533333333333333,1.1761283893333332
Shivamogga,2007,10,13.93,75.57,229.92798379063606,0.068,-1.34,5.419354838709677,1.2009301141935484
Shivamogga,2007,11,13.93,75.57,0.5978381037712097,-0.023,-1.5,5.533333333333333,1.588934237
Shivamogga,2007,12,13.93,75.57,2.940361261367798,-0.227,-1.6,3.4838709677419355,2.0751771258064515
Shivamogga,2008,1,13.93,75.57,12.3363037109375,0.115,-1.64,5.193548387096774,1.8184795248387096
Shivamogga,2008,2,13.93,75.57,0.1743369698524475,-0.072,-1.52,3.586206896551724,1.2379733358620688
Shivamogga,2008,3,13.93,75.57,43.80369225144386,0.097,-1.29,2.870967741935484,1.8412203261290323
Shivamogga,2008,4,13.93,75.57,44.84780299663544,-0.153,-1.01,4.966666666666667,0.8616907713333333
Shivamogga,2008,5,13.93,75.57,35.21599896252155,0.179,-0.84,4.967741935483871,1.7237106374193547
Shivamogga,2008,6,13.93,75.57,93.0571311712265,0.215,-0.61,4.666666666666667,0.953116955
Shivamogga,2008,7,13.93,75.57,144.71282747387886,0.246,-0.37,2.3870967741935485,1.2312710548387096
Shivamogga,2008,8,13.93,75.57,144.05611333251,0.124,-0.23,2.3548387096774195,1.211697393548387
Shivamogga,2008,9,13.93,75.57,92.50296704471111,0.086,-0.24,4.833333333333333,1.4465834003333333
Shivamogga,2008,10,13.93,75.57,103.65995788574219,0.029,-0.35,3.3225806451612905,1.3736839277419355
Shivamogga,2008,11,13.93,75.57,17.210532188415527,-0.128,-0.55,5.033333333333333,1.2276514546666666
Shivamogga,2008,12,13.93,75.57,0.0,-0.053,-0.73,5.870967741935484,0.8991352851612903
Shivamogga,2009,1,13.93,75.57,12.163247108459473,0.031,-0.85,5.258064516129032,1.3644628538709678
Shivamogga,2009,2,13.93,75.57,0.0,0.163,-0.79,5.178571428571429,0.9907292532142857
Shivamogga,2009,3,13.93,75.57,15.614978790283203,0.1,-0.61,6.096774193548387,1.1326078929032257
Shivamogga,2009,4,13.93,75.57,1.471408724784851,0.126,-0.33,3.9,2.2441025066666667
Shivamogga,2009,5,13.93,75.57,122.66125267744064,0.257,0.01,7.225806451612903,1.0808286461290324
Shivamogga,2009,6,13.93,75.57,84.5519285723567,0.1,0.28,5.866666666666666,1.4584701413333332
Shivamogga,2009,7,13.93,75.57,292.96228885650635,-0.192,0.45,3.838709677419355,0.6150665787096774
Shivamogga,2009,8,13.93,75.57,178.76554757356644,-0.104,0.58,2.935483870967742,1.12875141
Shivamogga,2009,9,13.93,75.57,194.06211127340794,-0.103,0.71,4.033333333333333,1.6812911126666668
Shivamogga,2009,10,13.93,75.57,146.62285742163658,-0.013,1.01,5.225806451612903,0.9675306593548387
Shivamogga,2009,11,13.93,75.57,48.040247082710266,-0.067,1.36,3.7666666666666666,1.78102768
Shivamogga,2009,12,13.93,75.57,51.839805603027344,0.16,1.56,5.096774193548387,1.2578152232258064
Shivamogga,2010,1,13.93,75.57,1.1902599334716797,0.294,1.5,4.967741935483871,1.289910690967742
Shivamogga,2010,2,13.93,75.57,0.0,0.023,1.22,7.107142857142857,1.3009368542857143
Shivamogga,2010,3,13.93,75.57,9.685242757201195,0.458,0.84,2.4516129032258065,1.229541595483871
Shivamogga,2010,4,13.93,75.57,40.64701725542545,0.37,0.35,4.3,0.970552031
Shivamogga,2010,5,13.93,75.57,73.22888270020485,-0.029,-0.17,4.032258064516129,1.3091519658064517
Shivamogga,2010,6,13.93,75.57,124.95951021462679,-0.14,-0.66,1.7666666666666666,1.285590429
Shivamogga,2010,7,13.93,75.57,156.84719917178154,-0.001,-1.05,2.4193548387096775,1.663601914516129
Shivamogga,2010,8,13.93,75.57,215.91131794452667,-0.061,-1.35,2.967741935483871,0.747917844516129
Shivamogga,2010,9,13.93,75.57,150.00842571258545,-0.267,-1.56,2.2,0.8091414173333332
Shivamogga,2010,10,13.93,75.57,209.09548911452293,-0.437,-1.64,5.032258064516129,1.3724983983870966
Shivamogga,2010,11,13.93,75.57,156.94339527189732,-0.495,-1.64,4.433333333333334,0.7180750344066666
Shivamogga,2010,12,13.93,75.57,0.0,-0.212,-1.54,5.129032258064516,0.9818622567741935
Shivamogga,2011,1,13.93,75.57,0.0,0.191,-1.31,5.967741935483871,1.5956191370967743
Shivamogga,2011,2,13.93,75.57,0.3568306863307953,0.241,-1.04,5.678571428571429,0.5124724357571429
Shivamogga,2011,3,13.93,75.57,2.8546453416347504,0.367,-0.8,4.645161290322581,1.117857366129032
Shivamogga,2011,4,13.93,75.57,56.69231131672859,0.154,-0.62,5.866666666666666,0.9413861176666667
Shivamogga,2011,5,13.93,75.57,51.17861819267273,-0.089,-0.46,6.129032258064516,1.5436429977419355
Shivamogga,2011,6,13.93,75.57,420.68736708164215,0.055,-0.37,3.7333333333333334,0.6791252076666666
Shivamogga,2011,7,13.93,75.57,539.3013076782227,0.223,-0.43,3.7096774193548385,1.0109919648387098
Shivamogga,2011,8,13.93,75.57,450.1711211204529,0.344,-0.58,2.774193548387097,1.011544473516129
Shivamogga,2011,9,13.93,75.57,286.94941425323486,0.202,-0.79,3.7,0.9066917783333334
Shivamogga,2011,10,13.93,75.57,121.13385453820229,0.356,-0.96,4.129032258064516,1.8293501125806453
Shivamogga,2011,11,13.93,75.57,40.5870007276535,0.336,-1.02,4.033333333333333,1.4278005003333334
Shivamogga,2011,12,13.93,75.57,0.0,-0.128,-0.92,4.483870967741935,1.388414425483871
Shivamogga,2012,1,13.93,75.57,0.0,0.046,-0.72,5.774193548387097,1.0838557522580645
Shivamogga,2012,2,13.93,75.57,0.0,-0.078,-0.57,4.068965517241379,1.9624444827586207
Shivamogga,2012,3,13.93,75.57,0.0,0.026,-0.46,5.161290322580645,2.275805190322581
Shivamogga,2012,4,13.93,75.57,105.641282081604,-0.271,-0.36,4.733333333333333,1.392764723
Shivamogga,2012,5,13.93,75.57,26.87495008111,-0.37,-0.17,5.838709677419355,0.508314344516129
Shivamogga,2012,6,13.93,75.57,4.321555972099304,0.0,0.06,3.933333333333333,1.5851710730000002
Shivamogga,2012,7,13.93,75.57,728.926251411438,0.546,0.3,3.2580645161290325,1.0006735025806452
Shivamogga,2012,8,13.93,75.57,884.5253949165344,0.652,0.41,3.3548387096774195,1.4237936377419356
Shivamogga,2012,9,13.93,75.57,401.29347598552704,0.453,0.41,4.366666666666666,1.1895103533333333
Shivamogga,2012,10,13.93,75.57,31.3256848603487,0.11,0.31,3.064516129032258,1.05932045
Shivamogga,2012,11,13.93,75.57,35.08015704154968,-0.099,0.13,4.6,0.7542804866666667
Shivamogga,2012,12,13.93,75.57,0.6768308877944946,0.267,-0.1,2.4516129032258065,0.8817284803225806
Shivamogga,2013,1,13.93,75.57,0.0,-0.065,-0.29,6.064516129032258,1.989185853870968
Shivamogga,2013,2,13.93,75.57,0.304705947637558,0.189,-0.29,3.392857142857143,1.6343154739285715
Shivamogga,2013,3,13.93,75.57,0.5890310257673264,0.083,-0.21,5.225806451612903,1.208878878064516
Shivamogga,2013,4,13.93,75.57,22.079797506332397,-0.297,-0.19,5.133333333333334,0.9100850366666666
Shivamogga,2013,5,13.93,75.57,156.6656852066517,-0.506,-0.27,3.935483870967742,1.196817595483871
Shivamogga,2013,6,13.93,75.57,96.003083050251,-0.497,-0.34,4.366666666666666,1.2253081406666666
Shivamogga,2013,7,13.93,75.57,216.08222870528698,-0.181,-0.35,3.5806451612903225,0.8870305335483871
Shivamogga,2013,8,13.93,75.57,111.76649904996157,-0.194,-0.28,5.806451612903226,0.912353013548387
Shivamogga,2013,9,13.93,75.57,79.65749150514603,-0.31,-0.21,3.7666666666666666,1.5937026506666667
Shivamogga,2013,10,13.93,75.57,103.86437466740608,-0.168,-0.13,5.161290322580645,0.8202488128741936
Shivamogga,2013,11,13.93,75.57,0.2478318065404892,0.199,-0.1,3.2,0.6853039573333334
Shivamogga,2013,12,13.93,75.57,0.0,0.141,-0.15,3.870967741935484,1.0410569158064515
Shivamogga,2014,1,13.93,75.57,0.0,-0.101,-0.28,5.741935483870968,1.1766352048387096
Shivamogga,2014,2,13.93,75.57,6.557229161262512,-0.089,-0.32,5.857142857142857,1.4348881625
Shivamogga,2014,3,13.93,75.57,18.787530064582825,-0.151,-0.14,3.6129032258064515,1.5816916796774194
Shivamogga,2014,4,13.93,75.57,28.566005013883114,-0.058,0.15,5.533333333333333,1.3192271676666667
Shivamogga,2014,5,13.93,75.57,121.35197377204895,-0.092,0.31,2.3225806451612905,1.4339224977419354
Shivamogga,2014,6,13.93,75.57,69.57827305793762,-0.028,0.23,4.433333333333334,1.108679051
Shivamogga,2014,7,13.93,75.57,221.6815261989832,-0.363,0.1,5.806451612903226,1.1528067432258065
Shivamogga,2014,8,13.93,75.57,258.0251426100731,-0.372,0.11,1.7096774193548387,1.2150309538709676
Shivamogga,2014,9,13.93,75.57,98.73012505471706,-0.145,0.28,4.333333333333333,0.649377995
Shivamogga,2014,10,13.93,75.57,106.07572877407074,0.141,0.54,3.7096774193548385,0.9880874900000001
Shivamogga,2014,11,13.93,75.57,33.84825611114502,0.009,0.71,2.933333333333333,1.4682012086666667
Shivamogga,2014,12,13.93,75.57,26.32658225297928,0.046,0.77,4.741935483870968,1.3856411206451613
Shivamogga,2015,1,13.93,75.57,0.0,-0.1,0.69,6.193548387096774,1.595519382903226
Shivamogga,2015,2,13.93,75.57,0.0,-0.345,0.61,6.464285714285714,0.8730502682142857
Shivamogga,2015,3,13.93,75.57,10.685174405574799,-0.241,0.65,5.161290322580645,2.5235438870967744
Shivamogga,2015,4,13.93,75.57,53.954577565193176,-0.008,0.81,3.466666666666667,0.9544394936666667
Shivamogga,2015,5,13.93,75.57,149.77220867574215,0.24,1.02,5.096774193548387,0.7510026245161291
Shivamogga,2015,6,13.93,75.57,276.4008663892746,0.296,1.25,3.433333333333333,1.9929203833333333
Shivamogga,2015,7,13.93,75.57,87.51392380148172,0.225,1.57,4.451612903225806,1.837990334516129
Shivamogga,2015,8,13.93,75.57,126.06504307687283,0.568,1.91,5.870967741935484,0.8428048241935484
Shivamogga,2015,9,13.93,75.57,127.90058255195618,0.294,2.21,4.7,0.62977513528
Shivamogga,2015,10,13.93,75.57,87.27384054660797,0.482,2.47,4.935483870967742,1.5348366948387098
Shivamogga,2015,11,13.93,75.57,36.924624904990196,0.347,2.64,2.6666666666666665,1.8664467500000002
Shivamogga,2015,12,13.93,75.57,0.3064187169075012,0.272,2.75,4.419354838709677,1.905701525483871
Shivamogga,2016,1,13.93,75.57,0.0,0.265,2.63,4.548387096774194,1.397440465735484
Shivamogga,2016,2,13.93,75.57,0.0,-0.11,2.28,5.586206896551724,2.0595920172413793
Shivamogga,2016,3,13.93,75.57,0.0,-0.008,1.71,5.387096774193548,1.2421979758064514
Shivamogga,2016,4,13.93,75.57,6.473927140235901,0.146,1.05,3.433333333333333,0.6606036036666667
Shivamogga,2016,5,13.93,75.57,83.07510235905647,-0.113,0.49,2.935483870967742,1.3503781812903226
Shivamogga,2016,6,13.93,75.57,137.56765721738338,-0.443,0.0,4.166666666666667,1.5598082686666668
Shivamogga,2016,7,13.93,75.57,109.38162452727556,-0.757,-0.31,3.129032258064516,1.0086871877419354
Shivamogga,2016,8,13.93,75.57,57.335996240377426,-0.443,-0.5,5.709677419354839,1.3634238690322582
Shivamogga,2016,9,13.93,75.57,64.62537425011396,-0.437,-0.58,4.233333333333333,0.9987363606666667
Shivamogga,2016,10,13.93,75.57,22.518014833331108,-0.371,-0.64,5.645161290322581,0.6798959190322581
Shivamogga,2016,11,13.93,75.57,12.719826936721802,-0.382,-0.6,4.366666666666666,1.4056047909999998
Shivamogga,2016,12,13.93,75.57,4.213139116764069,-0.31,-0.45,4.451612903225806,0.6025583080645162
Shivamogga,2017,1,13.93,75.57,2.4772138595581055,-0.086,-0.19,3.7096774193548385,1.2075865980645162
Shivamogga,2017,2,13.93,75.57,0.0,0.101,-0.02,4.607142857142857,2.432161792857143
Shivamogga,2017,3,13.93,75.57,10.028476864099503,0.357,0.18,3.6774193548387095,0.7525501162903225
Shivamogga,2017,4,13.93,75.57,48.184343218803406,0.498,0.31,6.7,0.7843319514433333
Shivamogga,2017,5,13.93,75.57,83.23669728636742,0.536,0.4,4.193548387096774,1.3503042366709677
Shivamogga,2017,6,13.93,75.57,104.64208625257015,0.424,0.39,2.433333333333333,1.010765505
Shivamogga,2017,7,13.93,75.57,117.98773990571499,0.52,0.19,3.6774193548387095,1.0194311058064516
Shivamogga,2017,8,13.93,75.57,154.87991732358932,0.349,-0.07,4.193548387096774,0.560064344016129
Shivamogga,2017,9,13.93,75.57,121.30154217779636,0.035,-0.34,4.233333333333333,0.5864452456666667
Shivamogga,2017,10,13.93,75.57,131.71093225479126,0.015,-0.6,5.354838709677419,2.0237151622580645
Shivamogga,2017,11,13.93,75.57,7.475951671600342,0.289,-0.77,4.166666666666667,0.8390316453333334
Shivamogga,2017,12,13.93,75.57,0.0,0.11,-0.86,5.258064516129032,1.455329965483871
Shivamogga,2018,1,13.93,75.57,0.0,-0.2,-0.77,3.5806451612903225,2.2438225967741934
Shivamogga,2018,2,13.93,75.57,0.0,0.216,-0.71,5.5,2.449217742857143
Shivamogga,2018,3,13.93,75.57,7.190119370818138,-0.12,-0.57,4.161290322580645,1.1359975419354837
Shivamogga,2018,4,13.93,75.57,52.293643951416016,-0.083,-0.39,4.433333333333334,1.4919827436666668
Shivamogga,2018,5,13.93,75.57,162.36132031679153,0.122,-0.13,3.096774193548387,1.7735262777419354
Shivamogga,2018,6,13.93,75.57,159.70924141258,0.155,0.06,3.433333333333333,1.099695321
Shivamogga,2018,7,13.93,75.57,108.93062742054462,0.053,0.14,4.967741935483871,1.4670566325806451
Shivamogga,2018,8,13.93,75.57,172.59557592868805,0.121,0.27,5.419354838709677,1.1604823280645162
Shivamogga,2018,9,13.93,75.57,77.41350656747818,0.604,0.53,6.6,1.0746740603333333
Shivamogga,2018,10,13.93,75.57,139.24798746407032,0.684,0.81,4.129032258064516,1.372201460967742
Shivamogga,2018,11,13.93,75.57,6.954951047897339,0.5,0.97,4.666666666666667,1.3713922473333333
Shivamogga,2018,12,13.93,75.57,3.4970362186431885,0.309,0.92,3.838709677419355,2.266200470967742
Shivamogga,2019,1,13.93,75.57,0.0,0.387,0.89,5.709677419354839,1.75703085
Shivamogga,2019,2,13.93,75.57,3.185272216796875,0.416,0.86,6.142857142857143,1.7487797142857142
Shivamogga,2019,3,13.93,75.57,3.138154238462448,0.225,0.84,4.064516129032258,1.1146516216129032
Shivamogga,2019,4,13.93,75.57,23.789832264184952,0.258,0.77,3.7333333333333334,1.0698441273333332
Shivamogga,2019,5,13.93,75.57,7.2171183079481125,0.54,0.64,6.096774193548387,1.854505129032258
Shivamogga,2019,6,13.93,75.57,54.24557928740978,0.605,0.52,4.566666666666666,1.3048570076666666
Shivamogga,2019,7,13.93,75.57,166.67027387022972,0.597,0.33,2.3548387096774195,0.8737279109677419
Shivamogga,2019,8,13.93,75.57,412.1512376964092,0.436,0.19,4.129032258064516,0.9542141777419355
Shivamogga,2019,9,13.93,75.57,132.35564762353897,0.892,0.23,4.5,1.6799940163333333
Shivamogga,2019,10,13.93,75.57,306.9565104544163,0.964,0.39,2.6774193548387095,1.5321089774193548
Shivamogga,2019,11,13.93,75.57,87.24745655059814,0.835,0.58,4.7,1.5540973666666666
Shivamogga,2019,12,13.93,75.57,10.77083244919777,0.243,0.66,3.7096774193548385,0.9795201067741935
Shivamogga,2020,1,13.93,75.57,0.0,0.173,0.64,5.516129032258065,2.0013102467741937
Shivamogga,2020,2,13.93,75.57,0.0,0.054,0.63,5.551724137931035,1.19141821
Shivamogga,2020,3,13.93,75.57,2.064313769340515,0.019,0.53,3.7419354838709675,1.516898370967742
Shivamogga,2020,4,13.93,75.57,24.350074589252472,-0.011,0.3,3.6666666666666665,1.6374265986666667
Shivamogga,2020,5,13.93,75.57,80.83933563530445,0.298,0.01,4.451612903225806,1.1646890893548387
Shivamogga,2020,6,13.93,75.57,110.79641965776682,0.455,-0.23,1.6,1.3547168013333333
Shivamogga,2020,7,13.93,75.57,177.71840503811836,0.319,-0.36,2.0,1.5012130690322583
Shivamogga,2020,8,13.93,75.57,217.36761547625065,-0.183,-0.53,4.516129032258065,1.5708076487096774
Shivamogga,2020,9,13.93,75.57,183.0123926922679,-0.189,-0.85,4.166666666666667,1.1078213236666665
Shivamogga,2020,10,13.93,75.57,149.4144549369812,0.074,-1.12,5.032258064516129,1.8443815480645163
Shivamogga,2020,11,13.93,75.57,0.2541446089744568,0.02,-1.2,4.533333333333333,1.0659901883333334
Shivamogga,2020,12,13.93,75.57,20.873719692230225,0.031,-1.08,4.709677419354839,0.8462182629741936
Shivamogga,2021,1,13.93,75.57,58.80885469913483,0.051,-0.91,4.483870967741935,1.3812992767741936
Shivamogga,2021,2,13.93,75.57,28.917170256376266,0.243,-0.79,6.357142857142857,1.7109776275000002
Shivamogga,2021,3,13.93,75.57,6.006285190582275,0.267,-0.71,4.032258064516129,1.1486161170967741
Shivamogga,2021,4,13.93,75.57,36.26512569189072,0.25,-0.55,6.7,2.1312086966666666
Shivamogga,2021,5,13.93,75.57,143.98113971948624,0.009,-0.39,3.6451612903225805,1.6188268058064517
Shivamogga,2021,6,13.93,75.57,122.25452946126461,-0.002,-0.3,3.033333333333333,1.2543668813333333
Shivamogga,2021,7,13.93,75.57,313.4375999569893,-0.229,-0.35,4.193548387096774,1.2697446645161292
Shivamogga,2021,8,13.93,75.57,133.46336044371128,-0.099,-0.45,3.0,1.3328496390322582
Shivamogga,2021,9,13.93,75.57,62.79309643805027,-0.058,-0.63,3.4,1.16716908
Shivamogga,2021,10,13.93,75.57,221.3440491333604,-0.091,-0.76,3.5161290322580645,1.1958632022580646
Shivamogga,2021,11,13.93,75.57,210.25486786663532,0.069,-0.91,3.7333333333333334,1.0642061103333333
Shivamogga,2021,12,13.93,75.57,6.647794485092163,-0.12,-0.87,6.451612903225806,2.068191648387097
Shivamogga,2022,1,13.93,75.57,0.0,-0.056,-0.82,6.838709677419355,1.1541269361290323
Shivamogga,2022,2,13.93,75.57,0.0,-0.082,-0.79,3.142857142857143,1.2939472457142858
Shivamogga,2022,3,13.93,75.57,4.46864116191864,-0.093,-0.86,3.064516129032258,1.0719917463806452
Shivamogga,2022,4,13.93,75.57,131.56235867738724,-0.068,-0.95,3.5,0.6809799073333332
Shivamogga,2022,5,13.93,75.57,275.4083340167999,-0.122,-0.9,4.67741935483871,1.2369349422580647
Shivamogga,2022,6,13.93,75.57,48.79850880801678,-0.335,-0.78,2.7333333333333334,1.7460144566666667
Shivamogga,2022,7,13.93,75.57,375.9113799929619,-0.195,-0.76,3.096774193548387,0.9906527754838709
Shivamogga,2022,8,13.93,75.57,301.7092887610197,-0.246,-0.87,3.3870967741935485,0.9623516609677419
Shivamogga,2022,9,13.93,75.57,118.90964916348457,-0.322,-0.97,4.566666666666666,0.45954351401
Shivamogga,2022,10,13.93,75.57,120.82101428508759,-0.691,-0.94,5.387096774193548,1.5040083503225805
Shivamogga,2022,11,13.93,75.57,11.969539061188698,-0.269,-0.85,5.966666666666667,1.2876559716666667
Shivamogga,2022,12,13.93,75.57,22.411147713661194,-0.091,-0.71,4.161290322580645,1.0273198254935483
Shivamogga,2023,1,13.93,75.57,0.0912494957447052,0.11,-0.54,5.32258064516129,1.3139867793548388
Shivamogga,2023,2,13.93,75.57,0.0,0.157,-0.29,5.571428571428571,1.642928577857143
Shivamogga,2023,3,13.93,75.57,4.299382209777832,0.414,-0.02,4.548387096774194,2.51316421
Shivamogga,2023,4,13.93,75.57,46.88448083400726,0.56,0.27,5.133333333333334,1.690960304
Shivamogga,2023,5,13.93,75.57,94.04359269142151,0.443,0.57,6.064516129032258,1.6563232422580645
Shivamogga,2023,6,13.93,75.57,71.33260899782181,0.665,0.84,3.066666666666667,1.1452140906
Shivamogga,2023,7,13.93,75.57,248.7821395099163,0.498,1.12,4.225806451612903,0.7976125261290323
Shivamogga,2023,8,13.93,75.57,34.348021370358765,0.826,1.37,6.32258064516129,0.9138732870967742
Shivamogga,2023,9,13.93,75.57,43.743061292916536,0.946,1.6,3.533333333333333,0.8482362092433333
Shivamogga,2023,10,13.93,75.57,7.036678746342659,0.804,1.83,4.419354838709677,1.3481443029032258
Shivamogga,2023,11,13.93,75.57,124.24213418364525,0.92,1.99,3.3,1.3793660156666665
Shivamogga,2023,12,13.93,75.57,0.9831609129905701,0.852,2.06,4.193548387096774,1.5088745183870966
Chikkamagaluru,2000,1,13.33,75.77,0.0,-0.125,-1.66,3.7096774193548385,0.6000893251612903
Chikkamagaluru,2000,2,13.33,75.77,0.0,-0.009,-1.41,3.793103448275862,1.1428570703448275
Chikkamagaluru,2000,3,13.33,75.77,0.0,0.141,-1.07,3.3870967741935485,0.9157557180645162
Chikkamagaluru,2000,4,13.33,75.77,39.90532612800598,0.141,-0.81,4.533333333333333,0.9053602656666667
Chikkamagaluru,2000,5,13.33,75.77,81.99199971556664,0.113,-0.71,5.483870967741935,0.9960924206451613
Chikkamagaluru,2000,6,13.33,75.77,32.5096173658967,-0.022,-0.64,4.1,0.7017651786833333
Chikkamagaluru,2000,7,13.33,75.77,97.44098154455423,0.077,-0.55,5.548387096774194,1.5948303687096774
Chikkamagaluru,2000,8,13.33,75.77,162.54497086256742,0.131,-0.51,3.838709677419355,1.62711539
Chikkamagaluru,2000,9,13.33,75.77,235.9699006676674,-0.096,-0.55,4.1,1.278711512
Chikkamagaluru,2000,10,13.33,75.77,182.66927802562714,-0.142,-0.63,4.806451612903226,1.5696261258064517
Chikkamagaluru,2000,11,13.33,75.77,0.0,-0.306,-0.75,4.266666666666667,1.6378827666666667
Chikkamagaluru,2000,12,13.33,75.77,0.39040902256965637,-0.248,-0.74,4.806451612903226,1.1626311996774195
Chikkamagaluru,2001,1,13.33,75.77,0.6542899012565613,-0.431,-0.68,2.5483870967741935,1.8043092477419354
Chikkamagaluru,2001,2,13.33,75.77,0.0,-0.016,-0.52,5.25,2.3275103500000003
Chikkamagaluru,2001,3,13.33,75.77,0.2944304645061493,-0.01,-0.44,5.258064516129032,0.6080977735483871
Chikkamagaluru,2001,4,13.33,75.77,142.45542268455029,0.136,-0.34,4.533333333333333,0.6858787033333333
Chikkamagaluru,2001,5,13.33,75.77,50.05913919210434,0.137,-0.25,5.451612903225806,1.5366611332258064
Chikkamagaluru,2001,6,13.33,75.77,75.66372452676296,0.127,-0.12,4.033333333333333,0.8460881063833334
Chikkamagaluru,2001,7,13.33,75.77,27.24930279701948,-0.14,-0.08,4.258064516129032,1.4921871870967742
Chikkamagaluru,2001,8,13.33,75.77,48.108057394623756,-0.301,-0.13,5.419354838709677,1.397106648064516
Chikkamagaluru,2001,9,13.33,75.77,281.40617740154266,-0.223,-0.19,3.0,1.2181324733333334
Chikkamagaluru,2001,10,13.33,75.77,27.57533596456051,-0.451,-0.29,5.387096774193548,1.3723289300000001
Chikkamagaluru,2001,11,13.33,75.77,8.260493665933609,-0.245,-0.35,4.4,0.9614376696666667
Chikkamagaluru,2001,12,13.33,75.77,0.0,-0.051,-0.31,6.580645161290323,1.7203842838709678
Chikkamagaluru,2002,1,13.33,75.77,0.0,-0.142,-0.15,4.258064516129032,1.6998524758064517
Chikkamagaluru,2002,2,13.33,75.77,1.046863853931427,-0.098,0.03,5.714285714285714,1.0814431442857144
Chikkamagaluru,2002,3,13.33,75.77,0.0,0.008,0.09,3.5483870967741935,1.3025143731387099
Chikkamagaluru,2002,4,13.33,75.77,3.0749064683914185,-0.352,0.2,2.533333333333333,0.8904978936033333
Chikkamagaluru,2002,5,13.33,75.77,92.75363464653492,-0.329,0.43,5.903225806451613,2.409133551612903
Chikkamagaluru,2002,6,13.33,75.77,83.59382984042168,-0.189,0.65,3.566666666666667,1.8803833166666666
Chikkamagaluru,2002,7,13.33,75.77,3.862307272851467,-0.261,0.79,6.387096774193548,1.7221574980645162
Chikkamagaluru,2002,8,13.33,75.77,20.464275017380714,-0.208,0.86,5.67741935483871,1.4202360319354839
Chikkamagaluru,2002,9,13.33,75.77,24.174802392721176,0.286,1.01,4.433333333333334,0.7018471730000001
Chikkamagaluru,2002,10,13.33,75.77,188.56017093360424,0.405,1.21,4.129032258064516,0.8933860990322581
Chikkamagaluru,2002,11,13.33,75.77,6.7265045046806335,0.096,1.31,3.566666666666667,2.25046865
Chikkamagaluru,2002,12,13.33,75.77,0.0,-0.158,1.14,3.7096774193548385,1.8575260422580646
Chikkamagaluru,2003,1,13.33,75.77,0.0,-0.239,0.92,5.354838709677419,0.8134987815870968
Chikkamagaluru,2003,2,13.33,75.77,0.0,0.017,0.63,4.178571428571429,0.7148255028571429
Chikkamagaluru,2003,3,13.33,75.77,0.3455773890018463,-0.039,0.38,3.903225806451613,1.4626752464516128
Chikkamagaluru,2003,4,13.33,75.77,2.934081643819809,-0.099,-0.04,3.8666666666666667,1.1874197433333333
Chikkamagaluru,2003,5,13.33,75.77,0.37883421778678894,-0.164,-0.26,5.258064516129032,2.245336555483871
Chikkamagaluru,2003,6,13.33,75.77,35.094214737415314,0.139,-0.16,3.2666666666666666,1.65106069
Chikkamagaluru,2003,7,13.33,75.77,60.165136471390724,0.131,0.08,3.6129032258064515,0.9928557990322581
Chikkamagaluru,2003,8,13.33,75.77,37.142982587218285,0.108,0.21,3.870967741935484,0.6039936987096773
Chikkamagaluru,2003,9,13.33,75.77,17.26565344631672,-0.06,0.26,4.266666666666667,0.7902776976666667
Chikkamagaluru,2003,10,13.33,75.77,187.7161692082882,-0.243,0.29,5.419354838709677,1.2216482238709676
Chikkamagaluru,2003,11,13.33,75.77,0.34084340929985046,-0.159,0.35,4.3,0.49874167021000004
Chikkamagaluru,2003,12,13.33,75.77,0.0,0.189,0.35,4.258064516129032,1.8000867477419356
Chikkamagaluru,2004,1,13.33,75.77,1.9128013849258423,0.044,0.37,4.709677419354839,2.246038609677419
Chikkamagaluru,2004,2,13.33,75.77,3.043092966079712,0.114,0.31,5.517241379310345,1.4791189124137931
Chikkamagaluru,2004,3,13.33,75.77,19.475552082061768,0.077,0.23,5.064516129032258,2.1767354612903227
Chikkamagaluru,2004,4,13.33,75.77,112.02035915851593,-0.079,0.17,3.6,1.2874256193333333
Chikkamagaluru,2004,5,13.33,75.77,238.89317136257887,-0.565,0.17,3.838709677419355,1.4382904767741935
Chikkamagaluru,2004,6,13.33,75.77,262.2380929887295,-0.384,0.28,4.533333333333333,1.0188708323333333
Chikkamagaluru,2004,7,13.33,75.77,105.06386318802834,-0.301,0.47,2.6129032258064515,1.6112249593548387
Chikkamagaluru,2004,8,13.33,75.77,189.09894779324532,-0.133,0.64,6.612903225806452,1.2484562670967743
Chikkamagaluru,2004,9,13.33,75.77,92.86011189222336,-0.106,0.7,2.1,1.4384542359999999
Chikkamagaluru,2004,10,13.33,75.77,109.26619032025337,-0.004,0.67,4.32258064516129,1.54811694
Chikkamagaluru,2004,11,13.33,75.77,39.082770213484764,-0.153,0.66,3.8666666666666667,0.558687573
Chikkamagaluru,2004,12,13.33,75.77,0.0,-0.132,0.69,4.354838709677419,0.7194164974193549
Chikkamagaluru,2005,1,13.33,75.77,42.63424491882324,-0.124,0.64,5.67741935483871,1.203385613832258
Chikkamagaluru,2005,2,13.33,75.77,2.2358263432979584,-0.56,0.58,6.821428571428571,1.5145378439285715
Chikkamagaluru,2005,3,13.33,75.77,0.10468638688325882,-0.433,0.45,4.290322580645161,1.7757296806451612
Chikkamagaluru,2005,4,13.33,75.77,80.35743588209152,0.084,0.43,4.966666666666667,2.6446991
Chikkamagaluru,2005,5,13.33,75.77,66.59245696663857,-0.033,0.29,4.548387096774194,1.8156324893548388
Chikkamagaluru,2005,6,13.33,75.77,51.59706477820873,-0.176,0.11,2.966666666666667,0.7345759723333334
Chikkamagaluru,2005,7,13.33,75.77,29.143902629613876,-0.384,-0.06,2.6451612903225805,1.0290815029032259
Chikkamagaluru,2005,8,13.33,75.77,100.95864443480968,-0.345,-0.14,3.6129032258064515,0.939736100967742
Chikkamagaluru,2005,9,13.33,75.77,37.768038496375084,-0.534,-0.11,5.8,1.522602815
Chikkamagaluru,2005,10,13.33,75.77,214.75623078644276,-0.436,-0.29,3.5483870967741935,1.0373357177419353
Chikkamagaluru,2005,11,13.33,75.77,11.15569157898426,-0.272,-0.57,5.7,1.0062126816666666
Chikkamagaluru,2005,12,13.33,75.77,0.3606816530227661,-0.3,-0.84,3.7419354838709675,0.6440208229032258
Chikkamagaluru,2006,1,13.33,75.77,0.0,-0.135,-0.85,4.258064516129032,1.7294375064516128
Chikkamagaluru,2006,2,13.33,75.77,0.0,-0.306,-0.77,5.428571428571429,1.6995880442857143
Chikkamagaluru,2006,3,13.33,75.77,41.23666189610958,-0.226,-0.57,4.419354838709677,0.8061425020580646
Chikkamagaluru,2006,4,13.33,75.77,2.197681337594986,-0.015,-0.37,4.833333333333333,0.9840533986666666
Chikkamagaluru,2006,5,13.33,75.77,56.75939755141735,-0.208,-0.14,5.161290322580645,1.1181375867741936
Chikkamagaluru,2006,6,13.33,75.77,69.16703635454178,-0.059,-0.03,2.433333333333333,1.1171617263333333
Chikkamagaluru,2006,7,13.33,75.77,72.05163221806288,0.04,0.1,6.096774193548387,1.0984740158064517
Chikkamagaluru,2006,8,13.33,75.77,52.54536096006632,0.229,0.3,3.838709677419355,0.9450053216129032
Chikkamagaluru,2006,9,13.33,75.77,93.50920170545578,0.428,0.54,2.9,1.5086187580000001
Chikkamagaluru,2006,10,13.33,75.77,29.53618012368679,0.577,0.77,4.645161290322581,1.7489779667580645
Chikkamagaluru,2006,11,13.33,75.77,30.220280349254608,0.501,0.94,3.6333333333333333,1.1893461453333332
Chikkamagaluru,2006,12,13.33,75.77,0.0,0.172,0.94,3.2903225806451615,1.4631380310096773
Chikkamagaluru,2007,1,13.33,75.77,0.0,0.225,0.66,5.935483870967742,1.2701261521580645
Chikkamagaluru,2007,2,13.33,75.77,0.0,0.15,0.22,4.357142857142857,1.1186876339285714
Chikkamagaluru,2007,3,13.33,75.77,0.0,0.115,-0.12,5.645161290322581,1.321150566451613
Chikkamagaluru,2007,4,13.33,75.77,21.0404492020607,0.1,-0.32,5.133333333333334,0.8067391546666667
Chikkamagaluru,2007,5,13.33,75.77,35.328297056257725,0.27,-0.38,4.741935483870968,1.2340057027322582
Chikkamagaluru,2007,6,13.33,75.77,108.64934201538563,0.031,-0.47,3.1333333333333333,1.3529915246666666
Chikkamagaluru,2007,7,13.33,75.77,78.60220927745104,0.045,-0.56,4.193548387096774,1.3795319935483872
Chikkamagaluru,2007,8,13.33,75.77,120.8312916085124,0.237,-0.81,2.5483870967741935,0.8762567774193548
Chikkamagaluru,2007,9,13.33,75.77,254.22014274448156,0.235,-1.07,4.533333333333333,1.1761283893333332
Chikkamagaluru,2007,10,13.33,75.77,190.8550442457199,0.068,-1.34,5.419354838709677,1.2009301141935484
Chikkamagaluru,2007,11,13.33,75.77,16.032177433371544,-0.023,-1.5,5.533333333333333,1.588934237
Chikkamagaluru,2007,12,13.33,75.77,0.7668977379798889,-0.227,-1.6,3.4838709677419355,2.0751771258064515
Chikkamagaluru,2008,1,13.33,75.77,0.0,0.115,-1.64,5.193548387096774,1.8184795248387096
Chikkamagaluru,2008,2,13.33,75.77,70.77255439758301,-0.072,-1.52,3.586206896551724,1.2379733358620688
Chikkamagaluru,2008,3,13.33,75.77,130.82141068577766,0.097,-1.29,2.870967741935484,1.8412203261290323
Chikkamagaluru,2008,4,13.33,75.77,41.45666033029556,-0.153,-1.01,4.966666666666667,0.8616907713333333
Chikkamagaluru,2008,5,13.33,75.77,49.755134642124176,0.179,-0.84,4.967741935483871,1.7237106374193547
Chikkamagaluru,2008,6,13.33,75.77,79.47848614305258,0.215,-0.61,4.666666666666667,0.953116955
Chikkamagaluru,2008,7,13.33,75.77,64.56867255270481,0.246,-0.37,2.3870967741935485,1.2312710548387096
Chikkamagaluru,2008,8,13.33,75.77,274.02079460024834,0.124,-0.23,2.3548387096774195,1.211697393548387
Chikkamagaluru,2008,9,13.33,75.77,49.470639422535896,0.086,-0.24,4.833333333333333,1.4465834003333333
Chikkamagaluru,2008,10,13.33,75.77,176.79922191798687,0.029,-0.35,3.3225806451612905,1.3736839277419355
Chikkamagaluru,2008,11,13.33,75.77,17.747150525450706,-0.128,-0.55,5.033333333333333,1.2276514546666666
Chikkamagaluru,2008,12,13.33,75.77,0.0,-0.053,-0.73,5.870967741935484,0.8991352851612903
Chikkamagaluru,2009,1,13.33,75.77,0.0,0.031,-0.85,5.258064516129032,1.3644628538709678
Chikkamagaluru,2009,2,13.33,75.77,0.0,0.163,-0.79,5.178571428571429,0.9907292532142857
Chikkamagaluru,2009,3,13.33,75.77,48.09861147403717,0.1,-0.61,6.096774193548387,1.1326078929032257
Chikkamagaluru,2009,4,13.33,75.77,36.51414251327515,0.126,-0.33,3.9,2.2441025066666667
Chikkamagaluru,2009,5,13.33,75.77,95.12604489922523,0.257,0.01,7.225806451612903,1.0808286461290324
Chikkamagaluru,2009,6,13.33,75.77,57.07171458005905,0.1,0.28,5.866666666666666,1.4584701413333332
Chikkamagaluru,2009,7,13.33,75.77,248.12222038209438,-0.192,0.45,3.838709677419355,0.6150665787096774
Chikkamagaluru,2009,8,13.33,75.77,84.13877755403519,-0.104,0.58,2.935483870967742,1.12875141
Chikkamagaluru,2009,9,13.33,75.77,236.74678491055965,-0.103,0.71,4.033333333333333,1.6812911126666668
Chikkamagaluru,2009,10,13.33,75.77,56.168566390872,-0.013,1.01,5.225806451612903,0.9675306593548387
Chikkamagaluru,2009,11,13.33,75.77,59.00334429740906,-0.067,1.36,3.7666666666666666,1.78102768
Chikkamagaluru,2009,12,13.33,75.77,28.888297230005264,0.16,1.56,5.096774193548387,1.2578152232258064
Chikkamagaluru,2010,1,13.33,75.77,6.733187913894653,0.294,1.5,4.967741935483871,1.289910690967742
Chikkamagaluru,2010,2,13.33,75.77,3.7912089824676514,0.023,1.22,7.107142857142857,1.3009368542857143
Chikkamagaluru,2010,3,13.33,75.77,20.686411380767822,0.458,0.84,2.4516129032258065,1.229541595483871
Chikkamagaluru,2010,4,13.33,75.77,40.64145217835903,0.37,0.35,4.3,0.970552031
Chikkamagaluru,2010,5,13.33,75.77,128.24739196896553,-0.029,-0.17,4.032258064516129,1.3091519658064517
Chikkamagaluru,2010,6,13.33,75.77,102.63831141591072,-0.14,-0.66,1.7666666666666666,1.285590429
Chikkamagaluru,2010,7,13.33,75.77,99.39690721035004,-0.001,-1.05,2.4193548387096775,1.663601914516129
Chikkamagaluru,2010,8,13.33,75.77,161.6290042102337,-0.061,-1.35,2.967741935483871,0.747917844516129
Chikkamagaluru,2010,9,13.33,75.77,99.7256775945425,-0.267,-1.56,2.2,0.8091414173333332
Chikkamagaluru,2010,10,13.33,75.77,128.7467087507248,-0.437,-1.64,5.032258064516129,1.3724983983870966
Chikkamagaluru,2010,11,13.33,75.77,141.9513521939516,-0.495,-1.64,4.433333333333334,0.7180750344066666
Chikkamagaluru,2010,12,13.33,75.77,0.0,-0.212,-1.54,5.129032258064516,0.9818622567741935
Chikkamagaluru,2011,1,13.33,75.77,0.0,0.191,-1.31,5.967741935483871,1.5956191370967743
Chikkamagaluru,2011,2,13.33,75.77,2.0957901775836945,0.241,-1.04,5.678571428571429,0.5124724357571429
Chikkamagaluru,2011,3,13.33,75.77,13.845274806022644,0.367,-0.8,4.645161290322581,1.117857366129032
Chikkamagaluru,2011,4,13.33,75.77,57.86405749619007,0.154,-0.62,5.866666666666666,0.9413861176666667
Chikkamagaluru,2011,5,13.33,75.77,150.56233781576157,-0.089,-0.46,6.129032258064516,1.5436429977419355
Chikkamagaluru,2011,6,13.33,75.77,91.60725243389606,0.055,-0.37,3.7333333333333334,0.6791252076666666
Chikkamagaluru,2011,7,13.33,75.77,243.1888548731804,0.223,-0.43,3.7096774193548385,1.0109919648387098
Chikkamagaluru,2011,8,13.33,75.77,126.13131068646908,0.344,-0.58,2.774193548387097,1.011544473516129
Chikkamagaluru,2011,9,13.33,75.77,105.01311342418194,0.202,-0.79,3.7,0.9066917783333334
Chikkamagaluru,2011,10,13.33,75.77,214.15707790851593,0.356,-0.96,4.129032258064516,1.8293501125806453
Chikkamagaluru,2011,11,13.33,75.77,98.72036349773407,0.336,-1.02,4.033333333333333,1.4278005003333334
Chikkamagaluru,2011,12,13.33,75.77,0.0,-0.128,-0.92,4.483870967741935,1.388414425483871
Chikkamagaluru,2012,1,13.33,75.77,0.0,0.046,-0.72,5.774193548387097,1.0838557522580645
Chikkamagaluru,2012,2,13.33,75.77,0.0,-0.078,-0.57,4.068965517241379,1.9624444827586207
Chikkamagaluru,2012,3,13.33,75.77,0.0,0.026,-0.46,5.161290322580645,2.275805190322581
Chikkamagaluru,2012,4,13.33,75.77,91.60000348091125,-0.271,-0.36,4.733333333333333,1.392764723
Chikkamagaluru,2012,5,13.33,75.77,27.000001907348633,-0.37,-0.17,5.838709677419355,0.508314344516129
Chikkamagaluru,2012,6,13.33,75.77,4.0,0.0,0.06,3.933333333333333,1.5851710730000002
Chikkamagaluru,2012,7,13.33,75.77,87.3729600906372,0.546,0.3,3.2580645161290325,1.0006735025806452
Chikkamagaluru,2012,8,13.33,75.77,224.59113162010908,0.652,0.41,3.3548387096774195,1.4237936377419356
Chikkamagaluru,2012,9,13.33,75.77,52.884442046284676,0.453,0.41,4.366666666666666,1.1895103533333333
Chikkamagaluru,2012,10,13.33,75.77,22.994328066706657,0.11,0.31,3.064516129032258,1.05932045
Chikkamagaluru,2012,11,13.33,75.77,65.26607549190521,-0.099,0.13,4.6,0.7542804866666667
Chikkamagaluru,2012,12,13.33,75.77,6.658421039581299,0.267,-0.1,2.4516129032258065,0.8817284803225806
Chikkamagaluru,2013,1,13.33,75.77,0.0,-0.065,-0.29,6.064516129032258,1.989185853870968
Chikkamagaluru,2013,2,13.33,75.77,17.613224506378174,0.189,-0.29,3.392857142857143,1.6343154739285715
Chikkamagaluru,2013,3,13.33,75.77,36.73272705078125,0.083,-0.21,5.225806451612903,1.208878878064516
Chikkamagaluru,2013,4,13.33,75.77,16.637391567230225,-0.297,-0.19,5.133333333333334,0.9100850366666666
Chikkamagaluru,2013,5,13.33,75.77,148.85042947530746,-0.506,-0.27,3.935483870967742,1.196817595483871
Chikkamagaluru,2013,6,13.33,75.77,120.73831132054329,-0.497,-0.34,4.366666666666666,1.2253081406666666
Chikkamagaluru,2013,7,13.33,75.77,238.06227247416973,-0.181,-0.35,3.5806451612903225,0.8870305335483871
Chikkamagaluru,2013,8,13.33,75.77,74.17331913113594,-0.194,-0.28,5.806451612903226,0.912353013548387
Chikkamagaluru,2013,9,13.33,75.77,152.58008873462677,-0.31,-0.21,3.7666666666666666,1.5937026506666667
Chikkamagaluru,2013,10,13.33,75.77,73.15995331853628,-0.168,-0.13,5.161290322580645,0.8202488128741936
Chikkamagaluru,2013,11,13.33,75.77,12.376130670309067,0.199,-0.1,3.2,0.6853039573333334
Chikkamagaluru,2013,12,13.33,75.77,13.075627565383911,0.141,-0.15,3.870967741935484,1.0410569158064515
Chikkamagaluru,2014,1,13.33,75.77,0.0,-0.101,-0.28,5.741935483870968,1.1766352048387096
Chikkamagaluru,2014,2,13.33,75.77,0.0,-0.089,-0.32,5.857142857142857,1.4348881625
Chikkamagaluru,2014,3,13.33,75.77,11.20186684280634,-0.151,-0.14,3.6129032258064515,1.5816916796774194
Chikkamagaluru,2014,4,13.33,75.77,80.23091369867325,-0.058,0.15,5.533333333333333,1.3192271676666667
Chikkamagaluru,2014,5,13.33,75.77,248.734993070364,-0.092,0.31,2.3225806451612905,1.4339224977419354
Chikkamagaluru,2014,6,13.33,75.77,34.48808640241623,-0.028,0.23,4.433333333333334,1.108679051
Chikkamagaluru,2014,7,13.33,75.77,177.5484667569399,-0.363,0.1,5.806451612903226,1.1528067432258065
Chikkamagaluru,2014,8,13.33,75.77,181.301127910614,-0.372,0.11,1.7096774193548387,1.2150309538709676
Chikkamagaluru,2014,9,13.33,75.77,176.73766242712736,-0.145,0.28,4.333333333333333,0.649377995
Chikkamagaluru,2014,10,13.33,75.77,103.50964546203613,0.141,0.54,3.7096774193548385,0.9880874900000001
Chikkamagaluru,2014,11,13.33,75.77,11.517208695411682,0.009,0.71,2.933333333333333,1.4682012086666667
Chikkamagaluru,2014,12,13.33,75.77,9.485862135887146,0.046,0.77,4.741935483870968,1.3856411206451613
Chikkamagaluru,2015,1,13.33,75.77,0.0,-0.1,0.69,6.193548387096774,1.595519382903226
Chikkamagaluru,2015,2,13.33,75.77,0.0,-0.345,0.61,6.464285714285714,0.8730502682142857
Chikkamagaluru,2015,3,13.33,75.77,63.88856661319733,-0.241,0.65,5.161290322580645,2.5235438870967744
Chikkamagaluru,2015,4,13.33,75.77,108.43160155415535,-0.008,0.81,3.466666666666667,0.9544394936666667
Chikkamagaluru,2015,5,13.33,75.77,100.52825689315796,0.24,1.02,5.096774193548387,0.7510026245161291
Chikkamagaluru,2015,6,13.33,75.77,214.61605452001095,0.296,1.25,3.433333333333333,1.9929203833333333
Chikkamagaluru,2015,7,13.33,75.77,37.131435453891754,0.225,1.57,4.451612903225806,1.837990334516129
Chikkamagaluru,2015,8,13.33,75.77,64.36408088356256,0.568,1.91,5.870967741935484,0.8428048241935484
Chikkamagaluru,2015,9,13.33,75.77,131.93815728276968,0.294,2.21,4.7,0.62977513528
Chikkamagaluru,2015,10,13.33,75.77,104.1039646267891,0.482,2.47,4.935483870967742,1.5348366948387098
Chikkamagaluru,2015,11,13.33,75.77,157.2253905981779,0.347,2.64,2.6666666666666665,1.8664467500000002
Chikkamagaluru,2015,12,13.33,75.77,4.339324951171875,0.272,2.75,4.419354838709677,1.905701525483871
Chikkamagaluru,2016,1,13.33,75.77,0.33206723630428314,0.265,2.63,4.548387096774194,1.397440465735484
Chikkamagaluru,2016,2,13.33,75.77,6.99786901473999,-0.11,2.28,5.586206896551724,2.0595920172413793
Chikkamagaluru,2016,3,13.33,75.77,0.0,-0.008,1.71,5.387096774193548,1.2421979758064514
Chikkamagaluru,2016,4,13.33,75.77,24.624721124768257,0.146,1.05,3.433333333333333,0.6606036036666667
Chikkamagaluru,2016,5,13.33,75.77,83.0799099355936,-0.113,0.49,2.935483870967742,1.3503781812903226
Chikkamagaluru,2016,6,13.33,75.77,101.30950412154198,-0.443,0.0,4.166666666666667,1.5598082686666668
Chikkamagaluru,2016,7,13.33,75.77,147.78181025385857,-0.757,-0.31,3.129032258064516,1.0086871877419354
Chikkamagaluru,2016,8,13.33,75.77,38.91182974725962,-0.443,-0.5,5.709677419354839,1.3634238690322582
Chikkamagaluru,2016,9,13.33,75.77,40.40764723718166,-0.437,-0.58,4.233333333333333,0.9987363606666667
Chikkamagaluru,2016,10,13.33,75.77,30.78518557548523,-0.371,-0.64,5.645161290322581,0.6798959190322581
Chikkamagaluru,2016,11,13.33,75.77,15.683346927165985,-0.382,-0.6,4.366666666666666,1.4056047909999998
Chikkamagaluru,2016,12,13.33,75.77,31.88184279203415,-0.31,-0.45,4.451612903225806,0.6025583080645162
Chikkamagaluru,2017,1,13.33,75.77,0.2700759172439575,-0.086,-0.19,3.7096774193548385,1.2075865980645162
Chikkamagaluru,2017,2,13.33,75.77,0.0,0.101,-0.02,4.607142857142857,2.432161792857143
Chikkamagaluru,2017,3,13.33,75.77,21.89299911260605,0.357,0.18,3.6774193548387095,0.7525501162903225
Chikkamagaluru,2017,4,13.33,75.77,61.31828010082245,0.498,0.31,6.7,0.7843319514433333
Chikkamagaluru,2017,5,13.33,75.77,176.36251898109913,0.536,0.4,4.193548387096774,1.3503042366709677
Chikkamagaluru,2017,6,13.33,75.77,54.15115746110678,0.424,0.39,2.433333333333333,1.010765505
Chikkamagaluru,2017,7,13.33,75.77,100.44120964407921,0.52,0.19,3.6774193548387095,1.0194311058064516
Chikkamagaluru,2017,8,13.33,75.77,101.63475593924522,0.349,-0.07,4.193548387096774,0.560064344016129
Chikkamagaluru,2017,9,13.33,75.77,183.50932416319847,0.035,-0.34,4.233333333333333,0.5864452456666667
Chikkamagaluru,2017,10,13.33,75.77,54.722960986196995,0.015,-0.6,5.354838709677419,2.0237151622580645
Chikkamagaluru,2017,11,13.33,75.77,29.989996910095215,0.289,-0.77,4.166666666666667,0.8390316453333334
Chikkamagaluru,2017,12,13.33,75.77,1.2624710500240326,0.11,-0.86,5.258064516129032,1.455329965483871
Chikkamagaluru,2018,1,13.33,75.77,0.0,-0.2,-0.77,3.5806451612903225,2.2438225967741934
Chikkamagaluru,2018,2,13.33,75.77,2.86677885055542,0.216,-0.71,5.5,2.449217742857143
Chikkamagaluru,2018,3,13.33,75.77,51.59434524178505,-0.12,-0.57,4.161290322580645,1.1359975419354837
Chikkamagaluru,2018,4,13.33,75.77,54.65904751420021,-0.083,-0.39,4.433333333333334,1.4919827436666668
Chikkamagaluru,2018,5,13.33,75.77,185.0122122168541,0.122,-0.13,3.096774193548387,1.7735262777419354
Chikkamagaluru,2018,6,13.33,75.77,186.5155631005764,0.155,0.06,3.433333333333333,1.099695321
Chikkamagaluru,2018,7,13.33,75.77,115.05064868927002,0.053,0.14,4.967741935483871,1.4670566325806451
Chikkamagaluru,2018,8,13.33,75.77,112.04146692156792,0.121,0.27,5.419354838709677,1.1604823280645162
Chikkamagaluru,2018,9,13.33,75.77,133.21244751662016,0.604,0.53,6.6,1.0746740603333333
Chikkamagaluru,2018,10,13.33,75.77,69.23568472266197,0.684,0.81,4.129032258064516,1.372201460967742
Chikkamagaluru,2018,11,13.33,75.77,34.07576143741608,0.5,0.97,4.666666666666667,1.3713922473333333
Chikkamagaluru,2018,12,13.33,75.77,4.379507780075073,0.309,0.92,3.838709677419355,2.266200470967742
Chikkamagaluru,2019,1,13.33,75.77,0.0,0.387,0.89,5.709677419354839,1.75703085
Chikkamagaluru,2019,2,13.33,75.77,29.903566598892212,0.416,0.86,6.142857142857143,1.7487797142857142
Chikkamagaluru,2019,3,13.33,75.77,3.040182888507843,0.225,0.84,4.064516129032258,1.1146516216129032
Chikkamagaluru,2019,4,13.33,75.77,49.41263025999069,0.258,0.77,3.7333333333333334,1.0698441273333332
Chikkamagaluru,2019,5,13.33,75.77,117.05841797590256,0.54,0.64,6.096774193548387,1.854505129032258
Chikkamagaluru,2019,6,13.33,75.77,78.68416994810104,0.605,0.52,4.566666666666666,1.3048570076666666
Chikkamagaluru,2019,7,13.33,75.77,118.96424356102943,0.597,0.33,2.3548387096774195,0.8737279109677419
Chikkamagaluru,2019,8,13.33,75.77,428.12512052059174,0.436,0.19,4.129032258064516,0.9542141777419355
Chikkamagaluru,2019,9,13.33,75.77,138.91055369377136,0.892,0.23,4.5,1.6799940163333333
Chikkamagaluru,2019,10,13.33,75.77,314.1230521798134,0.964,0.39,2.6774193548387095,1.5321089774193548
Chikkamagaluru,2019,11,13.33,75.77,5.5296879559755325,0.835,0.58,4.7,1.5540973666666666
Chikkamagaluru,2019,12,13.33,75.77,53.29848204553127,0.243,0.66,3.7096774193548385,0.9795201067741935
Chikkamagaluru,2020,1,13.33,75.77,0.0,0.173,0.64,5.516129032258065,2.0013102467741937
Chikkamagaluru,2020,2,13.33,75.77,0.0,0.054,0.63,5.551724137931035,1.19141821
Chikkamagaluru,2020,3,13.33,75.77,0.11216447502374649,0.019,0.53,3.7419354838709675,1.516898370967742
Chikkamagaluru,2020,4,13.33,75.77,54.25958575308323,-0.011,0.3,3.6666666666666665,1.6374265986666667
Chikkamagaluru,2020,5,13.33,75.77,190.41683222353458,0.298,0.01,4.451612903225806,1.1646890893548387
Chikkamagaluru,2020,6,13.33,75.77,124.99661515653133,0.455,-0.23,1.6,1.3547168013333333
Chikkamagaluru,2020,7,13.33,75.77,128.38881865143776,0.319,-0.36,2.0,1.5012130690322583
Chikkamagaluru,2020,8,13.33,75.77,225.2084873020649,-0.183,-0.53,4.516129032258065,1.5708076487096774
Chikkamagaluru,2020,9,13.33,75.77,178.04119050502777,-0.189,-0.85,4.166666666666667,1.1078213236666665
Chikkamagaluru,2020,10,13.33,75.77,115.91296410560608,0.074,-1.12,5.032258064516129,1.8443815480645163
Chikkamagaluru,2020,11,13.33,75.77,27.814854621887207,0.02,-1.2,4.533333333333333,1.0659901883333334
Chikkamagaluru,2020,12,13.33,75.77,26.93339729309082,0.031,-1.08,4.709677419354839,0.8462182629741936
Chikkamagaluru,2021,1,13.33,75.77,13.714806079864502,0.051,-0.91,4.483870967741935,1.3812992767741936
Chikkamagaluru,2021,2,13.33,75.77,38.86655783653259,0.243,-0.79,6.357142857142857,1.7109776275000002
Chikkamagaluru,2021,3,13.33,75.77,0.0,0.267,-0.71,4.032258064516129,1.1486161170967741
Chikkamagaluru,2021,4,13.33,75.77,28.038082644343376,0.25,-0.55,6.7,2.1312086966666666
Chikkamagaluru,2021,5,13.33,75.77,125.82950967550278,0.009,-0.39,3.6451612903225805,1.6188268058064517
Chikkamagaluru,2021,6,13.33,75.77,99.2746330499649,-0.002,-0.3,3.033333333333333,1.2543668813333333
Chikkamagaluru,2021,7,13.33,75.77,156.32132643461227,-0.229,-0.35,4.193548387096774,1.2697446645161292
Chikkamagaluru,2021,8,13.33,75.77,92.75184041261673,-0.099,-0.45,3.0,1.3328496390322582
Chikkamagaluru,2021,9,13.33,75.77,47.94609223306179,-0.058,-0.63,3.4,1.16716908
Chikkamagaluru,2021,10,13.33,75.77,245.32980144023895,-0.091,-0.76,3.5161290322580645,1.1958632022580646
Chikkamagaluru,2021,11,13.33,75.77,215.43190090358257,0.069,-0.91,3.7333333333333334,1.0642061103333333
Chikkamagaluru,2021,12,13.33,75.77,24.913083724677563,-0.12,-0.87,6.451612903225806,2.068191648387097
Chikkamagaluru,2022,1,13.33,75.77,0.0,-0.056,-0.82,6.838709677419355,1.1541269361290323
Chikkamagaluru,2022,2,13.33,75.77,0.0,-0.082,-0.79,3.142857142857143,1.2939472457142858
Chikkamagaluru,2022,3,13.33,75.77,32.003437519073486,-0.093,-0.86,3.064516129032258,1.0719917463806452
Chikkamagaluru,2022,4,13.33,75.77,70.30508977174759,-0.068,-0.95,3.5,0.6809799073333332
Chikkamagaluru,2022,5,13.33,75.77,229.50325870513916,-0.122,-0.9,4.67741935483871,1.2369349422580647
Chikkamagaluru,2022,6,13.33,75.77,152.55508029460907,-0.335,-0.78,2.7333333333333334,1.7460144566666667
Chikkamagaluru,2022,7,13.33,75.77,355.8088784441352,-0.195,-0.76,3.096774193548387,0.9906527754838709
Chikkamagaluru,2022,8,13.33,75.77,310.6020293235779,-0.246,-0.87,3.3870967741935485,0.9623516609677419
Chikkamagaluru,2022,9,13.33,75.77,77.73069696873426,-0.322,-0.97,4.566666666666666,0.45954351401
Chikkamagaluru,2022,10,13.33,75.77,115.96102887392044,-0.691,-0.94,5.387096774193548,1.5040083503225805
Chikkamagaluru,2022,11,13.33,75.77,25.183340549468994,-0.269,-0.85,5.966666666666667,1.2876559716666667
Chikkamagaluru,2022,12,13.33,75.77,27.60262244939804,-0.091,-0.71,4.161290322580645,1.0273198254935483
Chikkamagaluru,2023,1,13.33,75.77,3.838426113128662,0.11,-0.54,5.32258064516129,1.3139867793548388
Chikkamagaluru,2023,2,13.33,75.77,0.0,0.157,-0.29,5.571428571428571,1.642928577857143
Chikkamagaluru,2023,3,13.33,75.77,3.93163526058197,0.414,-0.02,4.548387096774194,2.51316421
Chikkamagaluru,2023,4,13.33,75.77,44.72170855849981,0.56,0.27,5.133333333333334,1.690960304
Chikkamagaluru,2023,5,13.33,75.77,102.81221913918853,0.443,0.57,6.064516129032258,1.6563232422580645
Chikkamagaluru,2023,6,13.33,75.77,41.74625436961651,0.665,0.84,3.066666666666667,1.1452140906
Chikkamagaluru,2023,7,13.33,75.77,223.89648720622063,0.498,1.12,4.225806451612903,0.7976125261290323
Chikkamagaluru,2023,8,13.33,75.77,24.958572309464216,0.826,1.37,6.32258064516129,0.9138732870967742
Chikkamagaluru,2023,9,13.33,75.77,87.77699625864625,0.946,1.6,3.533333333333333,0.8482362092433333
Chikkamagaluru,2023,10,13.33,75.77,113.79485033452511,0.804,1.83,4.419354838709677,1.3481443029032258
Chikkamagaluru,2023,11,13.33,75.77,60.73151621967554,0.92,1.99,3.3,1.3793660156666665
Chikkamagaluru,2023,12,13.33,75.77,23.75092774629593,0.852,2.06,4.193548387096774,1.5088745183870966
Kodagu (Madikeri),2000,1,12.42,75.73,0.0,-0.125,-1.66,3.7096774193548385,0.6000893251612903
Kodagu (Madikeri),2000,2,12.42,75.73,21.762179255485535,-0.009,-1.41,3.793103448275862,1.1428570703448275
Kodagu (Madikeri),2000,3,12.42,75.73,0.6132164299488068,0.141,-1.07,3.3870967741935485,0.9157557180645162
Kodagu (Madikeri),2000,4,12.42,75.73,75.18797007203102,0.141,-0.81,4.533333333333333,0.9053602656666667
Kodagu (Madikeri),2000,5,12.42,75.73,28.21921317279339,0.113,-0.71,5.483870967741935,0.9960924206451613
Kodagu (Madikeri),2000,6,12.42,75.73,148.98153319954872,-0.022,-0.64,4.1,0.7017651786833333
Kodagu (Madikeri),2000,7,12.42,75.73,112.73036681115627,0.077,-0.55,5.548387096774194,1.5948303687096774
Kodagu (Madikeri),2000,8,12.42,75.73,279.24990782141685,0.131,-0.51,3.838709677419355,1.62711539
Kodagu (Madikeri),2000,9,12.42,75.73,164.2069320678711,-0.096,-0.55,4.1,1.278711512
Kodagu (Madikeri),2000,10,12.42,75.73,109.10621726512909,-0.142,-0.63,4.806451612903226,1.5696261258064517
Kodagu (Madikeri),2000,11,12.42,75.73,17.79117202758789,-0.306,-0.75,4.266666666666667,1.6378827666666667
Kodagu (Madikeri),2000,12,12.42,75.73,38.23442840576172,-0.248,-0.74,4.806451612903226,1.1626311996774195
Kodagu (Madikeri),2001,1,12.42,75.73,0.0,-0.431,-0.68,2.5483870967741935,1.8043092477419354
Kodagu (Madikeri),2001,2,12.42,75.73,17.13077163696289,-0.016,-0.52,5.25,2.3275103500000003
Kodagu (Madikeri),2001,3,12.42,75.73,0.0,-0.01,-0.44,5.258064516129032,0.6080977735483871
Kodagu (Madikeri),2001,4,12.42,75.73,106.6237755343318,0.136,-0.34,4.533333333333333,0.6858787033333333
Kodagu (Madikeri),2001,5,12.42,75.73,27.587194211781025,0.137,-0.25,5.451612903225806,1.5366611332258064
Kodagu (Madikeri),2001,6,12.42,75.73,130.85900628566742,0.127,-0.12,4.033333333333333,0.8460881063833334
Kodagu (Madikeri),2001,7,12.42,75.73,135.91909235715866,-0.14,-0.08,4.258064516129032,1.4921871870967742
Kodagu (Madikeri),2001,8,12.42,75.73,94.52876348793507,-0.301,-0.13,5.419354838709677,1.397106648064516
Kodagu (Madikeri),2001,9,12.42,75.73,79.12886700034142,-0.223,-0.19,3.0,1.2181324733333334
Kodagu (Madikeri),2001,10,12.42,75.73,61.144986517727375,-0.451,-0.29,5.387096774193548,1.3723289300000001
Kodagu (Madikeri),2001,11,12.42,75.73,39.232857167720795,-0.245,-0.35,4.4,0.9614376696666667
Kodagu (Madikeri),2001,12,12.42,75.73,0.0,-0.051,-0.31,6.580645161290323,1.7203842838709678
Kodagu (Madikeri),2002,1,12.42,75.73,0.0,-0.142,-0.15,4.258064516129032,1.6998524758064517
Kodagu (Madikeri),2002,2,12.42,75.73,5.678421914577484,-0.098,0.03,5.714285714285714,1.0814431442857144
Kodagu (Madikeri),2002,3,12.42,75.73,0.15877170860767365,0.008,0.09,3.5483870967741935,1.3025143731387099
Kodagu (Madikeri),2002,4,12.42,75.73,16.470736861228943,-0.352,0.2,2.533333333333333,0.8904978936033333
Kodagu (Madikeri),2002,5,12.42,75.73,23.469040036201477,-0.329,0.43,5.903225806451613,2.409133551612903
Kodagu (Madikeri),2002,6,12.42,75.73,74.19491794705391,-0.189,0.65,3.566666666666667,1.8803833166666666
Kodagu (Madikeri),2002,7,12.42,75.73,95.99818007647991,-0.261,0.79,6.387096774193548,1.7221574980645162
Kodagu (Madikeri),2002,8,12.42,75.73,159.69292229413986,-0.208,0.86,5.67741935483871,1.4202360319354839
Kodagu (Madikeri),2002,9,12.42,75.73,31.534253507852554,0.286,1.01,4.433333333333334,0.7018471730000001
Kodagu (Madikeri),2002,10,12.42,75.73,200.73124308884144,0.405,1.21,4.129032258064516,0.8933860990322581
Kodagu (Madikeri),2002,11,12.42,75.73,1.5977002382278442,0.096,1.31,3.566666666666667,2.25046865
Kodagu (Madikeri),2002,12,12.42,75.73,0.0,-0.158,1.14,3.7096774193548385,1.8575260422580646
Kodagu (Madikeri),2003,1,12.42,75.73,0.0,-0.239,0.92,5.354838709677419,0.8134987815870968
Kodagu (Madikeri),2003,2,12.42,75.73,28.689049243927002,0.017,0.63,4.178571428571429,0.7148255028571429
Kodagu (Madikeri),2003,3,12.42,75.73,15.385868832468987,-0.039,0.38,3.903225806451613,1.4626752464516128
Kodagu (Madikeri),2003,4,12.42,75.73,48.182412981987,-0.099,-0.04,3.8666666666666667,1.1874197433333333
Kodagu (Madikeri),2003,5,12.42,75.73,10.295627236366272,-0.164,-0.26,5.258064516129032,2.245336555483871
Kodagu (Madikeri),2003,6,12.42,75.73,122.93813209235668,0.139,-0.16,3.2666666666666666,1.65106069
Kodagu (Madikeri),2003,7,12.42,75.73,188.22789832949638,0.131,0.08,3.6129032258064515,0.9928557990322581
Kodagu (Madikeri),2003,8,12.42,75.73,165.75906109809875,0.108,0.21,3.870967741935484,0.6039936987096773
Kodagu (Madikeri),2003,9,12.42,75.73,21.7356868237257,-0.06,0.26,4.266666666666667,0.7902776976666667
Kodagu (Madikeri),2003,10,12.42,75.73,97.0227403640747,-0.243,0.29,5.419354838709677,1.2216482238709676
Kodagu (Madikeri),2003,11,12.42,75.73,0.0,-0.159,0.35,4.3,0.49874167021000004
Kodagu (Madikeri),2003,12,12.42,75.73,0.0,0.189,0.35,4.258064516129032,1.8000867477419356
Kodagu (Madikeri),2004,1,12.42,75.73,0.0,0.044,0.37,4.709677419354839,2.246038609677419
Kodagu (Madikeri),2004,2,12.42,75.73,0.0,0.114,0.31,5.517241379310345,1.4791189124137931
Kodagu (Madikeri),2004,3,12.42,75.73,25.183237433433533,0.077,0.23,5.064516129032258,2.1767354612903227
Kodagu (Madikeri),2004,4,12.42,75.73,81.03061547875404,-0.079,0.17,3.6,1.2874256193333333
Kodagu (Madikeri),2004,5,12.42,75.73,239.23983559012413,-0.565,0.17,3.838709677419355,1.4382904767741935
Kodagu (Madikeri),2004,6,12.42,75.73,475.59578970074654,-0.384,0.28,4.533333333333333,1.0188708323333333
Kodagu (Madikeri),2004,7,12.42,75.73,325.29391995072365,-0.301,0.47,2.6129032258064515,1.6112249593548387
Kodagu (Madikeri),2004,8,12.42,75.73,489.82327234745026,-0.133,0.64,6.612903225806452,1.2484562670967743
Kodagu (Madikeri),2004,9,12.42,75.73,83.14223259687424,-0.106,0.7,2.1,1.4384542359999999
Kodagu (Madikeri),2004,10,12.42,75.73,230.0077069029212,-0.004,0.67,4.32258064516129,1.54811694
Kodagu (Madikeri),2004,11,12.42,75.73,89.93028949946165,-0.153,0.66,3.8666666666666667,0.558687573
Kodagu (Madikeri),2004,12,12.42,75.73,0.0,-0.132,0.69,4.354838709677419,0.7194164974193549
Kodagu (Madikeri),2005,1,12.42,75.73,3.6278364658355713,-0.124,0.64,5.67741935483871,1.203385613832258
Kodagu (Madikeri),2005,2,12.42,75.73,0.0,-0.56,0.58,6.821428571428571,1.5145378439285715
Kodagu (Madikeri),2005,3,12.42,75.73,3.192630648612976,-0.433,0.45,4.290322580645161,1.7757296806451612
Kodagu (Madikeri),2005,4,12.42,75.73,80.51084178686142,0.084,0.43,4.966666666666667,2.6446991
Kodagu (Madikeri),2005,5,12.42,75.73,44.60117161273956,-0.033,0.29,4.548387096774194,1.8156324893548388
Kodagu (Madikeri),2005,6,12.42,75.73,138.70506169646978,-0.176,0.11,2.966666666666667,0.7345759723333334
Kodagu (Madikeri),2005,7,12.42,75.73,411.0121300444007,-0.384,-0.06,2.6451612903225805,1.0290815029032259
Kodagu (Madikeri),2005,8,12.42,75.73,230.48114082217216,-0.345,-0.14,3.6129032258064515,0.939736100967742
Kodagu (Madikeri),2005,9,12.42,75.73,117.78019620478153,-0.534,-0.11,5.8,1.522602815
Kodagu (Madikeri),2005,10,12.42,75.73,101.08931148052216,-0.436,-0.29,3.5483870967741935,1.0373357177419353
Kodagu (Madikeri),2005,11,12.42,75.73,54.82755392789841,-0.272,-0.57,5.7,1.0062126816666666
Kodagu (Madikeri),2005,12,12.42,75.73,3.8467955589294434,-0.3,-0.84,3.7419354838709675,0.6440208229032258
Kodagu (Madikeri),2006,1,12.42,75.73,0.0,-0.135,-0.85,4.258064516129032,1.7294375064516128
Kodagu (Madikeri),2006,2,12.42,75.73,0.0,-0.306,-0.77,5.428571428571429,1.6995880442857143
Kodagu (Madikeri),2006,3,12.42,75.73,30.612696290016174,-0.226,-0.57,4.419354838709677,0.8061425020580646
Kodagu (Madikeri),2006,4,12.42,75.73,15.4383544921875,-0.015,-0.37,4.833333333333333,0.9840533986666666
Kodagu (Madikeri),2006,5,12.42,75.73,255.5526801943779,-0.208,-0.14,5.161290322580645,1.1181375867741936
Kodagu (Madikeri),2006,6,12.42,75.73,130.86167007684708,-0.059,-0.03,2.433333333333333,1.1171617263333333
Kodagu (Madikeri),2006,7,12.42,75.73,282.79774138331413,0.04,0.1,6.096774193548387,1.0984740158064517
Kodagu (Madikeri),2006,8,12.42,75.73,238.43046421557665,0.229,0.3,3.838709677419355,0.9450053216129032
Kodagu (Madikeri),2006,9,12.42,75.73,119.80252838134766,0.428,0.54,2.9,1.5086187580000001
Kodagu (Madikeri),2006,10,12.42,75.73,50.9921443015337,0.577,0.77,4.645161290322581,1.7489779667580645
Kodagu (Madikeri),2006,11,12.42,75.73,58.89254202693701,0.501,0.94,3.6333333333333333,1.1893461453333332
Kodagu (Madikeri),2006,12,12.42,75.73,1.2452672719955444,0.172,0.94,3.2903225806451615,1.4631380310096773
Kodagu (Madikeri),2007,1,12.42,75.73,0.0,0.225,0.66,5.935483870967742,1.2701261521580645
Kodagu (Madikeri),2007,2,12.42,75.73,0.0,0.15,0.22,4.357142857142857,1.1186876339285714
Kodagu (Madikeri),2007,3,12.42,75.73,0.0,0.115,-0.12,5.645161290322581,1.321150566451613
Kodagu (Madikeri),2007,4,12.42,75.73,43.0430329144001,0.1,-0.32,5.133333333333334,0.8067391546666667
Kodagu (Madikeri),2007,5,12.42,75.73,37.06961280107498,0.27,-0.38,4.741935483870968,1.2340057027322582
Kodagu (Madikeri),2007,6,12.42,75.73,510.02981373667717,0.031,-0.47,3.1333333333333333,1.3529915246666666
Kodagu (Madikeri),2007,7,12.42,75.73,708.7858943939209,0.045,-0.56,4.193548387096774,1.3795319935483872
Kodagu (Madikeri),2007,8,12.42,75.73,582.1988997459412,0.237,-0.81,2.5483870967741935,0.8762567774193548
Kodagu (Madikeri),2007,9,12.42,75.73,302.53437012434006,0.235,-1.07,4.533333333333333,1.1761283893333332
Kodagu (Madikeri),2007,10,12.42,75.73,244.2534382045269,0.068,-1.34,5.419354838709677,1.2009301141935484
Kodagu (Madikeri),2007,11,12.42,75.73,63.521729588508606,-0.023,-1.5,5.533333333333333,1.588934237
Kodagu (Madikeri),2007,12,12.42,75.73,1.6174037456512451,-0.227,-1.6,3.4838709677419355,2.0751771258064515
Kodagu (Madikeri),2008,1,12.42,75.73,0.0,0.115,-1.64,5.193548387096774,1.8184795248387096
Kodagu (Madikeri),2008,2,12.42,75.73,8.566700041294098,-0.072,-1.52,3.586206896551724,1.2379733358620688
Kodagu (Madikeri),2008,3,12.42,75.73,97.30760776996613,0.097,-1.29,2.870967741935484,1.8412203261290323
Kodagu (Madikeri),2008,4,12.42,75.73,7.131721571087837,-0.153,-1.01,4.966666666666667,0.8616907713333333
Kodagu (Madikeri),2008,5,12.42,75.73,26.909974575042725,0.179,-0.84,4.967741935483871,1.7237106374193547
Kodagu (Madikeri),2008,6,12.42,75.73,110.02814522385597,0.215,-0.61,4.666666666666667,0.953116955
Kodagu (Madikeri),2008,7,12.42,75.73,207.88322335481644,0.246,-0.37,2.3870967741935485,1.2312710548387096
Kodagu (Madikeri),2008,8,12.42,75.73,209.04977476596832,0.124,-0.23,2.3548387096774195,1.211697393548387
Kodagu (Madikeri),2008,9,12.42,75.73,87.55680158734322,0.086,-0.24,4.833333333333333,1.4465834003333333
Kodagu (Madikeri),2008,10,12.42,75.73,157.24081011861563,0.029,-0.35,3.3225806451612905,1.3736839277419355
Kodagu (Madikeri),2008,11,12.42,75.73,33.042816281318665,-0.128,-0.55,5.033333333333333,1.2276514546666666
Kodagu (Madikeri),2008,12,12.42,75.73,6.924532115459442,-0.053,-0.73,5.870967741935484,0.8991352851612903
Kodagu (Madikeri),2009,1,12.42,75.73,0.0,0.031,-0.85,5.258064516129032,1.3644628538709678
Kodagu (Madikeri),2009,2,12.42,75.73,0.0,0.163,-0.79,5.178571428571429,0.9907292532142857
Kodagu (Madikeri),2009,3,12.42,75.73,21.024744540452957,0.1,-0.61,6.096774193548387,1.1326078929032257
Kodagu (Madikeri),2009,4,12.42,75.73,43.50440335273743,0.126,-0.33,3.9,2.2441025066666667
Kodagu (Madikeri),2009,5,12.42,75.73,59.22768387198448,0.257,0.01,7.225806451612903,1.0808286461290324
Kodagu (Madikeri),2009,6,12.42,75.73,64.37742057442665,0.1,0.28,5.866666666666666,1.4584701413333332
Kodagu (Madikeri),2009,7,12.42,75.73,330.6343627870083,-0.192,0.45,3.838709677419355,0.6150665787096774
Kodagu (Madikeri),2009,8,12.42,75.73,101.314332857728,-0.104,0.58,2.935483870967742,1.12875141
Kodagu (Madikeri),2009,9,12.42,75.73,170.9702931344509,-0.103,0.71,4.033333333333333,1.6812911126666668
Kodagu (Madikeri),2009,10,12.42,75.73,48.01809111237526,-0.013,1.01,5.225806451612903,0.9675306593548387
Kodagu (Madikeri),2009,11,12.42,75.73,112.06433570384979,-0.067,1.36,3.7666666666666666,1.78102768
Kodagu (Madikeri),2009,12,12.42,75.73,25.27863085269928,0.16,1.56,5.096774193548387,1.2578152232258064
Kodagu (Madikeri),2010,1,12.42,75.73,1.811892420053482,0.294,1.5,4.967741935483871,1.289910690967742
Kodagu (Madikeri),2010,2,12.42,75.73,0.2971084415912628,0.023,1.22,7.107142857142857,1.3009368542857143
Kodagu (Madikeri),2010,3,12.42,75.73,5.9776710867881775,0.458,0.84,2.4516129032258065,1.229541595483871
Kodagu (Madikeri),2010,4,12.42,75.73,53.79447017610073,0.37,0.35,4.3,0.970552031
Kodagu (Madikeri),2010,5,12.42,75.73,60.24237443506718,-0.029,-0.17,4.032258064516129,1.3091519658064517
Kodagu (Madikeri),2010,6,12.42,75.73,177.0416007116437,-0.14,-0.66,1.7666666666666666,1.285590429
Kodagu (Madikeri),2010,7,12.42,75.73,391.58373572677374,-0.001,-1.05,2.4193548387096775,1.663601914516129
Kodagu (Madikeri),2010,8,12.42,75.73,205.25848510861397,-0.061,-1.35,2.967741935483871,0.747917844516129
Kodagu (Madikeri),2010,9,12.42,75.73,162.5519578307867,-0.267,-1.56,2.2,0.8091414173333332
Kodagu (Madikeri),2010,10,12.42,75.73,115.80257013440132,-0.437,-1.64,5.032258064516129,1.3724983983870966
Kodagu (Madikeri),2010,11,12.42,75.73,204.37215223908424,-0.495,-1.64,4.433333333333334,0.7180750344066666
Kodagu (Madikeri),2010,12,12.42,75.73,0.8144465088844299,-0.212,-1.54,5.129032258064516,0.9818622567741935
Kodagu (Madikeri),2011,1,12.42,75.73,0.27260127663612366,0.191,-1.31,5.967741935483871,1.5956191370967743
Kodagu (Madikeri),2011,2,12.42,75.73,10.781329244375229,0.241,-1.04,5.678571428571429,0.5124724357571429
Kodagu (Madikeri),2011,3,12.42,75.73,7.784021466970444,0.367,-0.8,4.645161290322581,1.117857366129032
Kodagu (Madikeri),2011,4,12.42,75.73,88.34795853495598,0.154,-0.62,5.866666666666666,0.9413861176666667
Kodagu (Madikeri),2011,5,12.42,75.73,68.52968747913837,-0.089,-0.46,6.129032258064516,1.5436429977419355
Kodagu (Madikeri),2011,6,12.42,75.73,715.717502951622,0.055,-0.37,3.7333333333333334,0.6791252076666666
Kodagu (Madikeri),2011,7,12.42,75.73,809.6512048244476,0.223,-0.43,3.7096774193548385,1.0109919648387098
Kodagu (Madikeri),2011,8,12.42,75.73,795.4642497301102,0.344,-0.58,2.774193548387097,1.011544473516129
Kodagu (Madikeri),2011,9,12.42,75.73,477.7947286069393,0.202,-0.79,3.7,0.9066917783333334
Kodagu (Madikeri),2011,10,12.42,75.73,157.33755880594254,0.356,-0.96,4.129032258064516,1.8293501125806453
Kodagu (Madikeri),2011,11,12.42,75.73,64.06849122047424,0.336,-1.02,4.033333333333333,1.4278005003333334
Kodagu (Madikeri),2011,12,12.42,75.73,0.18173417448997498,-0.128,-0.92,4.483870967741935,1.388414425483871
Kodagu (Madikeri),2012,1,12.42,75.73,0.0,0.046,-0.72,5.774193548387097,1.0838557522580645
Kodagu (Madikeri),2012,2,12.42,75.73,0.0,-0.078,-0.57,4.068965517241379,1.9624444827586207
Kodagu (Madikeri),2012,3,12.42,75.73,2.549656391143799,0.026,-0.46,5.161290322580645,2.275805190322581
Kodagu (Madikeri),2012,4,12.42,75.73,23.57751313596964,-0.271,-0.36,4.733333333333333,1.392764723
Kodagu (Madikeri),2012,5,12.42,75.73,69.59738028794527,-0.37,-0.17,5.838709677419355,0.508314344516129
Kodagu (Madikeri),2012,6,12.42,75.73,745.7856208086014,0.0,0.06,3.933333333333333,1.5851710730000002
Kodagu (Madikeri),2012,7,12.42,75.73,504.65307983756065,0.546,0.3,3.2580645161290325,1.0006735025806452
Kodagu (Madikeri),2012,8,12.42,75.73,679.6537793278694,0.652,0.41,3.3548387096774195,1.4237936377419356
Kodagu (Madikeri),2012,9,12.42,75.73,326.6489535421133,0.453,0.41,4.366666666666666,1.1895103533333333
Kodagu (Madikeri),2012,10,12.42,75.73,101.29581078886986,0.11,0.31,3.064516129032258,1.05932045
Kodagu (Madikeri),2012,11,12.42,75.73,156.19843137264252,-0.099,0.13,4.6,0.7542804866666667
Kodagu (Madikeri),2012,12,12.42,75.73,12.697829842567444,0.267,-0.1,2.4516129032258065,0.8817284803225806
Kodagu (Madikeri),2013,1,12.42,75.73,0.0,-0.065,-0.29,6.064516129032258,1.989185853870968
Kodagu (Madikeri),2013,2,12.42,75.73,19.83037020266056,0.189,-0.29,3.392857142857143,1.6343154739285715
Kodagu (Madikeri),2013,3,12.42,75.73,104.90384216606617,0.083,-0.21,5.225806451612903,1.208878878064516
Kodagu (Madikeri),2013,4,12.42,75.73,11.323679774999619,-0.297,-0.19,5.133333333333334,0.9100850366666666
Kodagu (Madikeri),2013,5,12.42,75.73,72.55669527500868,-0.506,-0.27,3.935483870967742,1.196817595483871
Kodagu (Madikeri),2013,6,12.42,75.73,302.68911431729794,-0.497,-0.34,4.366666666666666,1.2253081406666666
Kodagu (Madikeri),2013,7,12.42,75.73,633.911635518074,-0.181,-0.35,3.5806451612903225,0.8870305335483871
Kodagu (Madikeri),2013,8,12.42,75.73,236.57804064452648,-0.194,-0.28,5.806451612903226,0.912353013548387
Kodagu (Madikeri),2013,9,12.42,75.73,118.9044482409954,-0.31,-0.21,3.7666666666666666,1.5937026506666667
Kodagu (Madikeri),2013,10,12.42,75.73,92.37096405029297,-0.168,-0.13,5.161290322580645,0.8202488128741936
Kodagu (Madikeri),2013,11,12.42,75.73,39.24119461327791,0.199,-0.1,3.2,0.6853039573333334
Kodagu (Madikeri),2013,12,12.42,75.73,1.7070610523223877,0.141,-0.15,3.870967741935484,1.0410569158064515
Kodagu (Madikeri),2014,1,12.42,75.73,0.13184235990047455,-0.101,-0.28,5.741935483870968,1.1766352048387096
Kodagu (Madikeri),2014,2,12.42,75.73,0.0,-0.089,-0.32,5.857142857142857,1.4348881625
Kodagu (Madikeri),2014,3,12.42,75.73,6.395404517650604,-0.151,-0.14,3.6129032258064515,1.5816916796774194
Kodagu (Madikeri),2014,4,12.42,75.73,37.89165173470974,-0.058,0.15,5.533333333333333,1.3192271676666667
Kodagu (Madikeri),2014,5,12.42,75.73,169.515862762928,-0.092,0.31,2.3225806451612905,1.4339224977419354
Kodagu (Madikeri),2014,6,12.42,75.73,134.8145344182849,-0.028,0.23,4.433333333333334,1.108679051
Kodagu (Madikeri),2014,7,12.42,75.73,410.6027835905552,-0.363,0.1,5.806451612903226,1.1528067432258065
Kodagu (Madikeri),2014,8,12.42,75.73,250.67731276154518,-0.372,0.11,1.7096774193548387,1.2150309538709676
Kodagu (Madikeri),2014,9,12.42,75.73,223.46593728661537,-0.145,0.28,4.333333333333333,0.649377995
Kodagu (Madikeri),2014,10,12.42,75.73,87.22671214491129,0.141,0.54,3.7096774193548385,0.9880874900000001
Kodagu (Madikeri),2014,11,12.42,75.73,5.379398614168167,0.009,0.71,2.933333333333333,1.4682012086666667
Kodagu (Madikeri),2014,12,12.42,75.73,25.164547950029373,0.046,0.77,4.741935483870968,1.3856411206451613
Kodagu (Madikeri),2015,1,12.42,75.73,0.0,-0.1,0.69,6.193548387096774,1.595519382903226
Kodagu (Madikeri),2015,2,12.42,75.73,0.0,-0.345,0.61,6.464285714285714,0.8730502682142857
Kodagu (Madikeri),2015,3,12.42,75.73,30.727750301361084,-0.241,0.65,5.161290322580645,2.5235438870967744
Kodagu (Madikeri),2015,4,12.42,75.73,98.13333590328693,-0.008,0.81,3.466666666666667,0.9544394936666667
Kodagu (Madikeri),2015,5,12.42,75.73,128.6061216443777,0.24,1.02,5.096774193548387,0.7510026245161291
Kodagu (Madikeri),2015,6,12.42,75.73,513.3478316068649,0.296,1.25,3.433333333333333,1.9929203833333333
Kodagu (Madikeri),2015,7,12.42,75.73,244.29450330883265,0.225,1.57,4.451612903225806,1.837990334516129
Kodagu (Madikeri),2015,8,12.42,75.73,225.9897544682026,0.568,1.91,5.870967741935484,0.8428048241935484
Kodagu (Madikeri),2015,9,12.42,75.73,235.6198663264513,0.294,2.21,4.7,0.62977513528
Kodagu (Madikeri),2015,10,12.42,75.73,75.39471733570099,0.482,2.47,4.935483870967742,1.5348366948387098
Kodagu (Madikeri),2015,11,12.42,75.73,93.48552215099335,0.347,2.64,2.6666666666666665,1.8664467500000002
Kodagu (Madikeri),2015,12,12.42,75.73,11.835510239005089,0.272,2.75,4.419354838709677,1.905701525483871
Kodagu (Madikeri),2016,1,12.42,75.73,0.16258567571640015,0.265,2.63,4.548387096774194,1.397440465735484
Kodagu (Madikeri),2016,2,12.42,75.73,2.217331886291504,-0.11,2.28,5.586206896551724,2.0595920172413793
Kodagu (Madikeri),2016,3,12.42,75.73,0.1083904504776001,-0.008,1.71,5.387096774193548,1.2421979758064514
Kodagu (Madikeri),2016,4,12.42,75.73,14.8044793009758,0.146,1.05,3.433333333333333,0.6606036036666667
Kodagu (Madikeri),2016,5,12.42,75.73,107.2762023806572,-0.113,0.49,2.935483870967742,1.3503781812903226
Kodagu (Madikeri),2016,6,12.42,75.73,364.72290836274624,-0.443,0.0,4.166666666666667,1.5598082686666668
Kodagu (Madikeri),2016,7,12.42,75.73,317.8769550770521,-0.757,-0.31,3.129032258064516,1.0086871877419354
Kodagu (Madikeri),2016,8,12.42,75.73,135.90634013712406,-0.443,-0.5,5.709677419354839,1.3634238690322582
Kodagu (Madikeri),2016,9,12.42,75.73,79.40359678864479,-0.437,-0.58,4.233333333333333,0.9987363606666667
Kodagu (Madikeri),2016,10,12.42,75.73,19.566008657217026,-0.371,-0.64,5.645161290322581,0.6798959190322581
Kodagu (Madikeri),2016,11,12.42,75.73,17.614399433135986,-0.382,-0.6,4.366666666666666,1.4056047909999998
Kodagu (Madikeri),2016,12,12.42,75.73,46.40240839123726,-0.31,-0.45,4.451612903225806,0.6025583080645162
Kodagu (Madikeri),2017,1,12.42,75.73,61.70711596310139,-0.086,-0.19,3.7096774193548385,1.2075865980645162
Kodagu (Madikeri),2017,2,12.42,75.73,0.0,0.101,-0.02,4.607142857142857,2.432161792857143
Kodagu (Madikeri),2017,3,12.42,75.73,10.184512585401535,0.357,0.18,3.6774193548387095,0.7525501162903225
Kodagu (Madikeri),2017,4,12.42,75.73,112.46462640166283,0.498,0.31,6.7,0.7843319514433333
Kodagu (Madikeri),2017,5,12.42,75.73,155.27187007665634,0.536,0.4,4.193548387096774,1.3503042366709677
Kodagu (Madikeri),2017,6,12.42,75.73,205.84638552367687,0.424,0.39,2.433333333333333,1.010765505
Kodagu (Madikeri),2017,7,12.42,75.73,286.51363587379456,0.52,0.19,3.6774193548387095,1.0194311058064516
Kodagu (Madikeri),2017,8,12.42,75.73,394.37176755070686,0.349,-0.07,4.193548387096774,0.560064344016129
Kodagu (Madikeri),2017,9,12.42,75.73,258.17561107873917,0.035,-0.34,4.233333333333333,0.5864452456666667
Kodagu (Madikeri),2017,10,12.42,75.73,76.32874359190464,0.015,-0.6,5.354838709677419,2.0237151622580645
Kodagu (Madikeri),2017,11,12.42,75.73,10.002396583557129,0.289,-0.77,4.166666666666667,0.8390316453333334
Kodagu (Madikeri),2017,12,12.42,75.73,13.434519946575165,0.11,-0.86,5.258064516129032,1.455329965483871
Kodagu (Madikeri),2018,1,12.42,75.73,0.0,-0.2,-0.77,3.5806451612903225,2.2438225967741934
Kodagu (Madikeri),2018,2,12.42,75.73,2.490260526537895,0.216,-0.71,5.5,2.449217742857143
Kodagu (Madikeri),2018,3,12.42,75.73,50.84998208284378,-0.12,-0.57,4.161290322580645,1.1359975419354837
Kodagu (Madikeri),2018,4,12.42,75.73,88.99507939815521,-0.083,-0.39,4.433333333333334,1.4919827436666668
Kodagu (Madikeri),2018,5,12.42,75.73,265.72622299194336,0.122,-0.13,3.096774193548387,1.7735262777419354
Kodagu (Madikeri),2018,6,12.42,75.73,454.64358949661255,0.155,0.06,3.433333333333333,1.099695321
Kodagu (Madikeri),2018,7,12.42,75.73,774.1977480947971,0.053,0.14,4.967741935483871,1.4670566325806451
Kodagu (Madikeri),2018,8,12.42,75.73,847.0607326030731,0.121,0.27,5.419354838709677,1.1604823280645162
Kodagu (Madikeri),2018,9,12.42,75.73,142.26259830594063,0.604,0.53,6.6,1.0746740603333333
Kodagu (Madikeri),2018,10,12.42,75.73,135.11183816194534,0.684,0.81,4.129032258064516,1.372201460967742
Kodagu (Madikeri),2018,11,12.42,75.73,4.387573838233948,0.5,0.97,4.666666666666667,1.3713922473333333
Kodagu (Madikeri),2018,12,12.42,75.73,3.0763156414031982,0.309,0.92,3.838709677419355,2.266200470967742
Kodagu (Madikeri),2019,1,12.42,75.73,0.0,0.387,0.89,5.709677419354839,1.75703085
Kodagu (Madikeri),2019,2,12.42,75.73,4.12241829931736,0.416,0.86,6.142857142857143,1.7487797142857142
Kodagu (Madikeri),2019,3,12.42,75.73,6.043793082237244,0.225,0.84,4.064516129032258,1.1146516216129032
Kodagu (Madikeri),2019,4,12.42,75.73,70.64154839515686,0.258,0.77,3.7333333333333334,1.0698441273333332
Kodagu (Madikeri),2019,5,12.42,75.73,63.91481024026871,0.54,0.64,6.096774193548387,1.854505129032258
Kodagu (Madikeri),2019,6,12.42,75.73,118.89166024327278,0.605,0.52,4.566666666666666,1.3048570076666666
Kodagu (Madikeri),2019,7,12.42,75.73,246.29669769108295,0.597,0.33,2.3548387096774195,0.8737279109677419
Kodagu (Madikeri),2019,8,12.42,75.73,621.6052204966545,0.436,0.19,4.129032258064516,0.9542141777419355
Kodagu (Madikeri),2019,9,12.42,75.73,226.366586714983,0.892,0.23,4.5,1.6799940163333333
Kodagu (Madikeri),2019,10,12.42,75.73,274.0674252510071,0.964,0.39,2.6774193548387095,1.5321089774193548
Kodagu (Madikeri),2019,11,12.42,75.73,61.63267493247986,0.835,0.58,4.7,1.5540973666666666
Kodagu (Madikeri),2019,12,12.42,75.73,22.763410359621048,0.243,0.66,3.7096774193548385,0.9795201067741935
Kodagu (Madikeri),2020,1,12.42,75.73,0.0,0.173,0.64,5.516129032258065,2.0013102467741937
Kodagu (Madikeri),2020,2,12.42,75.73,0.0,0.054,0.63,5.551724137931035,1.19141821
Kodagu (Madikeri),2020,3,12.42,75.73,10.611643612384796,0.019,0.53,3.7419354838709675,1.516898370967742
Kodagu (Madikeri),2020,4,12.42,75.73,68.95776572823524,-0.011,0.3,3.6666666666666665,1.6374265986666667
Kodagu (Madikeri),2020,5,12.42,75.73,100.27999806404114,0.298,0.01,4.451612903225806,1.1646890893548387
Kodagu (Madikeri),2020,6,12.42,75.73,164.64205537736416,0.455,-0.23,1.6,1.3547168013333333
Kodagu (Madikeri),2020,7,12.42,75.73,157.82913890480995,0.319,-0.36,2.0,1.5012130690322583
Kodagu (Madikeri),2020,8,12.42,75.73,342.2592292279005,-0.183,-0.53,4.516129032258065,1.5708076487096774
Kodagu (Madikeri),2020,9,12.42,75.73,273.3849911093712,-0.189,-0.85,4.166666666666667,1.1078213236666665
Kodagu (Madikeri),2020,10,12.42,75.73,96.77008053660393,0.074,-1.12,5.032258064516129,1.8443815480645163
Kodagu (Madikeri),2020,11,12.42,75.73,16.575290977954865,0.02,-1.2,4.533333333333333,1.0659901883333334
Kodagu (Madikeri),2020,12,12.42,75.73,9.223214328289032,0.031,-1.08,4.709677419354839,0.8462182629741936
Kodagu (Madikeri),2021,1,12.42,75.73,41.81081509590149,0.051,-0.91,4.483870967741935,1.3812992767741936
Kodagu (Madikeri),2021,2,12.42,75.73,37.554615795612335,0.243,-0.79,6.357142857142857,1.7109776275000002
Kodagu (Madikeri),2021,3,12.42,75.73,7.602280139923096,0.267,-0.71,4.032258064516129,1.1486161170967741
Kodagu (Madikeri),2021,4,12.42,75.73,125.38775771856308,0.25,-0.55,6.7,2.1312086966666666
Kodagu (Madikeri),2021,5,12.42,75.73,155.669090077281,0.009,-0.39,3.6451612903225805,1.6188268058064517
Kodagu (Madikeri),2021,6,12.42,75.73,195.6481449007988,-0.002,-0.3,3.033333333333333,1.2543668813333333
Kodagu (Madikeri),2021,7,12.42,75.73,468.4603897333145,-0.229,-0.35,4.193548387096774,1.2697446645161292
Kodagu (Madikeri),2021,8,12.42,75.73,185.82075367867947,-0.099,-0.45,3.0,1.3328496390322582
Kodagu (Madikeri),2021,9,12.42,75.73,150.62255173176527,-0.058,-0.63,3.4,1.16716908
Kodagu (Madikeri),2021,10,12.42,75.73,255.23863643407822,-0.091,-0.76,3.5161290322580645,1.1958632022580646
Kodagu (Madikeri),2021,11,12.42,75.73,176.92944268137217,0.069,-0.91,3.7333333333333334,1.0642061103333333
Kodagu (Madikeri),2021,12,12.42,75.73,8.412814900279045,-0.12,-0.87,6.451612903225806,2.068191648387097
Kodagu (Madikeri),2022,1,12.42,75.73,0.0,-0.056,-0.82,6.838709677419355,1.1541269361290323
Kodagu (Madikeri),2022,2,12.42,75.73,0.0,-0.082,-0.79,3.142857142857143,1.2939472457142858
Kodagu (Madikeri),2022,3,12.42,75.73,9.03866320848465,-0.093,-0.86,3.064516129032258,1.0719917463806452
Kodagu (Madikeri),2022,4,12.42,75.73,95.59410834312439,-0.068,-0.95,3.5,0.6809799073333332
Kodagu (Madikeri),2022,5,12.42,75.73,241.02772329747677,-0.122,-0.9,4.67741935483871,1.2369349422580647
Kodagu (Madikeri),2022,6,12.42,75.73,90.19584141671658,-0.335,-0.78,2.7333333333333334,1.7460144566666667
Kodagu (Madikeri),2022,7,12.42,75.73,554.0696582943201,-0.195,-0.76,3.096774193548387,0.9906527754838709
Kodagu (Madikeri),2022,8,12.42,75.73,375.68101201206446,-0.246,-0.87,3.3870967741935485,0.9623516609677419
Kodagu (Madikeri),2022,9,12.42,75.73,149.6633176803589,-0.322,-0.97,4.566666666666666,0.45954351401
Kodagu (Madikeri),2022,10,12.42,75.73,186.27302673459053,-0.691,-0.94,5.387096774193548,1.5040083503225805
Kodagu (Madikeri),2022,11,12.42,75.73,59.72280753403902,-0.269,-0.85,5.966666666666667,1.2876559716666667
Kodagu (Madikeri),2022,12,12.42,75.73,59.237280189991,-0.091,-0.71,4.161290322580645,1.0273198254935483
Kodagu (Madikeri),2023,1,12.42,75.73,9.941245079040527,0.11,-0.54,5.32258064516129,1.3139867793548388
Kodagu (Madikeri),2023,2,12.42,75.73,0.0,0.157,-0.29,5.571428571428571,1.642928577857143
Kodagu (Madikeri),2023,3,12.42,75.73,0.0,0.414,-0.02,4.548387096774194,2.51316421
Kodagu (Madikeri),2023,4,12.42,75.73,56.992663130164146,0.56,0.27,5.133333333333334,1.690960304
Kodagu (Madikeri),2023,5,12.42,75.73,86.11472096294165,0.443,0.57,6.064516129032258,1.6563232422580645
Kodagu (Madikeri),2023,6,12.42,75.73,36.9318877980113,0.665,0.84,3.066666666666667,1.1452140906
Kodagu (Madikeri),2023,7,12.42,75.73,502.014891654253,0.498,1.12,4.225806451612903,0.7976125261290323
Kodagu (Madikeri),2023,8,12.42,75.73,54.94933528825641,0.826,1.37,6.32258064516129,0.9138732870967742
Kodagu (Madikeri),2023,9,12.42,75.73,97.65130998939276,0.946,1.6,3.533333333333333,0.8482362092433333
Kodagu (Madikeri),2023,10,12.42,75.73,151.88779973983765,0.804,1.83,4.419354838709677,1.3481443029032258
Kodagu (Madikeri),2023,11,12.42,75.73,87.31337407231331,0.92,1.99,3.3,1.3793660156666665
Kodagu (Madikeri),2023,12,12.42,75.73,3.429680585861206,0.852,2.06,4.193548387096774,1.5088745183870966
